{"columns":{"s_acctbal":{"histogram":{"ndv":0},"cm_sketch":null,"fm_sketch":null,"stats_ver":0,"null_count":0,"tot_col_size":0,"last_update_version":0,"correlation":0},"s_address":{"histogram":{"ndv":0},"cm_sketch":null,"fm_sketch":null,"stats_ver":0,"null_count":0,"tot_col_size":0,"last_update_version":0,"correlation":0},"s_comment":{"histogram":{"ndv":0},"cm_sketch":null,"fm_sketch":null,"stats_ver":0,"null_count":0,"tot_col_size":0,"last_update_version":0,"correlation":0},"s_name":{"histogram":{"ndv":0},"cm_sketch":null,"fm_sketch":null,"stats_ver":0,"null_count":0,"tot_col_size":0,"last_update_version":0,"correlation":0},"s_nationkey":{"histogram":{"ndv":0},"cm_sketch":null,"fm_sketch":null,"stats_ver":0,"null_count":0,"tot_col_size":0,"last_update_version":0,"correlation":0},"s_phone":{"histogram":{"ndv":0},"cm_sketch":null,"fm_sketch":null,"stats_ver":0,"null_count":0,"tot_col_size":0,"last_update_version":0,"correlation":0},"s_suppkey":{"histogram":{"ndv":10000,"buckets":[{"count":40,"lower_bound":"MQ==","upper_bound":"NDA=","repeats":1,"ndv":0},{"count":80,"lower_bound":"NDE=","upper_bound":"ODA=","repeats":1,"ndv":0},{"count":120,"lower_bound":"ODE=","upper_bound":"MTIw","repeats":1,"ndv":0},{"count":160,"lower_bound":"MTIx","upper_bound":"MTYw","repeats":1,"ndv":0},{"count":200,"lower_bound":"MTYx","upper_bound":"MjAw","repeats":1,"ndv":0},{"count":240,"lower_bound":"MjAx","upper_bound":"MjQw","repeats":1,"ndv":0},{"count":280,"lower_bound":"MjQx","upper_bound":"Mjgw","repeats":1,"ndv":0},{"count":320,"lower_bound":"Mjgx","upper_bound":"MzIw","repeats":1,"ndv":0},{"count":360,"lower_bound":"MzIx","upper_bound":"MzYw","repeats":1,"ndv":0},{"count":400,"lower_bound":"MzYx","upper_bound":"NDAw","repeats":1,"ndv":0},{"count":440,"lower_bound":"NDAx","upper_bound":"NDQw","repeats":1,"ndv":0},{"count":480,"lower_bound":"NDQx","upper_bound":"NDgw","repeats":1,"ndv":0},{"count":520,"lower_bound":"NDgx","upper_bound":"NTIw","repeats":1,"ndv":0},{"count":560,"lower_bound":"NTIx","upper_bound":"NTYw","repeats":1,"ndv":0},{"count":600,"lower_bound":"NTYx","upper_bound":"NjAw","repeats":1,"ndv":0},{"count":640,"lower_bound":"NjAx","upper_bound":"NjQw","repeats":1,"ndv":0},{"count":680,"lower_bound":"NjQx","upper_bound":"Njgw","repeats":1,"ndv":0},{"count":720,"lower_bound":"Njgx","upper_bound":"NzIw","repeats":1,"ndv":0},{"count":760,"lower_bound":"NzIx","upper_bound":"NzYw","repeats":1,"ndv":0},{"count":800,"lower_bound":"NzYx","upper_bound":"ODAw","repeats":1,"ndv":0},{"count":840,"lower_bound":"ODAx","upper_bound":"ODQw","repeats":1,"ndv":0},{"count":880,"lower_bound":"ODQx","upper_bound":"ODgw","repeats":1,"ndv":0},{"count":920,"lower_bound":"ODgx","upper_bound":"OTIw","repeats":1,"ndv":0},{"count":960,"lower_bound":"OTIx","upper_bound":"OTYw","repeats":1,"ndv":0},{"count":1000,"lower_bound":"OTYx","upper_bound":"MTAwMA==","repeats":1,"ndv":0},{"count":1040,"lower_bound":"MTAwMQ==","upper_bound":"MTA0MA==","repeats":1,"ndv":0},{"count":1080,"lower_bound":"MTA0MQ==","upper_bound":"MTA4MA==","repeats":1,"ndv":0},{"count":1120,"lower_bound":"MTA4MQ==","upper_bound":"MTEyMA==","repeats":1,"ndv":0},{"count":1160,"lower_bound":"MTEyMQ==","upper_bound":"MTE2MA==","repeats":1,"ndv":0},{"count":1200,"lower_bound":"MTE2MQ==","upper_bound":"MTIwMA==","repeats":1,"ndv":0},{"count":1240,"lower_bound":"MTIwMQ==","upper_bound":"MTI0MA==","repeats":1,"ndv":0},{"count":1280,"lower_bound":"MTI0MQ==","upper_bound":"MTI4MA==","repeats":1,"ndv":0},{"count":1320,"lower_bound":"MTI4MQ==","upper_bound":"MTMyMA==","repeats":1,"ndv":0},{"count":1360,"lower_bound":"MTMyMQ==","upper_bound":"MTM2MA==","repeats":1,"ndv":0},{"count":1400,"lower_bound":"MTM2MQ==","upper_bound":"MTQwMA==","repeats":1,"ndv":0},{"count":1440,"lower_bound":"MTQwMQ==","upper_bound":"MTQ0MA==","repeats":1,"ndv":0},{"count":1480,"lower_bound":"MTQ0MQ==","upper_bound":"MTQ4MA==","repeats":1,"ndv":0},{"count":1520,"lower_bound":"MTQ4MQ==","upper_bound":"MTUyMA==","repeats":1,"ndv":0},{"count":1560,"lower_bound":"MTUyMQ==","upper_bound":"MTU2MA==","repeats":1,"ndv":0},{"count":1600,"lower_bound":"MTU2MQ==","upper_bound":"MTYwMA==","repeats":1,"ndv":0},{"count":1640,"lower_bound":"MTYwMQ==","upper_bound":"MTY0MA==","repeats":1,"ndv":0},{"count":1680,"lower_bound":"MTY0MQ==","upper_bound":"MTY4MA==","repeats":1,"ndv":0},{"count":1720,"lower_bound":"MTY4MQ==","upper_bound":"MTcyMA==","repeats":1,"ndv":0},{"count":1760,"lower_bound":"MTcyMQ==","upper_bound":"MTc2MA==","repeats":1,"ndv":0},{"count":1800,"lower_bound":"MTc2MQ==","upper_bound":"MTgwMA==","repeats":1,"ndv":0},{"count":1840,"lower_bound":"MTgwMQ==","upper_bound":"MTg0MA==","repeats":1,"ndv":0},{"count":1880,"lower_bound":"MTg0MQ==","upper_bound":"MTg4MA==","repeats":1,"ndv":0},{"count":1920,"lower_bound":"MTg4MQ==","upper_bound":"MTkyMA==","repeats":1,"ndv":0},{"count":1960,"lower_bound":"MTkyMQ==","upper_bound":"MTk2MA==","repeats":1,"ndv":0},{"count":2000,"lower_bound":"MTk2MQ==","upper_bound":"MjAwMA==","repeats":1,"ndv":0},{"count":2040,"lower_bound":"MjAwMQ==","upper_bound":"MjA0MA==","repeats":1,"ndv":0},{"count":2080,"lower_bound":"MjA0MQ==","upper_bound":"MjA4MA==","repeats":1,"ndv":0},{"count":2120,"lower_bound":"MjA4MQ==","upper_bound":"MjEyMA==","repeats":1,"ndv":0},{"count":2160,"lower_bound":"MjEyMQ==","upper_bound":"MjE2MA==","repeats":1,"ndv":0},{"count":2200,"lower_bound":"MjE2MQ==","upper_bound":"MjIwMA==","repeats":1,"ndv":0},{"count":2240,"lower_bound":"MjIwMQ==","upper_bound":"MjI0MA==","repeats":1,"ndv":0},{"count":2280,"lower_bound":"MjI0MQ==","upper_bound":"MjI4MA==","repeats":1,"ndv":0},{"count":2320,"lower_bound":"MjI4MQ==","upper_bound":"MjMyMA==","repeats":1,"ndv":0},{"count":2360,"lower_bound":"MjMyMQ==","upper_bound":"MjM2MA==","repeats":1,"ndv":0},{"count":2400,"lower_bound":"MjM2MQ==","upper_bound":"MjQwMA==","repeats":1,"ndv":0},{"count":2440,"lower_bound":"MjQwMQ==","upper_bound":"MjQ0MA==","repeats":1,"ndv":0},{"count":2480,"lower_bound":"MjQ0MQ==","upper_bound":"MjQ4MA==","repeats":1,"ndv":0},{"count":2520,"lower_bound":"MjQ4MQ==","upper_bound":"MjUyMA==","repeats":1,"ndv":0},{"count":2560,"lower_bound":"MjUyMQ==","upper_bound":"MjU2MA==","repeats":1,"ndv":0},{"count":2600,"lower_bound":"MjU2MQ==","upper_bound":"MjYwMA==","repeats":1,"ndv":0},{"count":2640,"lower_bound":"MjYwMQ==","upper_bound":"MjY0MA==","repeats":1,"ndv":0},{"count":2680,"lower_bound":"MjY0MQ==","upper_bound":"MjY4MA==","repeats":1,"ndv":0},{"count":2720,"lower_bound":"MjY4MQ==","upper_bound":"MjcyMA==","repeats":1,"ndv":0},{"count":2760,"lower_bound":"MjcyMQ==","upper_bound":"Mjc2MA==","repeats":1,"ndv":0},{"count":2800,"lower_bound":"Mjc2MQ==","upper_bound":"MjgwMA==","repeats":1,"ndv":0},{"count":2840,"lower_bound":"MjgwMQ==","upper_bound":"Mjg0MA==","repeats":1,"ndv":0},{"count":2880,"lower_bound":"Mjg0MQ==","upper_bound":"Mjg4MA==","repeats":1,"ndv":0},{"count":2920,"lower_bound":"Mjg4MQ==","upper_bound":"MjkyMA==","repeats":1,"ndv":0},{"count":2960,"lower_bound":"MjkyMQ==","upper_bound":"Mjk2MA==","repeats":1,"ndv":0},{"count":3000,"lower_bound":"Mjk2MQ==","upper_bound":"MzAwMA==","repeats":1,"ndv":0},{"count":3040,"lower_bound":"MzAwMQ==","upper_bound":"MzA0MA==","repeats":1,"ndv":0},{"count":3080,"lower_bound":"MzA0MQ==","upper_bound":"MzA4MA==","repeats":1,"ndv":0},{"count":3120,"lower_bound":"MzA4MQ==","upper_bound":"MzEyMA==","repeats":1,"ndv":0},{"count":3160,"lower_bound":"MzEyMQ==","upper_bound":"MzE2MA==","repeats":1,"ndv":0},{"count":3200,"lower_bound":"MzE2MQ==","upper_bound":"MzIwMA==","repeats":1,"ndv":0},{"count":3240,"lower_bound":"MzIwMQ==","upper_bound":"MzI0MA==","repeats":1,"ndv":0},{"count":3280,"lower_bound":"MzI0MQ==","upper_bound":"MzI4MA==","repeats":1,"ndv":0},{"count":3320,"lower_bound":"MzI4MQ==","upper_bound":"MzMyMA==","repeats":1,"ndv":0},{"count":3360,"lower_bound":"MzMyMQ==","upper_bound":"MzM2MA==","repeats":1,"ndv":0},{"count":3400,"lower_bound":"MzM2MQ==","upper_bound":"MzQwMA==","repeats":1,"ndv":0},{"count":3440,"lower_bound":"MzQwMQ==","upper_bound":"MzQ0MA==","repeats":1,"ndv":0},{"count":3480,"lower_bound":"MzQ0MQ==","upper_bound":"MzQ4MA==","repeats":1,"ndv":0},{"count":3520,"lower_bound":"MzQ4MQ==","upper_bound":"MzUyMA==","repeats":1,"ndv":0},{"count":3560,"lower_bound":"MzUyMQ==","upper_bound":"MzU2MA==","repeats":1,"ndv":0},{"count":3600,"lower_bound":"MzU2MQ==","upper_bound":"MzYwMA==","repeats":1,"ndv":0},{"count":3640,"lower_bound":"MzYwMQ==","upper_bound":"MzY0MA==","repeats":1,"ndv":0},{"count":3680,"lower_bound":"MzY0MQ==","upper_bound":"MzY4MA==","repeats":1,"ndv":0},{"count":3720,"lower_bound":"MzY4MQ==","upper_bound":"MzcyMA==","repeats":1,"ndv":0},{"count":3760,"lower_bound":"MzcyMQ==","upper_bound":"Mzc2MA==","repeats":1,"ndv":0},{"count":3800,"lower_bound":"Mzc2MQ==","upper_bound":"MzgwMA==","repeats":1,"ndv":0},{"count":3840,"lower_bound":"MzgwMQ==","upper_bound":"Mzg0MA==","repeats":1,"ndv":0},{"count":3880,"lower_bound":"Mzg0MQ==","upper_bound":"Mzg4MA==","repeats":1,"ndv":0},{"count":3920,"lower_bound":"Mzg4MQ==","upper_bound":"MzkyMA==","repeats":1,"ndv":0},{"count":3960,"lower_bound":"MzkyMQ==","upper_bound":"Mzk2MA==","repeats":1,"ndv":0},{"count":4000,"lower_bound":"Mzk2MQ==","upper_bound":"NDAwMA==","repeats":1,"ndv":0},{"count":4040,"lower_bound":"NDAwMQ==","upper_bound":"NDA0MA==","repeats":1,"ndv":0},{"count":4080,"lower_bound":"NDA0MQ==","upper_bound":"NDA4MA==","repeats":1,"ndv":0},{"count":4120,"lower_bound":"NDA4MQ==","upper_bound":"NDEyMA==","repeats":1,"ndv":0},{"count":4160,"lower_bound":"NDEyMQ==","upper_bound":"NDE2MA==","repeats":1,"ndv":0},{"count":4200,"lower_bound":"NDE2MQ==","upper_bound":"NDIwMA==","repeats":1,"ndv":0},{"count":4240,"lower_bound":"NDIwMQ==","upper_bound":"NDI0MA==","repeats":1,"ndv":0},{"count":4280,"lower_bound":"NDI0MQ==","upper_bound":"NDI4MA==","repeats":1,"ndv":0},{"count":4320,"lower_bound":"NDI4MQ==","upper_bound":"NDMyMA==","repeats":1,"ndv":0},{"count":4360,"lower_bound":"NDMyMQ==","upper_bound":"NDM2MA==","repeats":1,"ndv":0},{"count":4400,"lower_bound":"NDM2MQ==","upper_bound":"NDQwMA==","repeats":1,"ndv":0},{"count":4440,"lower_bound":"NDQwMQ==","upper_bound":"NDQ0MA==","repeats":1,"ndv":0},{"count":4480,"lower_bound":"NDQ0MQ==","upper_bound":"NDQ4MA==","repeats":1,"ndv":0},{"count":4520,"lower_bound":"NDQ4MQ==","upper_bound":"NDUyMA==","repeats":1,"ndv":0},{"count":4560,"lower_bound":"NDUyMQ==","upper_bound":"NDU2MA==","repeats":1,"ndv":0},{"count":4600,"lower_bound":"NDU2MQ==","upper_bound":"NDYwMA==","repeats":1,"ndv":0},{"count":4640,"lower_bound":"NDYwMQ==","upper_bound":"NDY0MA==","repeats":1,"ndv":0},{"count":4680,"lower_bound":"NDY0MQ==","upper_bound":"NDY4MA==","repeats":1,"ndv":0},{"count":4720,"lower_bound":"NDY4MQ==","upper_bound":"NDcyMA==","repeats":1,"ndv":0},{"count":4760,"lower_bound":"NDcyMQ==","upper_bound":"NDc2MA==","repeats":1,"ndv":0},{"count":4800,"lower_bound":"NDc2MQ==","upper_bound":"NDgwMA==","repeats":1,"ndv":0},{"count":4840,"lower_bound":"NDgwMQ==","upper_bound":"NDg0MA==","repeats":1,"ndv":0},{"count":4880,"lower_bound":"NDg0MQ==","upper_bound":"NDg4MA==","repeats":1,"ndv":0},{"count":4920,"lower_bound":"NDg4MQ==","upper_bound":"NDkyMA==","repeats":1,"ndv":0},{"count":4960,"lower_bound":"NDkyMQ==","upper_bound":"NDk2MA==","repeats":1,"ndv":0},{"count":5000,"lower_bound":"NDk2MQ==","upper_bound":"NTAwMA==","repeats":1,"ndv":0},{"count":5040,"lower_bound":"NTAwMQ==","upper_bound":"NTA0MA==","repeats":1,"ndv":0},{"count":5080,"lower_bound":"NTA0MQ==","upper_bound":"NTA4MA==","repeats":1,"ndv":0},{"count":5120,"lower_bound":"NTA4MQ==","upper_bound":"NTEyMA==","repeats":1,"ndv":0},{"count":5160,"lower_bound":"NTEyMQ==","upper_bound":"NTE2MA==","repeats":1,"ndv":0},{"count":5200,"lower_bound":"NTE2MQ==","upper_bound":"NTIwMA==","repeats":1,"ndv":0},{"count":5240,"lower_bound":"NTIwMQ==","upper_bound":"NTI0MA==","repeats":1,"ndv":0},{"count":5280,"lower_bound":"NTI0MQ==","upper_bound":"NTI4MA==","repeats":1,"ndv":0},{"count":5320,"lower_bound":"NTI4MQ==","upper_bound":"NTMyMA==","repeats":1,"ndv":0},{"count":5360,"lower_bound":"NTMyMQ==","upper_bound":"NTM2MA==","repeats":1,"ndv":0},{"count":5400,"lower_bound":"NTM2MQ==","upper_bound":"NTQwMA==","repeats":1,"ndv":0},{"count":5440,"lower_bound":"NTQwMQ==","upper_bound":"NTQ0MA==","repeats":1,"ndv":0},{"count":5480,"lower_bound":"NTQ0MQ==","upper_bound":"NTQ4MA==","repeats":1,"ndv":0},{"count":5520,"lower_bound":"NTQ4MQ==","upper_bound":"NTUyMA==","repeats":1,"ndv":0},{"count":5560,"lower_bound":"NTUyMQ==","upper_bound":"NTU2MA==","repeats":1,"ndv":0},{"count":5600,"lower_bound":"NTU2MQ==","upper_bound":"NTYwMA==","repeats":1,"ndv":0},{"count":5640,"lower_bound":"NTYwMQ==","upper_bound":"NTY0MA==","repeats":1,"ndv":0},{"count":5680,"lower_bound":"NTY0MQ==","upper_bound":"NTY4MA==","repeats":1,"ndv":0},{"count":5720,"lower_bound":"NTY4MQ==","upper_bound":"NTcyMA==","repeats":1,"ndv":0},{"count":5760,"lower_bound":"NTcyMQ==","upper_bound":"NTc2MA==","repeats":1,"ndv":0},{"count":5800,"lower_bound":"NTc2MQ==","upper_bound":"NTgwMA==","repeats":1,"ndv":0},{"count":5840,"lower_bound":"NTgwMQ==","upper_bound":"NTg0MA==","repeats":1,"ndv":0},{"count":5880,"lower_bound":"NTg0MQ==","upper_bound":"NTg4MA==","repeats":1,"ndv":0},{"count":5920,"lower_bound":"NTg4MQ==","upper_bound":"NTkyMA==","repeats":1,"ndv":0},{"count":5960,"lower_bound":"NTkyMQ==","upper_bound":"NTk2MA==","repeats":1,"ndv":0},{"count":6000,"lower_bound":"NTk2MQ==","upper_bound":"NjAwMA==","repeats":1,"ndv":0},{"count":6040,"lower_bound":"NjAwMQ==","upper_bound":"NjA0MA==","repeats":1,"ndv":0},{"count":6080,"lower_bound":"NjA0MQ==","upper_bound":"NjA4MA==","repeats":1,"ndv":0},{"count":6120,"lower_bound":"NjA4MQ==","upper_bound":"NjEyMA==","repeats":1,"ndv":0},{"count":6160,"lower_bound":"NjEyMQ==","upper_bound":"NjE2MA==","repeats":1,"ndv":0},{"count":6200,"lower_bound":"NjE2MQ==","upper_bound":"NjIwMA==","repeats":1,"ndv":0},{"count":6240,"lower_bound":"NjIwMQ==","upper_bound":"NjI0MA==","repeats":1,"ndv":0},{"count":6280,"lower_bound":"NjI0MQ==","upper_bound":"NjI4MA==","repeats":1,"ndv":0},{"count":6320,"lower_bound":"NjI4MQ==","upper_bound":"NjMyMA==","repeats":1,"ndv":0},{"count":6360,"lower_bound":"NjMyMQ==","upper_bound":"NjM2MA==","repeats":1,"ndv":0},{"count":6400,"lower_bound":"NjM2MQ==","upper_bound":"NjQwMA==","repeats":1,"ndv":0},{"count":6440,"lower_bound":"NjQwMQ==","upper_bound":"NjQ0MA==","repeats":1,"ndv":0},{"count":6480,"lower_bound":"NjQ0MQ==","upper_bound":"NjQ4MA==","repeats":1,"ndv":0},{"count":6520,"lower_bound":"NjQ4MQ==","upper_bound":"NjUyMA==","repeats":1,"ndv":0},{"count":6560,"lower_bound":"NjUyMQ==","upper_bound":"NjU2MA==","repeats":1,"ndv":0},{"count":6600,"lower_bound":"NjU2MQ==","upper_bound":"NjYwMA==","repeats":1,"ndv":0},{"count":6640,"lower_bound":"NjYwMQ==","upper_bound":"NjY0MA==","repeats":1,"ndv":0},{"count":6680,"lower_bound":"NjY0MQ==","upper_bound":"NjY4MA==","repeats":1,"ndv":0},{"count":6720,"lower_bound":"NjY4MQ==","upper_bound":"NjcyMA==","repeats":1,"ndv":0},{"count":6760,"lower_bound":"NjcyMQ==","upper_bound":"Njc2MA==","repeats":1,"ndv":0},{"count":6800,"lower_bound":"Njc2MQ==","upper_bound":"NjgwMA==","repeats":1,"ndv":0},{"count":6840,"lower_bound":"NjgwMQ==","upper_bound":"Njg0MA==","repeats":1,"ndv":0},{"count":6880,"lower_bound":"Njg0MQ==","upper_bound":"Njg4MA==","repeats":1,"ndv":0},{"count":6920,"lower_bound":"Njg4MQ==","upper_bound":"NjkyMA==","repeats":1,"ndv":0},{"count":6960,"lower_bound":"NjkyMQ==","upper_bound":"Njk2MA==","repeats":1,"ndv":0},{"count":7000,"lower_bound":"Njk2MQ==","upper_bound":"NzAwMA==","repeats":1,"ndv":0},{"count":7040,"lower_bound":"NzAwMQ==","upper_bound":"NzA0MA==","repeats":1,"ndv":0},{"count":7080,"lower_bound":"NzA0MQ==","upper_bound":"NzA4MA==","repeats":1,"ndv":0},{"count":7120,"lower_bound":"NzA4MQ==","upper_bound":"NzEyMA==","repeats":1,"ndv":0},{"count":7160,"lower_bound":"NzEyMQ==","upper_bound":"NzE2MA==","repeats":1,"ndv":0},{"count":7200,"lower_bound":"NzE2MQ==","upper_bound":"NzIwMA==","repeats":1,"ndv":0},{"count":7240,"lower_bound":"NzIwMQ==","upper_bound":"NzI0MA==","repeats":1,"ndv":0},{"count":7280,"lower_bound":"NzI0MQ==","upper_bound":"NzI4MA==","repeats":1,"ndv":0},{"count":7320,"lower_bound":"NzI4MQ==","upper_bound":"NzMyMA==","repeats":1,"ndv":0},{"count":7360,"lower_bound":"NzMyMQ==","upper_bound":"NzM2MA==","repeats":1,"ndv":0},{"count":7400,"lower_bound":"NzM2MQ==","upper_bound":"NzQwMA==","repeats":1,"ndv":0},{"count":7440,"lower_bound":"NzQwMQ==","upper_bound":"NzQ0MA==","repeats":1,"ndv":0},{"count":7480,"lower_bound":"NzQ0MQ==","upper_bound":"NzQ4MA==","repeats":1,"ndv":0},{"count":7520,"lower_bound":"NzQ4MQ==","upper_bound":"NzUyMA==","repeats":1,"ndv":0},{"count":7560,"lower_bound":"NzUyMQ==","upper_bound":"NzU2MA==","repeats":1,"ndv":0},{"count":7600,"lower_bound":"NzU2MQ==","upper_bound":"NzYwMA==","repeats":1,"ndv":0},{"count":7640,"lower_bound":"NzYwMQ==","upper_bound":"NzY0MA==","repeats":1,"ndv":0},{"count":7680,"lower_bound":"NzY0MQ==","upper_bound":"NzY4MA==","repeats":1,"ndv":0},{"count":7720,"lower_bound":"NzY4MQ==","upper_bound":"NzcyMA==","repeats":1,"ndv":0},{"count":7760,"lower_bound":"NzcyMQ==","upper_bound":"Nzc2MA==","repeats":1,"ndv":0},{"count":7800,"lower_bound":"Nzc2MQ==","upper_bound":"NzgwMA==","repeats":1,"ndv":0},{"count":7840,"lower_bound":"NzgwMQ==","upper_bound":"Nzg0MA==","repeats":1,"ndv":0},{"count":7880,"lower_bound":"Nzg0MQ==","upper_bound":"Nzg4MA==","repeats":1,"ndv":0},{"count":7920,"lower_bound":"Nzg4MQ==","upper_bound":"NzkyMA==","repeats":1,"ndv":0},{"count":7960,"lower_bound":"NzkyMQ==","upper_bound":"Nzk2MA==","repeats":1,"ndv":0},{"count":8000,"lower_bound":"Nzk2MQ==","upper_bound":"ODAwMA==","repeats":1,"ndv":0},{"count":8040,"lower_bound":"ODAwMQ==","upper_bound":"ODA0MA==","repeats":1,"ndv":0},{"count":8080,"lower_bound":"ODA0MQ==","upper_bound":"ODA4MA==","repeats":1,"ndv":0},{"count":8120,"lower_bound":"ODA4MQ==","upper_bound":"ODEyMA==","repeats":1,"ndv":0},{"count":8160,"lower_bound":"ODEyMQ==","upper_bound":"ODE2MA==","repeats":1,"ndv":0},{"count":8200,"lower_bound":"ODE2MQ==","upper_bound":"ODIwMA==","repeats":1,"ndv":0},{"count":8240,"lower_bound":"ODIwMQ==","upper_bound":"ODI0MA==","repeats":1,"ndv":0},{"count":8280,"lower_bound":"ODI0MQ==","upper_bound":"ODI4MA==","repeats":1,"ndv":0},{"count":8320,"lower_bound":"ODI4MQ==","upper_bound":"ODMyMA==","repeats":1,"ndv":0},{"count":8360,"lower_bound":"ODMyMQ==","upper_bound":"ODM2MA==","repeats":1,"ndv":0},{"count":8400,"lower_bound":"ODM2MQ==","upper_bound":"ODQwMA==","repeats":1,"ndv":0},{"count":8440,"lower_bound":"ODQwMQ==","upper_bound":"ODQ0MA==","repeats":1,"ndv":0},{"count":8480,"lower_bound":"ODQ0MQ==","upper_bound":"ODQ4MA==","repeats":1,"ndv":0},{"count":8520,"lower_bound":"ODQ4MQ==","upper_bound":"ODUyMA==","repeats":1,"ndv":0},{"count":8560,"lower_bound":"ODUyMQ==","upper_bound":"ODU2MA==","repeats":1,"ndv":0},{"count":8600,"lower_bound":"ODU2MQ==","upper_bound":"ODYwMA==","repeats":1,"ndv":0},{"count":8640,"lower_bound":"ODYwMQ==","upper_bound":"ODY0MA==","repeats":1,"ndv":0},{"count":8680,"lower_bound":"ODY0MQ==","upper_bound":"ODY4MA==","repeats":1,"ndv":0},{"count":8720,"lower_bound":"ODY4MQ==","upper_bound":"ODcyMA==","repeats":1,"ndv":0},{"count":8760,"lower_bound":"ODcyMQ==","upper_bound":"ODc2MA==","repeats":1,"ndv":0},{"count":8800,"lower_bound":"ODc2MQ==","upper_bound":"ODgwMA==","repeats":1,"ndv":0},{"count":8840,"lower_bound":"ODgwMQ==","upper_bound":"ODg0MA==","repeats":1,"ndv":0},{"count":8880,"lower_bound":"ODg0MQ==","upper_bound":"ODg4MA==","repeats":1,"ndv":0},{"count":8920,"lower_bound":"ODg4MQ==","upper_bound":"ODkyMA==","repeats":1,"ndv":0},{"count":8960,"lower_bound":"ODkyMQ==","upper_bound":"ODk2MA==","repeats":1,"ndv":0},{"count":9000,"lower_bound":"ODk2MQ==","upper_bound":"OTAwMA==","repeats":1,"ndv":0},{"count":9040,"lower_bound":"OTAwMQ==","upper_bound":"OTA0MA==","repeats":1,"ndv":0},{"count":9080,"lower_bound":"OTA0MQ==","upper_bound":"OTA4MA==","repeats":1,"ndv":0},{"count":9120,"lower_bound":"OTA4MQ==","upper_bound":"OTEyMA==","repeats":1,"ndv":0},{"count":9160,"lower_bound":"OTEyMQ==","upper_bound":"OTE2MA==","repeats":1,"ndv":0},{"count":9200,"lower_bound":"OTE2MQ==","upper_bound":"OTIwMA==","repeats":1,"ndv":0},{"count":9240,"lower_bound":"OTIwMQ==","upper_bound":"OTI0MA==","repeats":1,"ndv":0},{"count":9280,"lower_bound":"OTI0MQ==","upper_bound":"OTI4MA==","repeats":1,"ndv":0},{"count":9320,"lower_bound":"OTI4MQ==","upper_bound":"OTMyMA==","repeats":1,"ndv":0},{"count":9360,"lower_bound":"OTMyMQ==","upper_bound":"OTM2MA==","repeats":1,"ndv":0},{"count":9400,"lower_bound":"OTM2MQ==","upper_bound":"OTQwMA==","repeats":1,"ndv":0},{"count":9440,"lower_bound":"OTQwMQ==","upper_bound":"OTQ0MA==","repeats":1,"ndv":0},{"count":9480,"lower_bound":"OTQ0MQ==","upper_bound":"OTQ4MA==","repeats":1,"ndv":0},{"count":9520,"lower_bound":"OTQ4MQ==","upper_bound":"OTUyMA==","repeats":1,"ndv":0},{"count":9560,"lower_bound":"OTUyMQ==","upper_bound":"OTU2MA==","repeats":1,"ndv":0},{"count":9600,"lower_bound":"OTU2MQ==","upper_bound":"OTYwMA==","repeats":1,"ndv":0},{"count":9640,"lower_bound":"OTYwMQ==","upper_bound":"OTY0MA==","repeats":1,"ndv":0},{"count":9680,"lower_bound":"OTY0MQ==","upper_bound":"OTY4MA==","repeats":1,"ndv":0},{"count":9720,"lower_bound":"OTY4MQ==","upper_bound":"OTcyMA==","repeats":1,"ndv":0},{"count":9760,"lower_bound":"OTcyMQ==","upper_bound":"OTc2MA==","repeats":1,"ndv":0},{"count":9800,"lower_bound":"OTc2MQ==","upper_bound":"OTgwMA==","repeats":1,"ndv":0},{"count":9840,"lower_bound":"OTgwMQ==","upper_bound":"OTg0MA==","repeats":1,"ndv":0},{"count":9880,"lower_bound":"OTg0MQ==","upper_bound":"OTg4MA==","repeats":1,"ndv":0},{"count":9920,"lower_bound":"OTg4MQ==","upper_bound":"OTkyMA==","repeats":1,"ndv":0},{"count":9960,"lower_bound":"OTkyMQ==","upper_bound":"OTk2MA==","repeats":1,"ndv":0},{"count":10000,"lower_bound":"OTk2MQ==","upper_bound":"MTAwMDA=","repeats":1,"ndv":0}]},"cm_sketch":null,"fm_sketch":null,"stats_ver":2,"null_count":0,"tot_col_size":21746,"last_update_version":455768097923268608,"correlation":1}},"indices":{},"partitions":null,"database_name":"tuner_db","table_name":"supplier","ext_stats":null,"predicate_columns":[{"last_used_at":"2025-02-03 22:27:39","last_analyzed_at":"2025-02-03 21:15:16","id":1},{"last_used_at":"2025-02-03 22:27:34","last_analyzed_at":null,"id":2},{"last_used_at":"2025-02-03 22:27:39","last_analyzed_at":null,"id":4},{"last_used_at":"2025-02-03 22:27:34","last_analyzed_at":null,"id":6},{"last_used_at":"2025-02-03 22:27:25","last_analyzed_at":null,"id":7}],"count":20000,"modify_count":10000,"version":455768099364536320,"is_historical_stats":false}