[{"Received Command":{"Command":"Query","ExecutedASTText":"explain analyze select\n\ts_acctbal,\n\ts_name,\n\tn_name,\n\tp_partkey,\n\tp_mfgr,\n\ts_address,\n\ts_phone,\n\ts_comment\nfrom\n\tpart,\n\tsupplier,\n\tpartsupp,\n\tnation,\n\tregion\nwhere\n\tp_partkey = ps_partkey\n\tand s_suppkey = ps_suppkey\n\tand p_size = 30\n\tand p_type like '%STEEL'\n\tand s_nationkey = n_nationkey\n\tand n_regionkey = r_regionkey\n\tand r_name = 'ASIA'\n\tand ps_supplycost = (\n\t\tselect\n\t\t\tmin(ps_supplycost)\n\t\tfrom\n\t\t\tpartsupp,\n\t\t\tsupplier,\n\t\t\tnation,\n\t\t\tregion\n\t\twhere\n\t\t\tp_partkey = ps_partkey\n\t\t\tand s_suppkey = ps_suppkey\n\t\t\tand s_nationkey = n_nationkey\n\t\t\tand n_regionkey = r_regionkey\n\t\t\tand r_name = 'ASIA'\n\t)\norder by\n\ts_acctbal desc,\n\tn_name,\n\ts_name,\n\tp_partkey\nlimit 100","ExecuteStmtInfo":null}},{"github.com/pingcap/tidb/pkg/planner.Optimize":{"github.com/pingcap/tidb/pkg/planner.optimize":{"github.com/pingcap/tidb/pkg/planner.Optimize":{"github.com/pingcap/tidb/pkg/planner.optimize":{"github.com/pingcap/tidb/pkg/planner/core.DoOptimize":[{"github.com/pingcap/tidb/pkg/planner/core.logicalOptimize":[{"github.com/pingcap/tidb/pkg/planner/core.getStatsTable":{"TableName":"partsupp","TblInfoID":250,"InputPhysicalID":250,"HandleIsNil":false,"UsePartitionStats":false,"CountIsZero":false,"Uninitialized":false,"Outdated":false,"StatsTblInfo":{"Columns":[{"CMSketchInfo":null,"Name":"PS_PARTKEY","LoadingStatus":"allLoaded","ID":1,"NDV":199360,"NullCount":0,"LastUpdateVersion":455768134457229312,"TotColSize":2366984,"Correlation":1,"StatsVer":2,"HistogramSize":256,"TopNSize":-1},{"CMSketchInfo":null,"Name":"PS_SUPPKEY","LoadingStatus":"allEvicted","ID":2,"NDV":10000,"NullCount":0,"LastUpdateVersion":455768134457229312,"TotColSize":1739680,"Correlation":0.009775986969250486,"StatsVer":2,"HistogramSize":0,"TopNSize":-1},{"CMSketchInfo":null,"Name":"PS_AVAILQTY","LoadingStatus":"unInitialized","ID":3,"NDV":0,"NullCount":0,"LastUpdateVersion":455768098813247488,"TotColSize":0,"Correlation":0,"StatsVer":0,"HistogramSize":0,"TopNSize":-1},{"CMSketchInfo":null,"Name":"PS_SUPPLYCOST","LoadingStatus":"unInitialized","ID":4,"NDV":0,"NullCount":0,"LastUpdateVersion":455768098813247488,"TotColSize":0,"Correlation":0,"StatsVer":0,"HistogramSize":0,"TopNSize":-1},{"CMSketchInfo":null,"Name":"PS_COMMENT","LoadingStatus":"unInitialized","ID":5,"NDV":0,"NullCount":0,"LastUpdateVersion":455768098813247488,"TotColSize":0,"Correlation":0,"StatsVer":0,"HistogramSize":0,"TopNSize":-1}],"Indexes":[{"CMSketchInfo":null,"Name":"PRIMARY","LoadingStatus":"allLoaded","ID":1,"NDV":800000,"NullCount":0,"LastUpdateVersion":455768134457229312,"TotColSize":4106664,"Correlation":0,"StatsVer":2,"HistogramSize":256,"TopNSize":-1}],"PhysicalID":250,"Version":455768134457229312,"Count":800000,"ModifyCount":0}}},{"github.com/pingcap/tidb/pkg/planner/core.deriveStats4DataSource":[{"github.com/pingcap/tidb/pkg/planner/core.deriveStatsByFilter":{"github.com/pingcap/tidb/pkg/planner/cardinality.Selectivity":[{"Input Expressions":[]},{"Result":1}]}},{"github.com/pingcap/tidb/pkg/planner/core.derivePathStatsAndTryHeuristics":{"github.com/pingcap/tidb/pkg/planner/core.deriveTablePathStats":null}},{"github.com/pingcap/tidb/pkg/planner/core.generateIndexMergePath":null},{"Access paths":[{"IndexName":"PRIMARY","AccessConditions":[],"IndexFilters":[],"TableFilters":[],"CountAfterAccess":800000,"CountAfterIndex":0}]}]},{"github.com/pingcap/tidb/pkg/planner/core.getStatsTable":{"TableName":"supplier","TblInfoID":248,"InputPhysicalID":248,"HandleIsNil":false,"UsePartitionStats":false,"CountIsZero":false,"Uninitialized":false,"Outdated":false,"StatsTblInfo":{"Columns":[{"CMSketchInfo":null,"Name":"S_SUPPKEY","LoadingStatus":"allLoaded","ID":1,"NDV":10000,"NullCount":0,"LastUpdateVersion":455768097923268608,"TotColSize":21746,"Correlation":1,"StatsVer":2,"HistogramSize":250,"TopNSize":-1},{"CMSketchInfo":null,"Name":"S_NAME","LoadingStatus":"unInitialized","ID":2,"NDV":0,"NullCount":0,"LastUpdateVersion":0,"TotColSize":0,"Correlation":0,"StatsVer":0,"HistogramSize":0,"TopNSize":-1},{"CMSketchInfo":null,"Name":"S_ADDRESS","LoadingStatus":"unInitialized","ID":3,"NDV":0,"NullCount":0,"LastUpdateVersion":0,"TotColSize":0,"Correlation":0,"StatsVer":0,"HistogramSize":0,"TopNSize":-1},{"CMSketchInfo":null,"Name":"S_NATIONKEY","LoadingStatus":"unInitialized","ID":4,"NDV":0,"NullCount":0,"LastUpdateVersion":0,"TotColSize":0,"Correlation":0,"StatsVer":0,"HistogramSize":0,"TopNSize":-1},{"CMSketchInfo":null,"Name":"S_PHONE","LoadingStatus":"unInitialized","ID":5,"NDV":0,"NullCount":0,"LastUpdateVersion":0,"TotColSize":0,"Correlation":0,"StatsVer":0,"HistogramSize":0,"TopNSize":-1},{"CMSketchInfo":null,"Name":"S_ACCTBAL","LoadingStatus":"unInitialized","ID":6,"NDV":0,"NullCount":0,"LastUpdateVersion":0,"TotColSize":0,"Correlation":0,"StatsVer":0,"HistogramSize":0,"TopNSize":-1},{"CMSketchInfo":null,"Name":"S_COMMENT","LoadingStatus":"unInitialized","ID":7,"NDV":0,"NullCount":0,"LastUpdateVersion":0,"TotColSize":0,"Correlation":0,"StatsVer":0,"HistogramSize":0,"TopNSize":-1}],"Indexes":[],"PhysicalID":248,"Version":455768099364536320,"Count":20000,"ModifyCount":10000}}},{"github.com/pingcap/tidb/pkg/planner/core.deriveStats4DataSource":[{"github.com/pingcap/tidb/pkg/planner/core.deriveStatsByFilter":{"github.com/pingcap/tidb/pkg/planner/cardinality.Selectivity":[{"Input Expressions":[]},{"Result":1}]}},{"github.com/pingcap/tidb/pkg/planner/core.derivePathStatsAndTryHeuristics":{"github.com/pingcap/tidb/pkg/planner/core.deriveTablePathStats":null}},{"github.com/pingcap/tidb/pkg/planner/core.generateIndexMergePath":null},{"Access paths":[{"AccessConditions":[],"IndexFilters":[],"TableFilters":[],"CountAfterAccess":20000,"CountAfterIndex":0}]}]},{"github.com/pingcap/tidb/pkg/planner/core.getStatsTable":{"TableName":"nation","TblInfoID":242,"InputPhysicalID":242,"HandleIsNil":false,"UsePartitionStats":false,"CountIsZero":false,"Uninitialized":false,"Outdated":false,"StatsTblInfo":{"Columns":[{"CMSketchInfo":null,"Name":"N_NATIONKEY","LoadingStatus":"allLoaded","ID":1,"NDV":25,"NullCount":0,"LastUpdateVersion":455768116872085504,"TotColSize":25,"Correlation":1,"StatsVer":2,"HistogramSize":0,"TopNSize":25},{"CMSketchInfo":null,"Name":"N_NAME","LoadingStatus":"unInitialized","ID":2,"NDV":0,"NullCount":0,"LastUpdateVersion":0,"TotColSize":0,"Correlation":0,"StatsVer":0,"HistogramSize":0,"TopNSize":-1},{"CMSketchInfo":null,"Name":"N_REGIONKEY","LoadingStatus":"unInitialized","ID":3,"NDV":0,"NullCount":0,"LastUpdateVersion":0,"TotColSize":0,"Correlation":0,"StatsVer":0,"HistogramSize":0,"TopNSize":-1},{"CMSketchInfo":null,"Name":"N_COMMENT","LoadingStatus":"unInitialized","ID":4,"NDV":0,"NullCount":0,"LastUpdateVersion":0,"TotColSize":0,"Correlation":0,"StatsVer":0,"HistogramSize":0,"TopNSize":-1}],"Indexes":[],"PhysicalID":242,"Version":455768116872085504,"Count":25,"ModifyCount":0}}},{"github.com/pingcap/tidb/pkg/planner/core.deriveStats4DataSource":[{"github.com/pingcap/tidb/pkg/planner/core.deriveStatsByFilter":{"github.com/pingcap/tidb/pkg/planner/cardinality.Selectivity":[{"Input Expressions":[]},{"Result":1}]}},{"github.com/pingcap/tidb/pkg/planner/core.derivePathStatsAndTryHeuristics":{"github.com/pingcap/tidb/pkg/planner/core.deriveTablePathStats":null}},{"github.com/pingcap/tidb/pkg/planner/core.generateIndexMergePath":null},{"Access paths":[{"AccessConditions":[],"IndexFilters":[],"TableFilters":[],"CountAfterAccess":25,"CountAfterIndex":0}]}]},{"github.com/pingcap/tidb/pkg/planner/core.getStatsTable":{"TableName":"region","TblInfoID":244,"InputPhysicalID":244,"HandleIsNil":false,"UsePartitionStats":false,"CountIsZero":false,"Uninitialized":false,"Outdated":false,"StatsTblInfo":{"Columns":[{"CMSketchInfo":null,"Name":"R_REGIONKEY","LoadingStatus":"allLoaded","ID":1,"NDV":5,"NullCount":0,"LastUpdateVersion":455768097611841537,"TotColSize":5,"Correlation":1,"StatsVer":2,"HistogramSize":0,"TopNSize":5},{"CMSketchInfo":null,"Name":"R_NAME","LoadingStatus":"unInitialized","ID":2,"NDV":0,"NullCount":0,"LastUpdateVersion":0,"TotColSize":0,"Correlation":0,"StatsVer":0,"HistogramSize":0,"TopNSize":-1},{"CMSketchInfo":null,"Name":"R_COMMENT","LoadingStatus":"unInitialized","ID":3,"NDV":0,"NullCount":0,"LastUpdateVersion":0,"TotColSize":0,"Correlation":0,"StatsVer":0,"HistogramSize":0,"TopNSize":-1}],"Indexes":[],"PhysicalID":244,"Version":455768099364536320,"Count":10,"ModifyCount":5}}},{"github.com/pingcap/tidb/pkg/planner/core.deriveStats4DataSource":[{"github.com/pingcap/tidb/pkg/planner/core.deriveStatsByFilter":{"github.com/pingcap/tidb/pkg/planner/cardinality.Selectivity":[{"Input Expressions":["eq(tuner_db.region.r_name, ASIA)"]},{"github.com/pingcap/tidb/pkg/planner/cardinality.GetRowCountByColumnRanges":[{"Ranges":["[\"ASIA\",\"ASIA\"]"],"ID":46},{"github.com/pingcap/tidb/pkg/statistics.ColumnStatsIsInvalid":{"EssentialLoaded":false,"InValidForCollPseudo":false,"IsInvalid":true,"NDV":0,"TotalCount":0}},{"Name":"R_NAME","Result":0.01}]},{"Expressions":["eq(tuner_db.region.r_name, ASIA)"],"Selectivity":0.001,"partial cover":false},{"Result":0.001}]}},{"github.com/pingcap/tidb/pkg/planner/core.derivePathStatsAndTryHeuristics":{"github.com/pingcap/tidb/pkg/planner/core.deriveTablePathStats":{"github.com/pingcap/tidb/pkg/planner/cardinality.GetRowCountByIntColumnRanges":[{"Ranges":["[-inf,+inf]"],"ID":1},{"github.com/pingcap/tidb/pkg/statistics.ColumnStatsIsInvalid":{"EssentialLoaded":true,"InValidForCollPseudo":false,"IsInvalid":false,"NDV":5,"TotalCount":5}},{"Histogram NotNull Count":0,"Increase Factor":2,"TopN total count":5},{"github.com/pingcap/tidb/pkg/planner/cardinality.GetColumnRowCount":[{"Start estimate range":{"Range":"[-inf,+inf]","LowValueEncoded":"AwAAAAAAAAAA","HighValueEncoded":"A///////////","CurrentRowCount":0}},{"github.com/pingcap/tidb/pkg/statistics.(*Histogram).LessRowCountWithBktIdx":{"Bucket idx":0,"Result":0}},{"github.com/pingcap/tidb/pkg/statistics.(*Histogram).LessRowCountWithBktIdx":{"Bucket idx":0,"Result":0}},{"github.com/pingcap/tidb/pkg/statistics.(*Histogram).EqualRowCount":[{"Locate value in buckets":{"Value":"KindInt64 -9223372036854775808","BucketIdx":0,"Exceed":true,"InBucket":false,"MatchLastValue":false}},{"Count":0,"Matched":false}]},{"github.com/pingcap/tidb/pkg/statistics.(*TopN).BetweenCount":[{"Related TopN Range":{"FirstEncoded":"A4AAAAAAAAAA","LastEncoded":"A4AAAAAAAAAE","Count":[1,1,1,1,1],"FirstIdx":0,"LastIdx":4}},{"Result":5}]},{"github.com/pingcap/tidb/pkg/planner/cardinality.equalRowCountOnColumn":[{"Encoded":"A///////////","Value":"KindInt64 9223372036854775807"},{"github.com/pingcap/tidb/pkg/statistics.(*TopN).QueryTopN":[{"FindTopN idx":-1},{"Found":false,"Result":0}]},{"github.com/pingcap/tidb/pkg/statistics.(*Histogram).EqualRowCount":[{"Locate value in buckets":{"Value":"KindInt64 9223372036854775807","BucketIdx":0,"Exceed":true,"InBucket":false,"MatchLastValue":false}},{"Count":0,"Matched":false}]},{"Error":null,"Result":1}]},{"End estimate range":{"RowCount":10,"Type":"Range"}}]},{"Name":"R_REGIONKEY","Result":10}]}}},{"github.com/pingcap/tidb/pkg/planner/core.generateIndexMergePath":null},{"Access paths":[{"AccessConditions":[],"IndexFilters":[],"TableFilters":["eq(tuner_db.region.r_name, ASIA)"],"CountAfterAccess":10,"CountAfterIndex":0}]}]},{"github.com/pingcap/tidb/pkg/planner/core.getStatsTable":{"TableName":"part","TblInfoID":246,"InputPhysicalID":246,"HandleIsNil":false,"UsePartitionStats":false,"CountIsZero":false,"Uninitialized":false,"Outdated":false,"StatsTblInfo":{"Columns":[{"CMSketchInfo":null,"Name":"P_PARTKEY","LoadingStatus":"allLoaded","ID":1,"NDV":199360,"NullCount":0,"LastUpdateVersion":455768097904394240,"TotColSize":591746,"Correlation":1,"StatsVer":2,"HistogramSize":256,"TopNSize":-1},{"CMSketchInfo":null,"Name":"P_NAME","LoadingStatus":"unInitialized","ID":2,"NDV":0,"NullCount":0,"LastUpdateVersion":0,"TotColSize":0,"Correlation":0,"StatsVer":0,"HistogramSize":0,"TopNSize":-1},{"CMSketchInfo":null,"Name":"P_MFGR","LoadingStatus":"unInitialized","ID":3,"NDV":0,"NullCount":0,"LastUpdateVersion":0,"TotColSize":0,"Correlation":0,"StatsVer":0,"HistogramSize":0,"TopNSize":-1},{"CMSketchInfo":null,"Name":"P_BRAND","LoadingStatus":"unInitialized","ID":4,"NDV":0,"NullCount":0,"LastUpdateVersion":0,"TotColSize":0,"Correlation":0,"StatsVer":0,"HistogramSize":0,"TopNSize":-1},{"CMSketchInfo":null,"Name":"P_TYPE","LoadingStatus":"unInitialized","ID":5,"NDV":0,"NullCount":0,"LastUpdateVersion":0,"TotColSize":0,"Correlation":0,"StatsVer":0,"HistogramSize":0,"TopNSize":-1},{"CMSketchInfo":null,"Name":"P_SIZE","LoadingStatus":"unInitialized","ID":6,"NDV":0,"NullCount":0,"LastUpdateVersion":0,"TotColSize":0,"Correlation":0,"StatsVer":0,"HistogramSize":0,"TopNSize":-1},{"CMSketchInfo":null,"Name":"P_CONTAINER","LoadingStatus":"unInitialized","ID":7,"NDV":0,"NullCount":0,"LastUpdateVersion":0,"TotColSize":0,"Correlation":0,"StatsVer":0,"HistogramSize":0,"TopNSize":-1},{"CMSketchInfo":null,"Name":"P_RETAILPRICE","LoadingStatus":"unInitialized","ID":8,"NDV":0,"NullCount":0,"LastUpdateVersion":0,"TotColSize":0,"Correlation":0,"StatsVer":0,"HistogramSize":0,"TopNSize":-1},{"CMSketchInfo":null,"Name":"P_COMMENT","LoadingStatus":"unInitialized","ID":9,"NDV":0,"NullCount":0,"LastUpdateVersion":0,"TotColSize":0,"Correlation":0,"StatsVer":0,"HistogramSize":0,"TopNSize":-1}],"Indexes":[],"PhysicalID":246,"Version":455768099364536320,"Count":400000,"ModifyCount":200000}}},{"github.com/pingcap/tidb/pkg/planner/core.deriveStats4DataSource":[{"github.com/pingcap/tidb/pkg/planner/core.deriveStatsByFilter":{"github.com/pingcap/tidb/pkg/planner/cardinality.Selectivity":[{"Input Expressions":["eq(tuner_db.part.p_size, 30)","like(tuner_db.part.p_type, %STEEL, 92)"]},{"github.com/pingcap/tidb/pkg/planner/cardinality.GetRowCountByColumnRanges":[{"Ranges":["[NULL,+inf]"],"ID":5},{"github.com/pingcap/tidb/pkg/statistics.ColumnStatsIsInvalid":{"EssentialLoaded":false,"InValidForCollPseudo":false,"IsInvalid":true,"NDV":0,"TotalCount":0}},{"Name":"P_TYPE","Result":400000}]},{"github.com/pingcap/tidb/pkg/planner/cardinality.GetRowCountByColumnRanges":[{"Ranges":["[30,30]"],"ID":6},{"github.com/pingcap/tidb/pkg/statistics.ColumnStatsIsInvalid":{"EssentialLoaded":false,"InValidForCollPseudo":false,"IsInvalid":true,"NDV":0,"TotalCount":0}},{"Name":"P_SIZE","Result":400}]},{"Expressions":["eq(tuner_db.part.p_size, 30)"],"Selectivity":0.001,"partial cover":false},{"Default Selectivity":0.8},{"Result":0.0008}]}},{"github.com/pingcap/tidb/pkg/planner/core.derivePathStatsAndTryHeuristics":{"github.com/pingcap/tidb/pkg/planner/core.deriveTablePathStats":{"github.com/pingcap/tidb/pkg/planner/cardinality.GetRowCountByIntColumnRanges":[{"Ranges":["[-inf,+inf]"],"ID":1},{"github.com/pingcap/tidb/pkg/statistics.ColumnStatsIsInvalid":{"EssentialLoaded":true,"InValidForCollPseudo":false,"IsInvalid":false,"NDV":199360,"TotalCount":200000}},{"Histogram NotNull Count":200000,"Increase Factor":2,"TopN total count":0},{"github.com/pingcap/tidb/pkg/planner/cardinality.GetColumnRowCount":[{"Start estimate range":{"Range":"[-inf,+inf]","LowValueEncoded":"AwAAAAAAAAAA","HighValueEncoded":"A///////////","CurrentRowCount":0}},{"github.com/pingcap/tidb/pkg/statistics.(*Histogram).LessRowCountWithBktIdx":[{"Locate value in buckets":{"Value":"KindInt64 -9223372036854775808","BucketIdx":0,"Exceed":false,"InBucket":false,"MatchLastValue":false}},{"Related Buckets in Histogram":[{"Index":-1,"Count":-1,"Repeat":-1},{"Index":0,"Count":782,"Repeat":1}]},{"Bucket idx":0,"Result":0}]},{"github.com/pingcap/tidb/pkg/statistics.(*Histogram).LessRowCountWithBktIdx":[{"Locate value in buckets":{"Value":"KindInt64 9223372036854775807","BucketIdx":255,"Exceed":true,"InBucket":false,"MatchLastValue":false}},{"Bucket idx":255,"Result":200000}]},{"github.com/pingcap/tidb/pkg/statistics.(*Histogram).EqualRowCount":[{"Locate value in buckets":{"Value":"KindInt64 -9223372036854775808","BucketIdx":0,"Exceed":false,"InBucket":false,"MatchLastValue":false}},{"Count":0,"Matched":false}]},{"github.com/pingcap/tidb/pkg/statistics.(*TopN).BetweenCount":{"Result":0}},{"github.com/pingcap/tidb/pkg/planner/cardinality.equalRowCountOnColumn":[{"Encoded":"A///////////","Value":"KindInt64 9223372036854775807"},{"github.com/pingcap/tidb/pkg/statistics.(*Histogram).EqualRowCount":[{"Locate value in buckets":{"Value":"KindInt64 9223372036854775807","BucketIdx":255,"Exceed":true,"InBucket":false,"MatchLastValue":false}},{"Count":0,"Matched":false}]},{"Error":null,"Result":1.0032102728731942}]},{"github.com/pingcap/tidb/pkg/statistics.(*Histogram).OutOfRangeRowCount":[{"lDatum":"KindInt64 -9223372036854775808","modifyCount":200000,"rDatum":"KindInt64 9223372036854775807","realtimeRowCount":400000},{"commonPrefix":0,"lScalar":-9223372036854776000,"rScalar":9223372036854776000,"unsigned":false},{"boundL":-199998,"boundR":399999,"histL":1,"histR":200000,"lPercent":1,"rPercent":1,"rowCount":300000},{"Result":200000}]},{"End estimate range":{"RowCount":600000,"Type":"Range"}}]},{"Name":"P_PARTKEY","Result":400000}]}}},{"github.com/pingcap/tidb/pkg/planner/core.generateIndexMergePath":null},{"Access paths":[{"AccessConditions":[],"IndexFilters":[],"TableFilters":["eq(tuner_db.part.p_size, 30)","like(tuner_db.part.p_type, %STEEL, 92)"],"CountAfterAccess":400000,"CountAfterIndex":0}]}]},{"github.com/pingcap/tidb/pkg/planner/core.getStatsTable":{"TableName":"supplier","TblInfoID":248,"InputPhysicalID":248,"HandleIsNil":false,"UsePartitionStats":false,"CountIsZero":false,"Uninitialized":false,"Outdated":false,"StatsTblInfo":{"Columns":[{"CMSketchInfo":null,"Name":"S_SUPPKEY","LoadingStatus":"allLoaded","ID":1,"NDV":10000,"NullCount":0,"LastUpdateVersion":455768097923268608,"TotColSize":21746,"Correlation":1,"StatsVer":2,"HistogramSize":250,"TopNSize":-1},{"CMSketchInfo":null,"Name":"S_NAME","LoadingStatus":"unInitialized","ID":2,"NDV":0,"NullCount":0,"LastUpdateVersion":0,"TotColSize":0,"Correlation":0,"StatsVer":0,"HistogramSize":0,"TopNSize":-1},{"CMSketchInfo":null,"Name":"S_ADDRESS","LoadingStatus":"unInitialized","ID":3,"NDV":0,"NullCount":0,"LastUpdateVersion":0,"TotColSize":0,"Correlation":0,"StatsVer":0,"HistogramSize":0,"TopNSize":-1},{"CMSketchInfo":null,"Name":"S_NATIONKEY","LoadingStatus":"unInitialized","ID":4,"NDV":0,"NullCount":0,"LastUpdateVersion":0,"TotColSize":0,"Correlation":0,"StatsVer":0,"HistogramSize":0,"TopNSize":-1},{"CMSketchInfo":null,"Name":"S_PHONE","LoadingStatus":"unInitialized","ID":5,"NDV":0,"NullCount":0,"LastUpdateVersion":0,"TotColSize":0,"Correlation":0,"StatsVer":0,"HistogramSize":0,"TopNSize":-1},{"CMSketchInfo":null,"Name":"S_ACCTBAL","LoadingStatus":"unInitialized","ID":6,"NDV":0,"NullCount":0,"LastUpdateVersion":0,"TotColSize":0,"Correlation":0,"StatsVer":0,"HistogramSize":0,"TopNSize":-1},{"CMSketchInfo":null,"Name":"S_COMMENT","LoadingStatus":"unInitialized","ID":7,"NDV":0,"NullCount":0,"LastUpdateVersion":0,"TotColSize":0,"Correlation":0,"StatsVer":0,"HistogramSize":0,"TopNSize":-1}],"Indexes":[],"PhysicalID":248,"Version":455768099364536320,"Count":20000,"ModifyCount":10000}}},{"github.com/pingcap/tidb/pkg/planner/core.deriveStats4DataSource":[{"github.com/pingcap/tidb/pkg/planner/core.deriveStatsByFilter":{"github.com/pingcap/tidb/pkg/planner/cardinality.Selectivity":[{"Input Expressions":[]},{"Result":1}]}},{"github.com/pingcap/tidb/pkg/planner/core.derivePathStatsAndTryHeuristics":{"github.com/pingcap/tidb/pkg/planner/core.deriveTablePathStats":null}},{"github.com/pingcap/tidb/pkg/planner/core.generateIndexMergePath":null},{"Access paths":[{"AccessConditions":[],"IndexFilters":[],"TableFilters":[],"CountAfterAccess":20000,"CountAfterIndex":0}]}]},{"github.com/pingcap/tidb/pkg/planner/core.getStatsTable":{"TableName":"partsupp","TblInfoID":250,"InputPhysicalID":250,"HandleIsNil":false,"UsePartitionStats":false,"CountIsZero":false,"Uninitialized":false,"Outdated":false,"StatsTblInfo":{"Columns":[{"CMSketchInfo":null,"Name":"PS_PARTKEY","LoadingStatus":"allLoaded","ID":1,"NDV":199360,"NullCount":0,"LastUpdateVersion":455768134457229312,"TotColSize":2366984,"Correlation":1,"StatsVer":2,"HistogramSize":256,"TopNSize":-1},{"CMSketchInfo":null,"Name":"PS_SUPPKEY","LoadingStatus":"allEvicted","ID":2,"NDV":10000,"NullCount":0,"LastUpdateVersion":455768134457229312,"TotColSize":1739680,"Correlation":0.009775986969250486,"StatsVer":2,"HistogramSize":0,"TopNSize":-1},{"CMSketchInfo":null,"Name":"PS_AVAILQTY","LoadingStatus":"unInitialized","ID":3,"NDV":0,"NullCount":0,"LastUpdateVersion":455768098813247488,"TotColSize":0,"Correlation":0,"StatsVer":0,"HistogramSize":0,"TopNSize":-1},{"CMSketchInfo":null,"Name":"PS_SUPPLYCOST","LoadingStatus":"unInitialized","ID":4,"NDV":0,"NullCount":0,"LastUpdateVersion":455768098813247488,"TotColSize":0,"Correlation":0,"StatsVer":0,"HistogramSize":0,"TopNSize":-1},{"CMSketchInfo":null,"Name":"PS_COMMENT","LoadingStatus":"unInitialized","ID":5,"NDV":0,"NullCount":0,"LastUpdateVersion":455768098813247488,"TotColSize":0,"Correlation":0,"StatsVer":0,"HistogramSize":0,"TopNSize":-1}],"Indexes":[{"CMSketchInfo":null,"Name":"PRIMARY","LoadingStatus":"allLoaded","ID":1,"NDV":800000,"NullCount":0,"LastUpdateVersion":455768134457229312,"TotColSize":4106664,"Correlation":0,"StatsVer":2,"HistogramSize":256,"TopNSize":-1}],"PhysicalID":250,"Version":455768134457229312,"Count":800000,"ModifyCount":0}}},{"github.com/pingcap/tidb/pkg/planner/core.deriveStats4DataSource":[{"github.com/pingcap/tidb/pkg/planner/core.deriveStatsByFilter":{"github.com/pingcap/tidb/pkg/planner/cardinality.Selectivity":[{"Input Expressions":[]},{"Result":1}]}},{"github.com/pingcap/tidb/pkg/planner/core.derivePathStatsAndTryHeuristics":{"github.com/pingcap/tidb/pkg/planner/core.deriveTablePathStats":null}},{"github.com/pingcap/tidb/pkg/planner/core.generateIndexMergePath":null},{"Access paths":[{"IndexName":"PRIMARY","AccessConditions":[],"IndexFilters":[],"TableFilters":[],"CountAfterAccess":800000,"CountAfterIndex":0}]}]},{"github.com/pingcap/tidb/pkg/planner/core.getStatsTable":{"TableName":"nation","TblInfoID":242,"InputPhysicalID":242,"HandleIsNil":false,"UsePartitionStats":false,"CountIsZero":false,"Uninitialized":false,"Outdated":false,"StatsTblInfo":{"Columns":[{"CMSketchInfo":null,"Name":"N_NATIONKEY","LoadingStatus":"allLoaded","ID":1,"NDV":25,"NullCount":0,"LastUpdateVersion":455768116872085504,"TotColSize":25,"Correlation":1,"StatsVer":2,"HistogramSize":0,"TopNSize":25},{"CMSketchInfo":null,"Name":"N_NAME","LoadingStatus":"unInitialized","ID":2,"NDV":0,"NullCount":0,"LastUpdateVersion":0,"TotColSize":0,"Correlation":0,"StatsVer":0,"HistogramSize":0,"TopNSize":-1},{"CMSketchInfo":null,"Name":"N_REGIONKEY","LoadingStatus":"unInitialized","ID":3,"NDV":0,"NullCount":0,"LastUpdateVersion":0,"TotColSize":0,"Correlation":0,"StatsVer":0,"HistogramSize":0,"TopNSize":-1},{"CMSketchInfo":null,"Name":"N_COMMENT","LoadingStatus":"unInitialized","ID":4,"NDV":0,"NullCount":0,"LastUpdateVersion":0,"TotColSize":0,"Correlation":0,"StatsVer":0,"HistogramSize":0,"TopNSize":-1}],"Indexes":[],"PhysicalID":242,"Version":455768116872085504,"Count":25,"ModifyCount":0}}},{"github.com/pingcap/tidb/pkg/planner/core.deriveStats4DataSource":[{"github.com/pingcap/tidb/pkg/planner/core.deriveStatsByFilter":{"github.com/pingcap/tidb/pkg/planner/cardinality.Selectivity":[{"Input Expressions":[]},{"Result":1}]}},{"github.com/pingcap/tidb/pkg/planner/core.derivePathStatsAndTryHeuristics":{"github.com/pingcap/tidb/pkg/planner/core.deriveTablePathStats":null}},{"github.com/pingcap/tidb/pkg/planner/core.generateIndexMergePath":null},{"Access paths":[{"AccessConditions":[],"IndexFilters":[],"TableFilters":[],"CountAfterAccess":25,"CountAfterIndex":0}]}]},{"github.com/pingcap/tidb/pkg/planner/core.getStatsTable":{"TableName":"region","TblInfoID":244,"InputPhysicalID":244,"HandleIsNil":false,"UsePartitionStats":false,"CountIsZero":false,"Uninitialized":false,"Outdated":false,"StatsTblInfo":{"Columns":[{"CMSketchInfo":null,"Name":"R_REGIONKEY","LoadingStatus":"allLoaded","ID":1,"NDV":5,"NullCount":0,"LastUpdateVersion":455768097611841537,"TotColSize":5,"Correlation":1,"StatsVer":2,"HistogramSize":0,"TopNSize":5},{"CMSketchInfo":null,"Name":"R_NAME","LoadingStatus":"unInitialized","ID":2,"NDV":0,"NullCount":0,"LastUpdateVersion":0,"TotColSize":0,"Correlation":0,"StatsVer":0,"HistogramSize":0,"TopNSize":-1},{"CMSketchInfo":null,"Name":"R_COMMENT","LoadingStatus":"unInitialized","ID":3,"NDV":0,"NullCount":0,"LastUpdateVersion":0,"TotColSize":0,"Correlation":0,"StatsVer":0,"HistogramSize":0,"TopNSize":-1}],"Indexes":[],"PhysicalID":244,"Version":455768099364536320,"Count":10,"ModifyCount":5}}},{"github.com/pingcap/tidb/pkg/planner/core.deriveStats4DataSource":[{"github.com/pingcap/tidb/pkg/planner/core.deriveStatsByFilter":{"github.com/pingcap/tidb/pkg/planner/cardinality.Selectivity":[{"Input Expressions":["eq(tuner_db.region.r_name, ASIA)"]},{"github.com/pingcap/tidb/pkg/planner/cardinality.GetRowCountByColumnRanges":[{"Ranges":["[\"ASIA\",\"ASIA\"]"],"ID":27},{"github.com/pingcap/tidb/pkg/statistics.ColumnStatsIsInvalid":{"EssentialLoaded":false,"InValidForCollPseudo":false,"IsInvalid":true,"NDV":0,"TotalCount":0}},{"Name":"R_NAME","Result":0.01}]},{"Expressions":["eq(tuner_db.region.r_name, ASIA)"],"Selectivity":0.001,"partial cover":false},{"Result":0.001}]}},{"github.com/pingcap/tidb/pkg/planner/core.derivePathStatsAndTryHeuristics":{"github.com/pingcap/tidb/pkg/planner/core.deriveTablePathStats":{"github.com/pingcap/tidb/pkg/planner/cardinality.GetRowCountByIntColumnRanges":[{"Ranges":["[-inf,+inf]"],"ID":1},{"github.com/pingcap/tidb/pkg/statistics.ColumnStatsIsInvalid":{"EssentialLoaded":true,"InValidForCollPseudo":false,"IsInvalid":false,"NDV":5,"TotalCount":5}},{"Histogram NotNull Count":0,"Increase Factor":2,"TopN total count":5},{"github.com/pingcap/tidb/pkg/planner/cardinality.GetColumnRowCount":[{"Start estimate range":{"Range":"[-inf,+inf]","LowValueEncoded":"AwAAAAAAAAAA","HighValueEncoded":"A///////////","CurrentRowCount":0}},{"github.com/pingcap/tidb/pkg/statistics.(*Histogram).LessRowCountWithBktIdx":{"Bucket idx":0,"Result":0}},{"github.com/pingcap/tidb/pkg/statistics.(*Histogram).LessRowCountWithBktIdx":{"Bucket idx":0,"Result":0}},{"github.com/pingcap/tidb/pkg/statistics.(*Histogram).EqualRowCount":[{"Locate value in buckets":{"Value":"KindInt64 -9223372036854775808","BucketIdx":0,"Exceed":true,"InBucket":false,"MatchLastValue":false}},{"Count":0,"Matched":false}]},{"github.com/pingcap/tidb/pkg/statistics.(*TopN).BetweenCount":[{"Related TopN Range":{"FirstEncoded":"A4AAAAAAAAAA","LastEncoded":"A4AAAAAAAAAE","Count":[1,1,1,1,1],"FirstIdx":0,"LastIdx":4}},{"Result":5}]},{"github.com/pingcap/tidb/pkg/planner/cardinality.equalRowCountOnColumn":[{"Encoded":"A///////////","Value":"KindInt64 9223372036854775807"},{"github.com/pingcap/tidb/pkg/statistics.(*TopN).QueryTopN":[{"FindTopN idx":-1},{"Found":false,"Result":0}]},{"github.com/pingcap/tidb/pkg/statistics.(*Histogram).EqualRowCount":[{"Locate value in buckets":{"Value":"KindInt64 9223372036854775807","BucketIdx":0,"Exceed":true,"InBucket":false,"MatchLastValue":false}},{"Count":0,"Matched":false}]},{"Error":null,"Result":1}]},{"End estimate range":{"RowCount":10,"Type":"Range"}}]},{"Name":"R_REGIONKEY","Result":10}]}}},{"github.com/pingcap/tidb/pkg/planner/core.generateIndexMergePath":null},{"Access paths":[{"AccessConditions":[],"IndexFilters":[],"TableFilters":["eq(tuner_db.region.r_name, ASIA)"],"CountAfterAccess":10,"CountAfterIndex":0}]}]}]},{"github.com/pingcap/tidb/pkg/planner/core.physicalOptimize":[{"github.com/pingcap/tidb/pkg/planner/cardinality.Selectivity":[{"Input Expressions":["eq(tuner_db.part.p_size, 30)","like(tuner_db.part.p_type, %STEEL, 92)"]},{"github.com/pingcap/tidb/pkg/planner/cardinality.GetRowCountByColumnRanges":[{"Ranges":["[NULL,+inf]"],"ID":5},{"github.com/pingcap/tidb/pkg/statistics.ColumnStatsIsInvalid":{"EssentialLoaded":false,"InValidForCollPseudo":false,"IsInvalid":true,"NDV":0,"TotalCount":0}},{"Name":"P_TYPE","Result":400000}]},{"github.com/pingcap/tidb/pkg/planner/cardinality.GetRowCountByColumnRanges":[{"Ranges":["[30,30]"],"ID":6},{"github.com/pingcap/tidb/pkg/statistics.ColumnStatsIsInvalid":{"EssentialLoaded":false,"InValidForCollPseudo":false,"IsInvalid":true,"NDV":0,"TotalCount":0}},{"Name":"P_SIZE","Result":400}]},{"Expressions":["eq(tuner_db.part.p_size, 30)"],"Selectivity":0.001,"partial cover":false},{"Default Selectivity":0.8},{"Result":0.0008}]},{"github.com/pingcap/tidb/pkg/planner/cardinality.Selectivity":[{"Input Expressions":["eq(tuner_db.part.p_size, 30)","like(tuner_db.part.p_type, %STEEL, 92)"]},{"github.com/pingcap/tidb/pkg/planner/cardinality.GetRowCountByColumnRanges":[{"Ranges":["[NULL,+inf]"],"ID":5},{"github.com/pingcap/tidb/pkg/statistics.ColumnStatsIsInvalid":{"EssentialLoaded":false,"InValidForCollPseudo":false,"IsInvalid":true,"NDV":0,"TotalCount":0}},{"Name":"P_TYPE","Result":400000}]},{"github.com/pingcap/tidb/pkg/planner/cardinality.GetRowCountByColumnRanges":[{"Ranges":["[30,30]"],"ID":6},{"github.com/pingcap/tidb/pkg/statistics.ColumnStatsIsInvalid":{"EssentialLoaded":false,"InValidForCollPseudo":false,"IsInvalid":true,"NDV":0,"TotalCount":0}},{"Name":"P_SIZE","Result":400}]},{"Expressions":["eq(tuner_db.part.p_size, 30)"],"Selectivity":0.001,"partial cover":false},{"Default Selectivity":0.8},{"Result":0.0008}]},{"github.com/pingcap/tidb/pkg/planner/cardinality.Selectivity":[{"Input Expressions":["eq(tuner_db.region.r_name, ASIA)"]},{"github.com/pingcap/tidb/pkg/planner/cardinality.GetRowCountByColumnRanges":[{"Ranges":["[\"ASIA\",\"ASIA\"]"],"ID":27},{"github.com/pingcap/tidb/pkg/statistics.ColumnStatsIsInvalid":{"EssentialLoaded":false,"InValidForCollPseudo":false,"IsInvalid":true,"NDV":0,"TotalCount":0}},{"Name":"R_NAME","Result":0.01}]},{"Expressions":["eq(tuner_db.region.r_name, ASIA)"],"Selectivity":0.001,"partial cover":false},{"Result":0.001}]},{"github.com/pingcap/tidb/pkg/planner/cardinality.Selectivity":[{"Input Expressions":["eq(tuner_db.region.r_name, ASIA)"]},{"github.com/pingcap/tidb/pkg/planner/cardinality.GetRowCountByColumnRanges":[{"Ranges":["[\"ASIA\",\"ASIA\"]"],"ID":27},{"github.com/pingcap/tidb/pkg/statistics.ColumnStatsIsInvalid":{"EssentialLoaded":false,"InValidForCollPseudo":false,"IsInvalid":true,"NDV":0,"TotalCount":0}},{"Name":"R_NAME","Result":0.01}]},{"Expressions":["eq(tuner_db.region.r_name, ASIA)"],"Selectivity":0.001,"partial cover":false},{"Result":0.001}]},{"github.com/pingcap/tidb/pkg/planner/cardinality.Selectivity":[{"Input Expressions":["eq(tuner_db.region.r_name, ASIA)"]},{"github.com/pingcap/tidb/pkg/planner/cardinality.GetRowCountByColumnRanges":[{"Ranges":["[\"ASIA\",\"ASIA\"]"],"ID":46},{"github.com/pingcap/tidb/pkg/statistics.ColumnStatsIsInvalid":{"EssentialLoaded":false,"InValidForCollPseudo":false,"IsInvalid":true,"NDV":0,"TotalCount":0}},{"Name":"R_NAME","Result":0.01}]},{"Expressions":["eq(tuner_db.region.r_name, ASIA)"],"Selectivity":0.001,"partial cover":false},{"Result":0.001}]},{"github.com/pingcap/tidb/pkg/planner/cardinality.Selectivity":[{"Input Expressions":["eq(tuner_db.region.r_name, ASIA)"]},{"github.com/pingcap/tidb/pkg/planner/cardinality.GetRowCountByColumnRanges":[{"Ranges":["[\"ASIA\",\"ASIA\"]"],"ID":46},{"github.com/pingcap/tidb/pkg/statistics.ColumnStatsIsInvalid":{"EssentialLoaded":false,"InValidForCollPseudo":false,"IsInvalid":true,"NDV":0,"TotalCount":0}},{"Name":"R_NAME","Result":0.01}]},{"Expressions":["eq(tuner_db.region.r_name, ASIA)"],"Selectivity":0.001,"partial cover":false},{"Result":0.001}]}]}]}}}}}]
