{"columns":{"r_comment":{"histogram":{"ndv":0},"cm_sketch":null,"fm_sketch":null,"stats_ver":0,"null_count":0,"tot_col_size":0,"last_update_version":0,"correlation":0},"r_name":{"histogram":{"ndv":0},"cm_sketch":null,"fm_sketch":null,"stats_ver":0,"null_count":0,"tot_col_size":0,"last_update_version":0,"correlation":0},"r_regionkey":{"histogram":{"ndv":5},"cm_sketch":{"top_n":[{"data":"A4AAAAAAAAAA","count":1},{"data":"A4AAAAAAAAAB","count":1},{"data":"A4AAAAAAAAAC","count":1},{"data":"A4AAAAAAAAAD","count":1},{"data":"A4AAAAAAAAAE","count":1}],"default_value":0},"fm_sketch":null,"stats_ver":2,"null_count":0,"tot_col_size":5,"last_update_version":455768097611841537,"correlation":1}},"indices":{},"partitions":null,"database_name":"tuner_db","table_name":"region","ext_stats":null,"predicate_columns":[{"last_used_at":"2025-02-03 22:27:39","last_analyzed_at":"2025-02-03 21:15:15","id":1},{"last_used_at":"2025-02-03 22:27:39","last_analyzed_at":null,"id":2}],"count":10,"modify_count":5,"version":455768099364536320,"is_historical_stats":false}