{"columns":{"p_brand":{"histogram":{"ndv":0},"cm_sketch":null,"fm_sketch":null,"stats_ver":0,"null_count":0,"tot_col_size":0,"last_update_version":0,"correlation":0},"p_comment":{"histogram":{"ndv":0},"cm_sketch":null,"fm_sketch":null,"stats_ver":0,"null_count":0,"tot_col_size":0,"last_update_version":0,"correlation":0},"p_container":{"histogram":{"ndv":0},"cm_sketch":null,"fm_sketch":null,"stats_ver":0,"null_count":0,"tot_col_size":0,"last_update_version":0,"correlation":0},"p_mfgr":{"histogram":{"ndv":0},"cm_sketch":null,"fm_sketch":null,"stats_ver":0,"null_count":0,"tot_col_size":0,"last_update_version":0,"correlation":0},"p_name":{"histogram":{"ndv":0},"cm_sketch":null,"fm_sketch":null,"stats_ver":0,"null_count":0,"tot_col_size":0,"last_update_version":0,"correlation":0},"p_partkey":{"histogram":{"ndv":199360,"buckets":[{"count":782,"lower_bound":"MQ==","upper_bound":"Nzgy","repeats":1,"ndv":0},{"count":1564,"lower_bound":"Nzgz","upper_bound":"MTU2NA==","repeats":1,"ndv":0},{"count":2346,"lower_bound":"MTU2NQ==","upper_bound":"MjM0Ng==","repeats":1,"ndv":0},{"count":3128,"lower_bound":"MjM0Nw==","upper_bound":"MzEyOA==","repeats":1,"ndv":0},{"count":3910,"lower_bound":"MzEyOQ==","upper_bound":"MzkxMA==","repeats":1,"ndv":0},{"count":4692,"lower_bound":"MzkxMQ==","upper_bound":"NDY5Mg==","repeats":1,"ndv":0},{"count":5474,"lower_bound":"NDY5Mw==","upper_bound":"NTQ3NA==","repeats":1,"ndv":0},{"count":6256,"lower_bound":"NTQ3NQ==","upper_bound":"NjI1Ng==","repeats":1,"ndv":0},{"count":7038,"lower_bound":"NjI1Nw==","upper_bound":"NzAzOA==","repeats":1,"ndv":0},{"count":7820,"lower_bound":"NzAzOQ==","upper_bound":"NzgyMA==","repeats":1,"ndv":0},{"count":8602,"lower_bound":"NzgyMQ==","upper_bound":"ODYwMg==","repeats":1,"ndv":0},{"count":9384,"lower_bound":"ODYwMw==","upper_bound":"OTM4NA==","repeats":1,"ndv":0},{"count":10166,"lower_bound":"OTM4NQ==","upper_bound":"MTAxNjY=","repeats":1,"ndv":0},{"count":10948,"lower_bound":"MTAxNjc=","upper_bound":"MTA5NDg=","repeats":1,"ndv":0},{"count":11730,"lower_bound":"MTA5NDk=","upper_bound":"MTE3MzA=","repeats":1,"ndv":0},{"count":12512,"lower_bound":"MTE3MzE=","upper_bound":"MTI1MTI=","repeats":1,"ndv":0},{"count":13294,"lower_bound":"MTI1MTM=","upper_bound":"MTMyOTQ=","repeats":1,"ndv":0},{"count":14076,"lower_bound":"MTMyOTU=","upper_bound":"MTQwNzY=","repeats":1,"ndv":0},{"count":14858,"lower_bound":"MTQwNzc=","upper_bound":"MTQ4NTg=","repeats":1,"ndv":0},{"count":15640,"lower_bound":"MTQ4NTk=","upper_bound":"MTU2NDA=","repeats":1,"ndv":0},{"count":16422,"lower_bound":"MTU2NDE=","upper_bound":"MTY0MjI=","repeats":1,"ndv":0},{"count":17204,"lower_bound":"MTY0MjM=","upper_bound":"MTcyMDQ=","repeats":1,"ndv":0},{"count":17986,"lower_bound":"MTcyMDU=","upper_bound":"MTc5ODY=","repeats":1,"ndv":0},{"count":18768,"lower_bound":"MTc5ODc=","upper_bound":"MTg3Njg=","repeats":1,"ndv":0},{"count":19550,"lower_bound":"MTg3Njk=","upper_bound":"MTk1NTA=","repeats":1,"ndv":0},{"count":20332,"lower_bound":"MTk1NTE=","upper_bound":"MjAzMzI=","repeats":1,"ndv":0},{"count":21114,"lower_bound":"MjAzMzM=","upper_bound":"MjExMTQ=","repeats":1,"ndv":0},{"count":21896,"lower_bound":"MjExMTU=","upper_bound":"MjE4OTY=","repeats":1,"ndv":0},{"count":22678,"lower_bound":"MjE4OTc=","upper_bound":"MjI2Nzg=","repeats":1,"ndv":0},{"count":23460,"lower_bound":"MjI2Nzk=","upper_bound":"MjM0NjA=","repeats":1,"ndv":0},{"count":24242,"lower_bound":"MjM0NjE=","upper_bound":"MjQyNDI=","repeats":1,"ndv":0},{"count":25024,"lower_bound":"MjQyNDM=","upper_bound":"MjUwMjQ=","repeats":1,"ndv":0},{"count":25806,"lower_bound":"MjUwMjU=","upper_bound":"MjU4MDY=","repeats":1,"ndv":0},{"count":26588,"lower_bound":"MjU4MDc=","upper_bound":"MjY1ODg=","repeats":1,"ndv":0},{"count":27370,"lower_bound":"MjY1ODk=","upper_bound":"MjczNzA=","repeats":1,"ndv":0},{"count":28152,"lower_bound":"MjczNzE=","upper_bound":"MjgxNTI=","repeats":1,"ndv":0},{"count":28934,"lower_bound":"MjgxNTM=","upper_bound":"Mjg5MzQ=","repeats":1,"ndv":0},{"count":29716,"lower_bound":"Mjg5MzU=","upper_bound":"Mjk3MTY=","repeats":1,"ndv":0},{"count":30498,"lower_bound":"Mjk3MTc=","upper_bound":"MzA0OTg=","repeats":1,"ndv":0},{"count":31280,"lower_bound":"MzA0OTk=","upper_bound":"MzEyODA=","repeats":1,"ndv":0},{"count":32062,"lower_bound":"MzEyODE=","upper_bound":"MzIwNjI=","repeats":1,"ndv":0},{"count":32844,"lower_bound":"MzIwNjM=","upper_bound":"MzI4NDQ=","repeats":1,"ndv":0},{"count":33626,"lower_bound":"MzI4NDU=","upper_bound":"MzM2MjY=","repeats":1,"ndv":0},{"count":34408,"lower_bound":"MzM2Mjc=","upper_bound":"MzQ0MDg=","repeats":1,"ndv":0},{"count":35190,"lower_bound":"MzQ0MDk=","upper_bound":"MzUxOTA=","repeats":1,"ndv":0},{"count":35972,"lower_bound":"MzUxOTE=","upper_bound":"MzU5NzI=","repeats":1,"ndv":0},{"count":36754,"lower_bound":"MzU5NzM=","upper_bound":"MzY3NTQ=","repeats":1,"ndv":0},{"count":37536,"lower_bound":"MzY3NTU=","upper_bound":"Mzc1MzY=","repeats":1,"ndv":0},{"count":38318,"lower_bound":"Mzc1Mzc=","upper_bound":"MzgzMTg=","repeats":1,"ndv":0},{"count":39100,"lower_bound":"MzgzMTk=","upper_bound":"MzkxMDA=","repeats":1,"ndv":0},{"count":39882,"lower_bound":"MzkxMDE=","upper_bound":"Mzk4ODI=","repeats":1,"ndv":0},{"count":40664,"lower_bound":"Mzk4ODM=","upper_bound":"NDA2NjQ=","repeats":1,"ndv":0},{"count":41446,"lower_bound":"NDA2NjU=","upper_bound":"NDE0NDY=","repeats":1,"ndv":0},{"count":42228,"lower_bound":"NDE0NDc=","upper_bound":"NDIyMjg=","repeats":1,"ndv":0},{"count":43010,"lower_bound":"NDIyMjk=","upper_bound":"NDMwMTA=","repeats":1,"ndv":0},{"count":43792,"lower_bound":"NDMwMTE=","upper_bound":"NDM3OTI=","repeats":1,"ndv":0},{"count":44574,"lower_bound":"NDM3OTM=","upper_bound":"NDQ1NzQ=","repeats":1,"ndv":0},{"count":45356,"lower_bound":"NDQ1NzU=","upper_bound":"NDUzNTY=","repeats":1,"ndv":0},{"count":46138,"lower_bound":"NDUzNTc=","upper_bound":"NDYxMzg=","repeats":1,"ndv":0},{"count":46920,"lower_bound":"NDYxMzk=","upper_bound":"NDY5MjA=","repeats":1,"ndv":0},{"count":47702,"lower_bound":"NDY5MjE=","upper_bound":"NDc3MDI=","repeats":1,"ndv":0},{"count":48484,"lower_bound":"NDc3MDM=","upper_bound":"NDg0ODQ=","repeats":1,"ndv":0},{"count":49266,"lower_bound":"NDg0ODU=","upper_bound":"NDkyNjY=","repeats":1,"ndv":0},{"count":50048,"lower_bound":"NDkyNjc=","upper_bound":"NTAwNDg=","repeats":1,"ndv":0},{"count":50830,"lower_bound":"NTAwNDk=","upper_bound":"NTA4MzA=","repeats":1,"ndv":0},{"count":51612,"lower_bound":"NTA4MzE=","upper_bound":"NTE2MTI=","repeats":1,"ndv":0},{"count":52394,"lower_bound":"NTE2MTM=","upper_bound":"NTIzOTQ=","repeats":1,"ndv":0},{"count":53176,"lower_bound":"NTIzOTU=","upper_bound":"NTMxNzY=","repeats":1,"ndv":0},{"count":53958,"lower_bound":"NTMxNzc=","upper_bound":"NTM5NTg=","repeats":1,"ndv":0},{"count":54740,"lower_bound":"NTM5NTk=","upper_bound":"NTQ3NDA=","repeats":1,"ndv":0},{"count":55522,"lower_bound":"NTQ3NDE=","upper_bound":"NTU1MjI=","repeats":1,"ndv":0},{"count":56304,"lower_bound":"NTU1MjM=","upper_bound":"NTYzMDQ=","repeats":1,"ndv":0},{"count":57086,"lower_bound":"NTYzMDU=","upper_bound":"NTcwODY=","repeats":1,"ndv":0},{"count":57868,"lower_bound":"NTcwODc=","upper_bound":"NTc4Njg=","repeats":1,"ndv":0},{"count":58650,"lower_bound":"NTc4Njk=","upper_bound":"NTg2NTA=","repeats":1,"ndv":0},{"count":59432,"lower_bound":"NTg2NTE=","upper_bound":"NTk0MzI=","repeats":1,"ndv":0},{"count":60214,"lower_bound":"NTk0MzM=","upper_bound":"NjAyMTQ=","repeats":1,"ndv":0},{"count":60996,"lower_bound":"NjAyMTU=","upper_bound":"NjA5OTY=","repeats":1,"ndv":0},{"count":61778,"lower_bound":"NjA5OTc=","upper_bound":"NjE3Nzg=","repeats":1,"ndv":0},{"count":62560,"lower_bound":"NjE3Nzk=","upper_bound":"NjI1NjA=","repeats":1,"ndv":0},{"count":63342,"lower_bound":"NjI1NjE=","upper_bound":"NjMzNDI=","repeats":1,"ndv":0},{"count":64124,"lower_bound":"NjMzNDM=","upper_bound":"NjQxMjQ=","repeats":1,"ndv":0},{"count":64906,"lower_bound":"NjQxMjU=","upper_bound":"NjQ5MDY=","repeats":1,"ndv":0},{"count":65688,"lower_bound":"NjQ5MDc=","upper_bound":"NjU2ODg=","repeats":1,"ndv":0},{"count":66470,"lower_bound":"NjU2ODk=","upper_bound":"NjY0NzA=","repeats":1,"ndv":0},{"count":67252,"lower_bound":"NjY0NzE=","upper_bound":"NjcyNTI=","repeats":1,"ndv":0},{"count":68034,"lower_bound":"NjcyNTM=","upper_bound":"NjgwMzQ=","repeats":1,"ndv":0},{"count":68816,"lower_bound":"NjgwMzU=","upper_bound":"Njg4MTY=","repeats":1,"ndv":0},{"count":69598,"lower_bound":"Njg4MTc=","upper_bound":"Njk1OTg=","repeats":1,"ndv":0},{"count":70380,"lower_bound":"Njk1OTk=","upper_bound":"NzAzODA=","repeats":1,"ndv":0},{"count":71162,"lower_bound":"NzAzODE=","upper_bound":"NzExNjI=","repeats":1,"ndv":0},{"count":71944,"lower_bound":"NzExNjM=","upper_bound":"NzE5NDQ=","repeats":1,"ndv":0},{"count":72726,"lower_bound":"NzE5NDU=","upper_bound":"NzI3MjY=","repeats":1,"ndv":0},{"count":73508,"lower_bound":"NzI3Mjc=","upper_bound":"NzM1MDg=","repeats":1,"ndv":0},{"count":74290,"lower_bound":"NzM1MDk=","upper_bound":"NzQyOTA=","repeats":1,"ndv":0},{"count":75072,"lower_bound":"NzQyOTE=","upper_bound":"NzUwNzI=","repeats":1,"ndv":0},{"count":75854,"lower_bound":"NzUwNzM=","upper_bound":"NzU4NTQ=","repeats":1,"ndv":0},{"count":76636,"lower_bound":"NzU4NTU=","upper_bound":"NzY2MzY=","repeats":1,"ndv":0},{"count":77418,"lower_bound":"NzY2Mzc=","upper_bound":"Nzc0MTg=","repeats":1,"ndv":0},{"count":78200,"lower_bound":"Nzc0MTk=","upper_bound":"NzgyMDA=","repeats":1,"ndv":0},{"count":78982,"lower_bound":"NzgyMDE=","upper_bound":"Nzg5ODI=","repeats":1,"ndv":0},{"count":79764,"lower_bound":"Nzg5ODM=","upper_bound":"Nzk3NjQ=","repeats":1,"ndv":0},{"count":80546,"lower_bound":"Nzk3NjU=","upper_bound":"ODA1NDY=","repeats":1,"ndv":0},{"count":81328,"lower_bound":"ODA1NDc=","upper_bound":"ODEzMjg=","repeats":1,"ndv":0},{"count":82110,"lower_bound":"ODEzMjk=","upper_bound":"ODIxMTA=","repeats":1,"ndv":0},{"count":82892,"lower_bound":"ODIxMTE=","upper_bound":"ODI4OTI=","repeats":1,"ndv":0},{"count":83674,"lower_bound":"ODI4OTM=","upper_bound":"ODM2NzQ=","repeats":1,"ndv":0},{"count":84456,"lower_bound":"ODM2NzU=","upper_bound":"ODQ0NTY=","repeats":1,"ndv":0},{"count":85238,"lower_bound":"ODQ0NTc=","upper_bound":"ODUyMzg=","repeats":1,"ndv":0},{"count":86020,"lower_bound":"ODUyMzk=","upper_bound":"ODYwMjA=","repeats":1,"ndv":0},{"count":86802,"lower_bound":"ODYwMjE=","upper_bound":"ODY4MDI=","repeats":1,"ndv":0},{"count":87584,"lower_bound":"ODY4MDM=","upper_bound":"ODc1ODQ=","repeats":1,"ndv":0},{"count":88366,"lower_bound":"ODc1ODU=","upper_bound":"ODgzNjY=","repeats":1,"ndv":0},{"count":89148,"lower_bound":"ODgzNjc=","upper_bound":"ODkxNDg=","repeats":1,"ndv":0},{"count":89930,"lower_bound":"ODkxNDk=","upper_bound":"ODk5MzA=","repeats":1,"ndv":0},{"count":90712,"lower_bound":"ODk5MzE=","upper_bound":"OTA3MTI=","repeats":1,"ndv":0},{"count":91494,"lower_bound":"OTA3MTM=","upper_bound":"OTE0OTQ=","repeats":1,"ndv":0},{"count":92276,"lower_bound":"OTE0OTU=","upper_bound":"OTIyNzY=","repeats":1,"ndv":0},{"count":93058,"lower_bound":"OTIyNzc=","upper_bound":"OTMwNTg=","repeats":1,"ndv":0},{"count":93840,"lower_bound":"OTMwNTk=","upper_bound":"OTM4NDA=","repeats":1,"ndv":0},{"count":94622,"lower_bound":"OTM4NDE=","upper_bound":"OTQ2MjI=","repeats":1,"ndv":0},{"count":95404,"lower_bound":"OTQ2MjM=","upper_bound":"OTU0MDQ=","repeats":1,"ndv":0},{"count":96186,"lower_bound":"OTU0MDU=","upper_bound":"OTYxODY=","repeats":1,"ndv":0},{"count":96968,"lower_bound":"OTYxODc=","upper_bound":"OTY5Njg=","repeats":1,"ndv":0},{"count":97750,"lower_bound":"OTY5Njk=","upper_bound":"OTc3NTA=","repeats":1,"ndv":0},{"count":98532,"lower_bound":"OTc3NTE=","upper_bound":"OTg1MzI=","repeats":1,"ndv":0},{"count":99314,"lower_bound":"OTg1MzM=","upper_bound":"OTkzMTQ=","repeats":1,"ndv":0},{"count":100096,"lower_bound":"OTkzMTU=","upper_bound":"MTAwMDk2","repeats":1,"ndv":0},{"count":100878,"lower_bound":"MTAwMDk3","upper_bound":"MTAwODc4","repeats":1,"ndv":0},{"count":101660,"lower_bound":"MTAwODc5","upper_bound":"MTAxNjYw","repeats":1,"ndv":0},{"count":102442,"lower_bound":"MTAxNjYx","upper_bound":"MTAyNDQy","repeats":1,"ndv":0},{"count":103224,"lower_bound":"MTAyNDQz","upper_bound":"MTAzMjI0","repeats":1,"ndv":0},{"count":104006,"lower_bound":"MTAzMjI1","upper_bound":"MTA0MDA2","repeats":1,"ndv":0},{"count":104788,"lower_bound":"MTA0MDA3","upper_bound":"MTA0Nzg4","repeats":1,"ndv":0},{"count":105570,"lower_bound":"MTA0Nzg5","upper_bound":"MTA1NTcw","repeats":1,"ndv":0},{"count":106352,"lower_bound":"MTA1NTcx","upper_bound":"MTA2MzUy","repeats":1,"ndv":0},{"count":107134,"lower_bound":"MTA2MzUz","upper_bound":"MTA3MTM0","repeats":1,"ndv":0},{"count":107916,"lower_bound":"MTA3MTM1","upper_bound":"MTA3OTE2","repeats":1,"ndv":0},{"count":108698,"lower_bound":"MTA3OTE3","upper_bound":"MTA4Njk4","repeats":1,"ndv":0},{"count":109480,"lower_bound":"MTA4Njk5","upper_bound":"MTA5NDgw","repeats":1,"ndv":0},{"count":110262,"lower_bound":"MTA5NDgx","upper_bound":"MTEwMjYy","repeats":1,"ndv":0},{"count":111044,"lower_bound":"MTEwMjYz","upper_bound":"MTExMDQ0","repeats":1,"ndv":0},{"count":111826,"lower_bound":"MTExMDQ1","upper_bound":"MTExODI2","repeats":1,"ndv":0},{"count":112608,"lower_bound":"MTExODI3","upper_bound":"MTEyNjA4","repeats":1,"ndv":0},{"count":113390,"lower_bound":"MTEyNjA5","upper_bound":"MTEzMzkw","repeats":1,"ndv":0},{"count":114172,"lower_bound":"MTEzMzkx","upper_bound":"MTE0MTcy","repeats":1,"ndv":0},{"count":114954,"lower_bound":"MTE0MTcz","upper_bound":"MTE0OTU0","repeats":1,"ndv":0},{"count":115736,"lower_bound":"MTE0OTU1","upper_bound":"MTE1NzM2","repeats":1,"ndv":0},{"count":116518,"lower_bound":"MTE1NzM3","upper_bound":"MTE2NTE4","repeats":1,"ndv":0},{"count":117300,"lower_bound":"MTE2NTE5","upper_bound":"MTE3MzAw","repeats":1,"ndv":0},{"count":118082,"lower_bound":"MTE3MzAx","upper_bound":"MTE4MDgy","repeats":1,"ndv":0},{"count":118864,"lower_bound":"MTE4MDgz","upper_bound":"MTE4ODY0","repeats":1,"ndv":0},{"count":119646,"lower_bound":"MTE4ODY1","upper_bound":"MTE5NjQ2","repeats":1,"ndv":0},{"count":120428,"lower_bound":"MTE5NjQ3","upper_bound":"MTIwNDI4","repeats":1,"ndv":0},{"count":121210,"lower_bound":"MTIwNDI5","upper_bound":"MTIxMjEw","repeats":1,"ndv":0},{"count":121992,"lower_bound":"MTIxMjEx","upper_bound":"MTIxOTky","repeats":1,"ndv":0},{"count":122774,"lower_bound":"MTIxOTkz","upper_bound":"MTIyNzc0","repeats":1,"ndv":0},{"count":123556,"lower_bound":"MTIyNzc1","upper_bound":"MTIzNTU2","repeats":1,"ndv":0},{"count":124338,"lower_bound":"MTIzNTU3","upper_bound":"MTI0MzM4","repeats":1,"ndv":0},{"count":125120,"lower_bound":"MTI0MzM5","upper_bound":"MTI1MTIw","repeats":1,"ndv":0},{"count":125902,"lower_bound":"MTI1MTIx","upper_bound":"MTI1OTAy","repeats":1,"ndv":0},{"count":126684,"lower_bound":"MTI1OTAz","upper_bound":"MTI2Njg0","repeats":1,"ndv":0},{"count":127466,"lower_bound":"MTI2Njg1","upper_bound":"MTI3NDY2","repeats":1,"ndv":0},{"count":128248,"lower_bound":"MTI3NDY3","upper_bound":"MTI4MjQ4","repeats":1,"ndv":0},{"count":129030,"lower_bound":"MTI4MjQ5","upper_bound":"MTI5MDMw","repeats":1,"ndv":0},{"count":129812,"lower_bound":"MTI5MDMx","upper_bound":"MTI5ODEy","repeats":1,"ndv":0},{"count":130594,"lower_bound":"MTI5ODEz","upper_bound":"MTMwNTk0","repeats":1,"ndv":0},{"count":131376,"lower_bound":"MTMwNTk1","upper_bound":"MTMxMzc2","repeats":1,"ndv":0},{"count":132158,"lower_bound":"MTMxMzc3","upper_bound":"MTMyMTU4","repeats":1,"ndv":0},{"count":132940,"lower_bound":"MTMyMTU5","upper_bound":"MTMyOTQw","repeats":1,"ndv":0},{"count":133722,"lower_bound":"MTMyOTQx","upper_bound":"MTMzNzIy","repeats":1,"ndv":0},{"count":134504,"lower_bound":"MTMzNzIz","upper_bound":"MTM0NTA0","repeats":1,"ndv":0},{"count":135286,"lower_bound":"MTM0NTA1","upper_bound":"MTM1Mjg2","repeats":1,"ndv":0},{"count":136068,"lower_bound":"MTM1Mjg3","upper_bound":"MTM2MDY4","repeats":1,"ndv":0},{"count":136850,"lower_bound":"MTM2MDY5","upper_bound":"MTM2ODUw","repeats":1,"ndv":0},{"count":137632,"lower_bound":"MTM2ODUx","upper_bound":"MTM3NjMy","repeats":1,"ndv":0},{"count":138414,"lower_bound":"MTM3NjMz","upper_bound":"MTM4NDE0","repeats":1,"ndv":0},{"count":139196,"lower_bound":"MTM4NDE1","upper_bound":"MTM5MTk2","repeats":1,"ndv":0},{"count":139978,"lower_bound":"MTM5MTk3","upper_bound":"MTM5OTc4","repeats":1,"ndv":0},{"count":140760,"lower_bound":"MTM5OTc5","upper_bound":"MTQwNzYw","repeats":1,"ndv":0},{"count":141542,"lower_bound":"MTQwNzYx","upper_bound":"MTQxNTQy","repeats":1,"ndv":0},{"count":142324,"lower_bound":"MTQxNTQz","upper_bound":"MTQyMzI0","repeats":1,"ndv":0},{"count":143106,"lower_bound":"MTQyMzI1","upper_bound":"MTQzMTA2","repeats":1,"ndv":0},{"count":143888,"lower_bound":"MTQzMTA3","upper_bound":"MTQzODg4","repeats":1,"ndv":0},{"count":144670,"lower_bound":"MTQzODg5","upper_bound":"MTQ0Njcw","repeats":1,"ndv":0},{"count":145452,"lower_bound":"MTQ0Njcx","upper_bound":"MTQ1NDUy","repeats":1,"ndv":0},{"count":146234,"lower_bound":"MTQ1NDUz","upper_bound":"MTQ2MjM0","repeats":1,"ndv":0},{"count":147016,"lower_bound":"MTQ2MjM1","upper_bound":"MTQ3MDE2","repeats":1,"ndv":0},{"count":147798,"lower_bound":"MTQ3MDE3","upper_bound":"MTQ3Nzk4","repeats":1,"ndv":0},{"count":148580,"lower_bound":"MTQ3Nzk5","upper_bound":"MTQ4NTgw","repeats":1,"ndv":0},{"count":149362,"lower_bound":"MTQ4NTgx","upper_bound":"MTQ5MzYy","repeats":1,"ndv":0},{"count":150144,"lower_bound":"MTQ5MzYz","upper_bound":"MTUwMTQ0","repeats":1,"ndv":0},{"count":150926,"lower_bound":"MTUwMTQ1","upper_bound":"MTUwOTI2","repeats":1,"ndv":0},{"count":151708,"lower_bound":"MTUwOTI3","upper_bound":"MTUxNzA4","repeats":1,"ndv":0},{"count":152490,"lower_bound":"MTUxNzA5","upper_bound":"MTUyNDkw","repeats":1,"ndv":0},{"count":153272,"lower_bound":"MTUyNDkx","upper_bound":"MTUzMjcy","repeats":1,"ndv":0},{"count":154054,"lower_bound":"MTUzMjcz","upper_bound":"MTU0MDU0","repeats":1,"ndv":0},{"count":154836,"lower_bound":"MTU0MDU1","upper_bound":"MTU0ODM2","repeats":1,"ndv":0},{"count":155618,"lower_bound":"MTU0ODM3","upper_bound":"MTU1NjE4","repeats":1,"ndv":0},{"count":156400,"lower_bound":"MTU1NjE5","upper_bound":"MTU2NDAw","repeats":1,"ndv":0},{"count":157182,"lower_bound":"MTU2NDAx","upper_bound":"MTU3MTgy","repeats":1,"ndv":0},{"count":157964,"lower_bound":"MTU3MTgz","upper_bound":"MTU3OTY0","repeats":1,"ndv":0},{"count":158746,"lower_bound":"MTU3OTY1","upper_bound":"MTU4NzQ2","repeats":1,"ndv":0},{"count":159528,"lower_bound":"MTU4NzQ3","upper_bound":"MTU5NTI4","repeats":1,"ndv":0},{"count":160310,"lower_bound":"MTU5NTI5","upper_bound":"MTYwMzEw","repeats":1,"ndv":0},{"count":161092,"lower_bound":"MTYwMzEx","upper_bound":"MTYxMDky","repeats":1,"ndv":0},{"count":161874,"lower_bound":"MTYxMDkz","upper_bound":"MTYxODc0","repeats":1,"ndv":0},{"count":162656,"lower_bound":"MTYxODc1","upper_bound":"MTYyNjU2","repeats":1,"ndv":0},{"count":163438,"lower_bound":"MTYyNjU3","upper_bound":"MTYzNDM4","repeats":1,"ndv":0},{"count":164220,"lower_bound":"MTYzNDM5","upper_bound":"MTY0MjIw","repeats":1,"ndv":0},{"count":165002,"lower_bound":"MTY0MjIx","upper_bound":"MTY1MDAy","repeats":1,"ndv":0},{"count":165784,"lower_bound":"MTY1MDAz","upper_bound":"MTY1Nzg0","repeats":1,"ndv":0},{"count":166566,"lower_bound":"MTY1Nzg1","upper_bound":"MTY2NTY2","repeats":1,"ndv":0},{"count":167348,"lower_bound":"MTY2NTY3","upper_bound":"MTY3MzQ4","repeats":1,"ndv":0},{"count":168130,"lower_bound":"MTY3MzQ5","upper_bound":"MTY4MTMw","repeats":1,"ndv":0},{"count":168912,"lower_bound":"MTY4MTMx","upper_bound":"MTY4OTEy","repeats":1,"ndv":0},{"count":169694,"lower_bound":"MTY4OTEz","upper_bound":"MTY5Njk0","repeats":1,"ndv":0},{"count":170476,"lower_bound":"MTY5Njk1","upper_bound":"MTcwNDc2","repeats":1,"ndv":0},{"count":171258,"lower_bound":"MTcwNDc3","upper_bound":"MTcxMjU4","repeats":1,"ndv":0},{"count":172040,"lower_bound":"MTcxMjU5","upper_bound":"MTcyMDQw","repeats":1,"ndv":0},{"count":172822,"lower_bound":"MTcyMDQx","upper_bound":"MTcyODIy","repeats":1,"ndv":0},{"count":173604,"lower_bound":"MTcyODIz","upper_bound":"MTczNjA0","repeats":1,"ndv":0},{"count":174386,"lower_bound":"MTczNjA1","upper_bound":"MTc0Mzg2","repeats":1,"ndv":0},{"count":175168,"lower_bound":"MTc0Mzg3","upper_bound":"MTc1MTY4","repeats":1,"ndv":0},{"count":175950,"lower_bound":"MTc1MTY5","upper_bound":"MTc1OTUw","repeats":1,"ndv":0},{"count":176732,"lower_bound":"MTc1OTUx","upper_bound":"MTc2NzMy","repeats":1,"ndv":0},{"count":177514,"lower_bound":"MTc2NzMz","upper_bound":"MTc3NTE0","repeats":1,"ndv":0},{"count":178296,"lower_bound":"MTc3NTE1","upper_bound":"MTc4Mjk2","repeats":1,"ndv":0},{"count":179078,"lower_bound":"MTc4Mjk3","upper_bound":"MTc5MDc4","repeats":1,"ndv":0},{"count":179860,"lower_bound":"MTc5MDc5","upper_bound":"MTc5ODYw","repeats":1,"ndv":0},{"count":180642,"lower_bound":"MTc5ODYx","upper_bound":"MTgwNjQy","repeats":1,"ndv":0},{"count":181424,"lower_bound":"MTgwNjQz","upper_bound":"MTgxNDI0","repeats":1,"ndv":0},{"count":182206,"lower_bound":"MTgxNDI1","upper_bound":"MTgyMjA2","repeats":1,"ndv":0},{"count":182988,"lower_bound":"MTgyMjA3","upper_bound":"MTgyOTg4","repeats":1,"ndv":0},{"count":183770,"lower_bound":"MTgyOTg5","upper_bound":"MTgzNzcw","repeats":1,"ndv":0},{"count":184552,"lower_bound":"MTgzNzcx","upper_bound":"MTg0NTUy","repeats":1,"ndv":0},{"count":185334,"lower_bound":"MTg0NTUz","upper_bound":"MTg1MzM0","repeats":1,"ndv":0},{"count":186116,"lower_bound":"MTg1MzM1","upper_bound":"MTg2MTE2","repeats":1,"ndv":0},{"count":186898,"lower_bound":"MTg2MTE3","upper_bound":"MTg2ODk4","repeats":1,"ndv":0},{"count":187680,"lower_bound":"MTg2ODk5","upper_bound":"MTg3Njgw","repeats":1,"ndv":0},{"count":188462,"lower_bound":"MTg3Njgx","upper_bound":"MTg4NDYy","repeats":1,"ndv":0},{"count":189244,"lower_bound":"MTg4NDYz","upper_bound":"MTg5MjQ0","repeats":1,"ndv":0},{"count":190026,"lower_bound":"MTg5MjQ1","upper_bound":"MTkwMDI2","repeats":1,"ndv":0},{"count":190808,"lower_bound":"MTkwMDI3","upper_bound":"MTkwODA4","repeats":1,"ndv":0},{"count":191590,"lower_bound":"MTkwODA5","upper_bound":"MTkxNTkw","repeats":1,"ndv":0},{"count":192372,"lower_bound":"MTkxNTkx","upper_bound":"MTkyMzcy","repeats":1,"ndv":0},{"count":193154,"lower_bound":"MTkyMzcz","upper_bound":"MTkzMTU0","repeats":1,"ndv":0},{"count":193936,"lower_bound":"MTkzMTU1","upper_bound":"MTkzOTM2","repeats":1,"ndv":0},{"count":194718,"lower_bound":"MTkzOTM3","upper_bound":"MTk0NzE4","repeats":1,"ndv":0},{"count":195500,"lower_bound":"MTk0NzE5","upper_bound":"MTk1NTAw","repeats":1,"ndv":0},{"count":196282,"lower_bound":"MTk1NTAx","upper_bound":"MTk2Mjgy","repeats":1,"ndv":0},{"count":197064,"lower_bound":"MTk2Mjgz","upper_bound":"MTk3MDY0","repeats":1,"ndv":0},{"count":197846,"lower_bound":"MTk3MDY1","upper_bound":"MTk3ODQ2","repeats":1,"ndv":0},{"count":198628,"lower_bound":"MTk3ODQ3","upper_bound":"MTk4NjI4","repeats":1,"ndv":0},{"count":199410,"lower_bound":"MTk4NjI5","upper_bound":"MTk5NDEw","repeats":1,"ndv":0},{"count":200000,"lower_bound":"MTk5NDEx","upper_bound":"MjAwMDAw","repeats":1,"ndv":0}]},"cm_sketch":null,"fm_sketch":null,"stats_ver":2,"null_count":0,"tot_col_size":591746,"last_update_version":455768097904394240,"correlation":1},"p_retailprice":{"histogram":{"ndv":0},"cm_sketch":null,"fm_sketch":null,"stats_ver":0,"null_count":0,"tot_col_size":0,"last_update_version":0,"correlation":0},"p_size":{"histogram":{"ndv":0},"cm_sketch":null,"fm_sketch":null,"stats_ver":0,"null_count":0,"tot_col_size":0,"last_update_version":0,"correlation":0},"p_type":{"histogram":{"ndv":0},"cm_sketch":null,"fm_sketch":null,"stats_ver":0,"null_count":0,"tot_col_size":0,"last_update_version":0,"correlation":0}},"indices":{},"partitions":null,"database_name":"tuner_db","table_name":"part","ext_stats":null,"predicate_columns":[{"last_used_at":"2025-02-03 22:27:33","last_analyzed_at":null,"id":4},{"last_used_at":"2025-02-03 22:27:39","last_analyzed_at":null,"id":5},{"last_used_at":"2025-02-03 22:27:34","last_analyzed_at":null,"id":6},{"last_used_at":"2025-02-03 22:27:33","last_analyzed_at":null,"id":7},{"last_used_at":"2025-02-03 22:27:39","last_analyzed_at":"2025-02-03 21:15:16","id":1},{"last_used_at":"2025-02-03 22:27:39","last_analyzed_at":null,"id":2}],"count":400000,"modify_count":200000,"version":455768099364536320,"is_historical_stats":false}