{"columns":{"o_clerk":{"histogram":{"ndv":0},"cm_sketch":null,"fm_sketch":null,"stats_ver":0,"null_count":0,"tot_col_size":0,"last_update_version":455768099338846208,"correlation":0},"o_comment":{"histogram":{"ndv":0},"cm_sketch":null,"fm_sketch":null,"stats_ver":0,"null_count":0,"tot_col_size":0,"last_update_version":455768099338846208,"correlation":0},"o_custkey":{"histogram":{"ndv":0},"cm_sketch":null,"fm_sketch":null,"stats_ver":0,"null_count":0,"tot_col_size":0,"last_update_version":455768099338846208,"correlation":0},"o_orderdate":{"histogram":{"ndv":0},"cm_sketch":null,"fm_sketch":null,"stats_ver":0,"null_count":0,"tot_col_size":0,"last_update_version":455768099338846208,"correlation":0},"o_orderkey":{"histogram":{"ndv":1500000,"buckets":[{"count":5867,"lower_bound":"NjY=","upper_bound":"MjM0NTg=","repeats":1,"ndv":0},{"count":11735,"lower_bound":"MjM0ODk=","upper_bound":"NDQ2NzQ=","repeats":1,"ndv":0},{"count":17603,"lower_bound":"NDQ4MDc=","upper_bound":"NjkzNDc=","repeats":1,"ndv":0},{"count":23470,"lower_bound":"NjkzNzk=","upper_bound":"OTI1NDk=","repeats":1,"ndv":0},{"count":29338,"lower_bound":"OTI1Nzg=","upper_bound":"MTE3NDQx","repeats":1,"ndv":0},{"count":35206,"lower_bound":"MTE3NTA5","upper_bound":"MTM5NDkz","repeats":1,"ndv":0},{"count":41073,"lower_bound":"MTM5NTU4","upper_bound":"MTYzMTA5","repeats":1,"ndv":0},{"count":46941,"lower_bound":"MTYzMjA0","upper_bound":"MTg2NjI3","repeats":1,"ndv":0},{"count":52809,"lower_bound":"MTg2NjU4","upper_bound":"MjA5NzYx","repeats":1,"ndv":0},{"count":58676,"lower_bound":"MjA5ODg4","upper_bound":"MjMzNzk5","repeats":1,"ndv":0},{"count":64544,"lower_bound":"MjMzODI4","upper_bound":"MjU2MDY1","repeats":1,"ndv":0},{"count":70412,"lower_bound":"MjU2MDY4","upper_bound":"MjgxNDQz","repeats":1,"ndv":0},{"count":76279,"lower_bound":"MjgxNTA5","upper_bound":"MzA1Mjgx","repeats":1,"ndv":0},{"count":82147,"lower_bound":"MzA1Mjg1","upper_bound":"MzI3NzE0","repeats":1,"ndv":0},{"count":88015,"lower_bound":"MzI3NzE1","upper_bound":"MzUyMDY2","repeats":1,"ndv":0},{"count":93882,"lower_bound":"MzUyMTky","upper_bound":"Mzc2NTc5","repeats":1,"ndv":0},{"count":99750,"lower_bound":"Mzc2NzA3","upper_bound":"NDAwNjQw","repeats":1,"ndv":0},{"count":105618,"lower_bound":"NDAwNzA2","upper_bound":"NDI1MzQ3","repeats":1,"ndv":0},{"count":111485,"lower_bound":"NDI1Mzc3","upper_bound":"NDQ5MDYz","repeats":1,"ndv":0},{"count":117353,"lower_bound":"NDQ5MDky","upper_bound":"NDcxNDk1","repeats":1,"ndv":0},{"count":123221,"lower_bound":"NDcxNTIw","upper_bound":"NDk1NDYy","repeats":1,"ndv":0},{"count":129088,"lower_bound":"NDk1NTg4","upper_bound":"NTE4OTc3","repeats":1,"ndv":0},{"count":134956,"lower_bound":"NTE4OTgz","upper_bound":"NTQyOTQ4","repeats":1,"ndv":0},{"count":140824,"lower_bound":"NTQyOTUx","upper_bound":"NTY3NTI3","repeats":1,"ndv":0},{"count":146691,"lower_bound":"NTY3NTU2","upper_bound":"NTg5NTEw","repeats":1,"ndv":0},{"count":152559,"lower_bound":"NTg5NjMy","upper_bound":"NjExNDkz","repeats":1,"ndv":0},{"count":158427,"lower_bound":"NjExNTIy","upper_bound":"NjM0NTY0","repeats":1,"ndv":0},{"count":164294,"lower_bound":"NjM0NjU3","upper_bound":"NjU3Njcw","repeats":1,"ndv":0},{"count":170162,"lower_bound":"NjU3NzAw","upper_bound":"NjgzMDEx","repeats":1,"ndv":0},{"count":176030,"lower_bound":"NjgzMDc1","upper_bound":"NzA2NDMy","repeats":1,"ndv":0},{"count":181897,"lower_bound":"NzA2NDM0","upper_bound":"NzI5NjY1","repeats":1,"ndv":0},{"count":187765,"lower_bound":"NzI5Njk4","upper_bound":"NzU0MzQy","repeats":1,"ndv":0},{"count":193633,"lower_bound":"NzU0Mzcy","upper_bound":"Nzc3OTI2","repeats":1,"ndv":0},{"count":199500,"lower_bound":"Nzc3OTU2","upper_bound":"ODAxMzQ5","repeats":1,"ndv":0},{"count":205368,"lower_bound":"ODAxNDEw","upper_bound":"ODI1Mjg1","repeats":1,"ndv":0},{"count":211236,"lower_bound":"ODI1MzE2","upper_bound":"ODQ5NjA0","repeats":1,"ndv":0},{"count":217104,"lower_bound":"ODQ5NjY3","upper_bound":"ODczMjE4","repeats":1,"ndv":0},{"count":222971,"lower_bound":"ODczMjgx","upper_bound":"ODk3NDc1","repeats":1,"ndv":0},{"count":228839,"lower_bound":"ODk3NTA0","upper_bound":"OTE4Mjc2","repeats":1,"ndv":0},{"count":234707,"lower_bound":"OTE4NzI2","upper_bound":"OTQzMDA5","repeats":1,"ndv":0},{"count":240574,"lower_bound":"OTQzMDc5","upper_bound":"OTY4Njc1","repeats":1,"ndv":0},{"count":246442,"lower_bound":"OTY4NzM2","upper_bound":"OTkyOTk5","repeats":1,"ndv":0},{"count":252310,"lower_bound":"OTkzMDI1","upper_bound":"MTAxNzE1NA==","repeats":1,"ndv":0},{"count":258177,"lower_bound":"MTAxNzI4Ng==","upper_bound":"MTAzOTMzNQ==","repeats":1,"ndv":0},{"count":264045,"lower_bound":"MTAzOTQ1OA==","upper_bound":"MTA2MzI5Nw==","repeats":1,"ndv":0},{"count":269913,"lower_bound":"MTA2MzI5OA==","upper_bound":"MTA4Njg1NA==","repeats":1,"ndv":0},{"count":275780,"lower_bound":"MTA4Njg4Mg==","upper_bound":"MTExMDAyMw==","repeats":1,"ndv":0},{"count":281648,"lower_bound":"MTExMDA4MA==","upper_bound":"MTEzMTEzOA==","repeats":1,"ndv":0},{"count":287516,"lower_bound":"MTEzMTE3Mw==","upper_bound":"MTE1NTY4MA==","repeats":1,"ndv":0},{"count":293383,"lower_bound":"MTE1NTY4MQ==","upper_bound":"MTE3OTc0OQ==","repeats":1,"ndv":0},{"count":299251,"lower_bound":"MTE3OTgxNA==","upper_bound":"MTIwNDE2Mg==","repeats":1,"ndv":0},{"count":305119,"lower_bound":"MTIwNDI2MQ==","upper_bound":"MTIyNzI2OQ==","repeats":1,"ndv":0},{"count":310986,"lower_bound":"MTIyNzMyOQ==","upper_bound":"MTI1MzYzNg==","repeats":1,"ndv":0},{"count":316854,"lower_bound":"MTI1MzYzOQ==","upper_bound":"MTI3NjgwNQ==","repeats":1,"ndv":0},{"count":322722,"lower_bound":"MTI3NjgwNw==","upper_bound":"MTI5OTA0NA==","repeats":1,"ndv":0},{"count":328589,"lower_bound":"MTI5OTEwNA==","upper_bound":"MTMyMTUxMA==","repeats":1,"ndv":0},{"count":334457,"lower_bound":"MTMyMTY3MQ==","upper_bound":"MTM0NDI1Nw==","repeats":1,"ndv":0},{"count":340325,"lower_bound":"MTM0NDI5NA==","upper_bound":"MTM2ODIyOQ==","repeats":1,"ndv":0},{"count":346192,"lower_bound":"MTM2ODI2MQ==","upper_bound":"MTM5Mjk2NA==","repeats":1,"ndv":0},{"count":352060,"lower_bound":"MTM5Mjk2Ng==","upper_bound":"MTQxNjk2NA==","repeats":1,"ndv":0},{"count":357928,"lower_bound":"MTQxNzE5MA==","upper_bound":"MTQzOTkwNQ==","repeats":1,"ndv":0},{"count":363795,"lower_bound":"MTQzOTkwNg==","upper_bound":"MTQ2MzE3NA==","repeats":1,"ndv":0},{"count":369663,"lower_bound":"MTQ2MzM2NQ==","upper_bound":"MTQ4NTU3MQ==","repeats":1,"ndv":0},{"count":375531,"lower_bound":"MTQ4NTY2NA==","upper_bound":"MTUwOTkyNQ==","repeats":1,"ndv":0},{"count":381398,"lower_bound":"MTUxMDAxNg==","upper_bound":"MTUzNDE3OQ==","repeats":1,"ndv":0},{"count":387266,"lower_bound":"MTUzNDI3Mw==","upper_bound":"MTU1ODExOA==","repeats":1,"ndv":0},{"count":393134,"lower_bound":"MTU1ODE3Nw==","upper_bound":"MTU4MDEzMQ==","repeats":1,"ndv":0},{"count":399001,"lower_bound":"MTU4MDI5NA==","upper_bound":"MTYwMjYyNg==","repeats":1,"ndv":0},{"count":404869,"lower_bound":"MTYwMjcyMw==","upper_bound":"MTYyNDk5NA==","repeats":1,"ndv":0},{"count":410737,"lower_bound":"MTYyNDk5OA==","upper_bound":"MTY0OTk1OQ==","repeats":1,"ndv":0},{"count":416604,"lower_bound":"MTY0OTk4NA==","upper_bound":"MTY3Mzc2Mw==","repeats":1,"ndv":0},{"count":422472,"lower_bound":"MTY3Mzc2Nw==","upper_bound":"MTY5NzI4Mw==","repeats":1,"ndv":0},{"count":428340,"lower_bound":"MTY5NzM3OA==","upper_bound":"MTcxODk0OA==","repeats":1,"ndv":0},{"count":434208,"lower_bound":"MTcxOTAwOQ==","upper_bound":"MTc0MzM5Nw==","repeats":1,"ndv":0},{"count":440075,"lower_bound":"MTc0MzQyNQ==","upper_bound":"MTc2NTg2MQ==","repeats":1,"ndv":0},{"count":445943,"lower_bound":"MTc2NTkyNw==","upper_bound":"MTc4OTk4NQ==","repeats":1,"ndv":0},{"count":451811,"lower_bound":"MTc5MDA1NQ==","upper_bound":"MTgxMzEyNg==","repeats":1,"ndv":0},{"count":457678,"lower_bound":"MTgxMzE4NQ==","upper_bound":"MTgzNjc0MQ==","repeats":1,"ndv":0},{"count":463546,"lower_bound":"MTgzNjgzNQ==","upper_bound":"MTg2MDQxOA==","repeats":1,"ndv":0},{"count":469414,"lower_bound":"MTg2MDQ4MQ==","upper_bound":"MTg4NDQ4MA==","repeats":1,"ndv":0},{"count":475281,"lower_bound":"MTg4NDQ4Mg==","upper_bound":"MTkwNzkxMQ==","repeats":1,"ndv":0},{"count":481149,"lower_bound":"MTkwNzkzOA==","upper_bound":"MTkzMjg3MA==","repeats":1,"ndv":0},{"count":487017,"lower_bound":"MTkzMjkwMA==","upper_bound":"MTk1NzI4MA==","repeats":1,"ndv":0},{"count":492884,"lower_bound":"MTk1NzM1MQ==","upper_bound":"MTk3OTIzMw==","repeats":1,"ndv":0},{"count":498752,"lower_bound":"MTk3OTI2Nw==","upper_bound":"MjAwMTYzOQ==","repeats":1,"ndv":0},{"count":504620,"lower_bound":"MjAwMTc2Mw==","upper_bound":"MjAyNDAzNw==","repeats":1,"ndv":0},{"count":510487,"lower_bound":"MjAyNDA3MA==","upper_bound":"MjA0NzMwMg==","repeats":1,"ndv":0},{"count":516355,"lower_bound":"MjA0NzMzNQ==","upper_bound":"MjA3MTgxMQ==","repeats":1,"ndv":0},{"count":522223,"lower_bound":"MjA3MTg0Mg==","upper_bound":"MjA5NDgxNw==","repeats":1,"ndv":0},{"count":528090,"lower_bound":"MjA5NDkxMw==","upper_bound":"MjExOTI2Ng==","repeats":1,"ndv":0},{"count":533958,"lower_bound":"MjExOTI5OA==","upper_bound":"MjE0MzQ4OQ==","repeats":1,"ndv":0},{"count":539826,"lower_bound":"MjE0MzQ5MA==","upper_bound":"MjE2NDk2NQ==","repeats":1,"ndv":0},{"count":545693,"lower_bound":"MjE2NTA5MQ==","upper_bound":"MjE4ODI5NQ==","repeats":1,"ndv":0},{"count":551561,"lower_bound":"MjE4ODQxOQ==","upper_bound":"MjIxMTkzOA==","repeats":1,"ndv":0},{"count":557429,"lower_bound":"MjIxMTkzOQ==","upper_bound":"MjIzNjE5NA==","repeats":1,"ndv":0},{"count":563296,"lower_bound":"MjIzNjE5Nw==","upper_bound":"MjI1OTcxNg==","repeats":1,"ndv":0},{"count":569164,"lower_bound":"MjI1OTcxOA==","upper_bound":"MjI4MzU4NA==","repeats":1,"ndv":0},{"count":575032,"lower_bound":"MjI4MzY1NA==","upper_bound":"MjMwODI5MQ==","repeats":1,"ndv":0},{"count":580899,"lower_bound":"MjMwODM5MQ==","upper_bound":"MjMzMDUyOQ==","repeats":1,"ndv":0},{"count":586767,"lower_bound":"MjMzMDUzMw==","upper_bound":"MjM1Mzg2MA==","repeats":1,"ndv":0},{"count":592635,"lower_bound":"MjM1NDA1Mw==","upper_bound":"MjM3NjU4Mw==","repeats":1,"ndv":0},{"count":598502,"lower_bound":"MjM3NjYwOQ==","upper_bound":"MjQwMDgzMg==","repeats":1,"ndv":0},{"count":604370,"lower_bound":"MjQwMDkwMQ==","upper_bound":"MjQyNTk1Mw==","repeats":1,"ndv":0},{"count":610238,"lower_bound":"MjQyNTk4NQ==","upper_bound":"MjQ1MDAxOA==","repeats":1,"ndv":0},{"count":616105,"lower_bound":"MjQ1MDAxOQ==","upper_bound":"MjQ3MjkwMQ==","repeats":1,"ndv":0},{"count":621973,"lower_bound":"MjQ3MjkwMw==","upper_bound":"MjQ5ODAxNg==","repeats":1,"ndv":0},{"count":627841,"lower_bound":"MjQ5ODA1MA==","upper_bound":"MjUyMjA4Ng==","repeats":1,"ndv":0},{"count":633709,"lower_bound":"MjUyMjA4Nw==","upper_bound":"MjU0NTU0Mg==","repeats":1,"ndv":0},{"count":639576,"lower_bound":"MjU0NTczNQ==","upper_bound":"MjU2ODIyOQ==","repeats":1,"ndv":0},{"count":645444,"lower_bound":"MjU2ODMyNQ==","upper_bound":"MjU4OTQ0NQ==","repeats":1,"ndv":0},{"count":651312,"lower_bound":"MjU4OTYzNw==","upper_bound":"MjYxMTc1MQ==","repeats":1,"ndv":0},{"count":657179,"lower_bound":"MjYxMTgxMA==","upper_bound":"MjYzMzM4Mw==","repeats":1,"ndv":0},{"count":663047,"lower_bound":"MjYzMzQwOA==","upper_bound":"MjY1NzU0Mw==","repeats":1,"ndv":0},{"count":668915,"lower_bound":"MjY1Nzc2Mg==","upper_bound":"MjY4MDc3Mw==","repeats":1,"ndv":0},{"count":674782,"lower_bound":"MjY4MDg2Ng==","upper_bound":"MjcwNTEyNw==","repeats":1,"ndv":0},{"count":680650,"lower_bound":"MjcwNTIxOA==","upper_bound":"MjcyOTQ0NQ==","repeats":1,"ndv":0},{"count":686518,"lower_bound":"MjcyOTUzOA==","upper_bound":"Mjc1MTIzNQ==","repeats":1,"ndv":0},{"count":692385,"lower_bound":"Mjc1MTM5Ng==","upper_bound":"Mjc3NTU1Mg==","repeats":1,"ndv":0},{"count":698253,"lower_bound":"Mjc3NTU1NA==","upper_bound":"Mjc5NzcyOA==","repeats":1,"ndv":0},{"count":704121,"lower_bound":"Mjc5Nzc2NA==","upper_bound":"MjgyMzMzMA==","repeats":1,"ndv":0},{"count":709988,"lower_bound":"MjgyMzM2Mw==","upper_bound":"Mjg0NjM2OA==","repeats":1,"ndv":0},{"count":715856,"lower_bound":"Mjg0NjQwNg==","upper_bound":"Mjg2OTUwOA==","repeats":1,"ndv":0},{"count":721724,"lower_bound":"Mjg2OTUxMA==","upper_bound":"Mjg5NTQ2MQ==","repeats":1,"ndv":0},{"count":727591,"lower_bound":"Mjg5NTQ5NQ==","upper_bound":"MjkxODM3MA==","repeats":1,"ndv":0},{"count":733459,"lower_bound":"MjkxODQzNQ==","upper_bound":"Mjk0MTg1OA==","repeats":1,"ndv":0},{"count":739327,"lower_bound":"Mjk0MTkyNQ==","upper_bound":"Mjk2NDE5OA==","repeats":1,"ndv":0},{"count":745194,"lower_bound":"Mjk2NDMyNw==","upper_bound":"Mjk4NTg2MA==","repeats":1,"ndv":0},{"count":751062,"lower_bound":"Mjk4NTg4OA==","upper_bound":"MzAwOTAyOA==","repeats":1,"ndv":0},{"count":756930,"lower_bound":"MzAwOTA5NA==","upper_bound":"MzAzMTM5Ng==","repeats":1,"ndv":0},{"count":762797,"lower_bound":"MzAzMTQ5MA==","upper_bound":"MzA1NTIzMw==","repeats":1,"ndv":0},{"count":768665,"lower_bound":"MzA1NTIzOQ==","upper_bound":"MzA3OTQ1Ng==","repeats":1,"ndv":0},{"count":774533,"lower_bound":"MzA3OTQ1OA==","upper_bound":"MzEwMDg5OQ==","repeats":1,"ndv":0},{"count":780400,"lower_bound":"MzEwMDk5OA==","upper_bound":"MzEyNDE2Nw==","repeats":1,"ndv":0},{"count":786268,"lower_bound":"MzEyNDIyNQ==","upper_bound":"MzE0ODAwMg==","repeats":1,"ndv":0},{"count":792136,"lower_bound":"MzE0ODA3MQ==","upper_bound":"MzE2OTY2OA==","repeats":1,"ndv":0},{"count":798003,"lower_bound":"MzE2OTk1Nw==","upper_bound":"MzE5MjY0NA==","repeats":1,"ndv":0},{"count":803871,"lower_bound":"MzE5MjgwMA==","upper_bound":"MzIxNzYwMw==","repeats":1,"ndv":0},{"count":809739,"lower_bound":"MzIxNzYzNQ==","upper_bound":"MzI0MTM0Nw==","repeats":1,"ndv":0},{"count":815606,"lower_bound":"MzI0MTM0OQ==","upper_bound":"MzI2NDk2MQ==","repeats":1,"ndv":0},{"count":821474,"lower_bound":"MzI2NDk2Mw==","upper_bound":"MzI4ODIyNQ==","repeats":1,"ndv":0},{"count":827342,"lower_bound":"MzI4ODI1Nw==","upper_bound":"MzMxMjgwMw==","repeats":1,"ndv":0},{"count":833209,"lower_bound":"MzMxMjkyOQ==","upper_bound":"MzMzNjIzMA==","repeats":1,"ndv":0},{"count":839077,"lower_bound":"MzMzNjI5NA==","upper_bound":"MzM2MDQ1NA==","repeats":1,"ndv":0},{"count":844945,"lower_bound":"MzM2MDU3OA==","upper_bound":"MzM4Mzc3OA==","repeats":1,"ndv":0},{"count":850813,"lower_bound":"MzM4Mzc4MQ==","upper_bound":"MzQwNjg4MQ==","repeats":1,"ndv":0},{"count":856680,"lower_bound":"MzQwNjg4Ng==","upper_bound":"MzQzMDk3OA==","repeats":1,"ndv":0},{"count":862548,"lower_bound":"MzQzMDk4Mg==","upper_bound":"MzQ1NDA1MQ==","repeats":1,"ndv":0},{"count":868416,"lower_bound":"MzQ1NDA1Mg==","upper_bound":"MzQ3NzE1OA==","repeats":1,"ndv":0},{"count":874283,"lower_bound":"MzQ3NzIxNw==","upper_bound":"MzUwMTQ3Mg==","repeats":1,"ndv":0},{"count":880151,"lower_bound":"MzUwMTUwNA==","upper_bound":"MzUyNDE2NQ==","repeats":1,"ndv":0},{"count":886019,"lower_bound":"MzUyNDE5Ng==","upper_bound":"MzU0Nzk2OA==","repeats":1,"ndv":0},{"count":891886,"lower_bound":"MzU0ODEwMQ==","upper_bound":"MzU3MDM2OQ==","repeats":1,"ndv":0},{"count":897754,"lower_bound":"MzU3MDQwMQ==","upper_bound":"MzU5MzYwMA==","repeats":1,"ndv":0},{"count":903622,"lower_bound":"MzU5MzYwNA==","upper_bound":"MzYxNjEzMg==","repeats":1,"ndv":0},{"count":909489,"lower_bound":"MzYxNjMyMA==","upper_bound":"MzYzODMwOQ==","repeats":1,"ndv":0},{"count":915357,"lower_bound":"MzYzODQwMg==","upper_bound":"MzY2MDY0NQ==","repeats":1,"ndv":0},{"count":921225,"lower_bound":"MzY2MDY3Mg==","upper_bound":"MzY4NDAwNA==","repeats":1,"ndv":0},{"count":927092,"lower_bound":"MzY4NDEzMw==","upper_bound":"MzcwNjc5MQ==","repeats":1,"ndv":0},{"count":932960,"lower_bound":"MzcwNjgxOQ==","upper_bound":"MzczMDgxOA==","repeats":1,"ndv":0},{"count":938828,"lower_bound":"MzczMDk4Mw==","upper_bound":"Mzc1NDg1MA==","repeats":1,"ndv":0},{"count":944695,"lower_bound":"Mzc1NDkxMw==","upper_bound":"Mzc3ODU2Mw==","repeats":1,"ndv":0},{"count":950563,"lower_bound":"Mzc3ODU2Nw==","upper_bound":"MzgwMjA4Mw==","repeats":1,"ndv":0},{"count":956431,"lower_bound":"MzgwMjE3OA==","upper_bound":"MzgyNDg3MA==","repeats":1,"ndv":0},{"count":962298,"lower_bound":"MzgyNDkyOA==","upper_bound":"Mzg0OTM4MQ==","repeats":1,"ndv":0},{"count":968166,"lower_bound":"Mzg0OTUxMA==","upper_bound":"Mzg3MDg1MQ==","repeats":1,"ndv":0},{"count":974034,"lower_bound":"Mzg3MDg1Mg==","upper_bound":"Mzg5MDk4MQ==","repeats":1,"ndv":0},{"count":979901,"lower_bound":"Mzg5MTA0MA==","upper_bound":"MzkxMjg3MA==","repeats":1,"ndv":0},{"count":985769,"lower_bound":"MzkxMzA2Mw==","upper_bound":"MzkzNjY3Mw==","repeats":1,"ndv":0},{"count":991637,"lower_bound":"MzkzNjY3Ng==","upper_bound":"Mzk2MDYxNA==","repeats":1,"ndv":0},{"count":997504,"lower_bound":"Mzk2MDc3MQ==","upper_bound":"Mzk4MjI0Mw==","repeats":1,"ndv":0},{"count":1003372,"lower_bound":"Mzk4MjMzNw==","upper_bound":"NDAwNzIwNg==","repeats":1,"ndv":0},{"count":1009240,"lower_bound":"NDAwNzIzOA==","upper_bound":"NDAyOTgzMA==","repeats":1,"ndv":0},{"count":1015107,"lower_bound":"NDAyOTkyMQ==","upper_bound":"NDA1MDg0OQ==","repeats":1,"ndv":0},{"count":1020975,"lower_bound":"NDA1MDkxNg==","upper_bound":"NDA3NDk0NA==","repeats":1,"ndv":0},{"count":1026843,"lower_bound":"NDA3NDk3Nw==","upper_bound":"NDA5NzQ0MA==","repeats":1,"ndv":0},{"count":1032710,"lower_bound":"NDA5NzU0MA==","upper_bound":"NDEyMDU4MA==","repeats":1,"ndv":0},{"count":1038578,"lower_bound":"NDEyMDgzMg==","upper_bound":"NDE0NTkyNA==","repeats":1,"ndv":0},{"count":1044446,"lower_bound":"NDE0NTkyNQ==","upper_bound":"NDE3MjMyNA==","repeats":1,"ndv":0},{"count":1050313,"lower_bound":"NDE3MjUxNw==","upper_bound":"NDE5NDMwOA==","repeats":1,"ndv":0},{"count":1056181,"lower_bound":"NDE5NDQwMw==","upper_bound":"NDIxNTgxMQ==","repeats":1,"ndv":0},{"count":1062049,"lower_bound":"NDIxNjAwMg==","upper_bound":"NDIzOTg0MQ==","repeats":1,"ndv":0},{"count":1067917,"lower_bound":"NDIzOTg0Nw==","upper_bound":"NDI2Mjk0Ng==","repeats":1,"ndv":0},{"count":1073784,"lower_bound":"NDI2Mjk0OQ==","upper_bound":"NDI4NjE0OQ==","repeats":1,"ndv":0},{"count":1079652,"lower_bound":"NDI4NjIxNQ==","upper_bound":"NDMxMjY3Ng==","repeats":1,"ndv":0},{"count":1085520,"lower_bound":"NDMxMjc2OQ==","upper_bound":"NDMzNzgzMA==","repeats":1,"ndv":0},{"count":1091387,"lower_bound":"NDMzNzg2Mw==","upper_bound":"NDM1OTQzMA==","repeats":1,"ndv":0},{"count":1097255,"lower_bound":"NDM1OTU1NA==","upper_bound":"NDM4NDU3Nw==","repeats":1,"ndv":0},{"count":1103123,"lower_bound":"NDM4NDU4Mw==","upper_bound":"NDQwNjUzMQ==","repeats":1,"ndv":0},{"count":1108990,"lower_bound":"NDQwNjcyNg==","upper_bound":"NDQyOTE1Ng==","repeats":1,"ndv":0},{"count":1114858,"lower_bound":"NDQyOTE4Ng==","upper_bound":"NDQ1MTkwOA==","repeats":1,"ndv":0},{"count":1120726,"lower_bound":"NDQ1MTkwOQ==","upper_bound":"NDQ3NDgxNg==","repeats":1,"ndv":0},{"count":1126593,"lower_bound":"NDQ3NDgxNw==","upper_bound":"NDQ5NjgwMg==","repeats":1,"ndv":0},{"count":1132461,"lower_bound":"NDQ5NjgwMw==","upper_bound":"NDUyMDgzMw==","repeats":1,"ndv":0},{"count":1138329,"lower_bound":"NDUyMDg2Ng==","upper_bound":"NDU0NTg4OA==","repeats":1,"ndv":0},{"count":1144196,"lower_bound":"NDU0NTk1Nw==","upper_bound":"NDU3MDc4NA==","repeats":1,"ndv":0},{"count":1150064,"lower_bound":"NDU3MDkxNg==","upper_bound":"NDU5NjEzNQ==","repeats":1,"ndv":0},{"count":1155932,"lower_bound":"NDU5NjIyOQ==","upper_bound":"NDYyMDAwNw==","repeats":1,"ndv":0},{"count":1161799,"lower_bound":"NDYyMDAzNw==","upper_bound":"NDY0MzEzNw==","repeats":1,"ndv":0},{"count":1167667,"lower_bound":"NDY0MzIzNQ==","upper_bound":"NDY2OTYwNg==","repeats":1,"ndv":0},{"count":1173535,"lower_bound":"NDY2OTYzNw==","upper_bound":"NDY5NDI3Nw==","repeats":1,"ndv":0},{"count":1179402,"lower_bound":"NDY5NDQwMQ==","upper_bound":"NDcxODc1OA==","repeats":1,"ndv":0},{"count":1185270,"lower_bound":"NDcxODg1MQ==","upper_bound":"NDc0MjQ3MA==","repeats":1,"ndv":0},{"count":1191138,"lower_bound":"NDc0Mjc1NA==","upper_bound":"NDc2NTcwMA==","repeats":1,"ndv":0},{"count":1197005,"lower_bound":"NDc2NTc2NQ==","upper_bound":"NDc4OTYzNg==","repeats":1,"ndv":0},{"count":1202873,"lower_bound":"NDc4OTcwMg==","upper_bound":"NDgxMzQ3Mw==","repeats":1,"ndv":0},{"count":1208741,"lower_bound":"NDgxMzYzMg==","upper_bound":"NDgzNjk5NQ==","repeats":1,"ndv":0},{"count":1214608,"lower_bound":"NDgzNzA5MA==","upper_bound":"NDg2MDk2MQ==","repeats":1,"ndv":0},{"count":1220476,"lower_bound":"NDg2MDk5OA==","upper_bound":"NDg4NTY5Ng==","repeats":1,"ndv":0},{"count":1226344,"lower_bound":"NDg4NTcwMg==","upper_bound":"NDkwNzE2OQ==","repeats":1,"ndv":0},{"count":1232211,"lower_bound":"NDkwNzE3Mg==","upper_bound":"NDkyOTcwMQ==","repeats":1,"ndv":0},{"count":1238079,"lower_bound":"NDkyOTcyOQ==","upper_bound":"NDk1MjgzNQ==","repeats":1,"ndv":0},{"count":1243947,"lower_bound":"NDk1MjkwMQ==","upper_bound":"NDk3NjY0NQ==","repeats":1,"ndv":0},{"count":1249814,"lower_bound":"NDk3NjcxMA==","upper_bound":"NDk5OTk3Mg==","repeats":1,"ndv":0},{"count":1255682,"lower_bound":"NTAwMDAwMA==","upper_bound":"NTAyNTAzMA==","repeats":1,"ndv":0},{"count":1261550,"lower_bound":"NTAyNTA1Ng==","upper_bound":"NTA0NTYzNA==","repeats":1,"ndv":0},{"count":1267418,"lower_bound":"NTA0NTY5OQ==","upper_bound":"NTA2ODAzNw==","repeats":1,"ndv":0},{"count":1273285,"lower_bound":"NTA2ODA2OQ==","upper_bound":"NTA5MTA3Nw==","repeats":1,"ndv":0},{"count":1279153,"lower_bound":"NTA5MTEwOA==","upper_bound":"NTExNTM5Nw==","repeats":1,"ndv":0},{"count":1285021,"lower_bound":"NTExNTQ5MQ==","upper_bound":"NTEzOTAwOA==","repeats":1,"ndv":0},{"count":1290888,"lower_bound":"NTEzOTA3Ng==","upper_bound":"NTE2MjY1Nw==","repeats":1,"ndv":0},{"count":1296756,"lower_bound":"NTE2MjY2MQ==","upper_bound":"NTE4NTIxNw==","repeats":1,"ndv":0},{"count":1302624,"lower_bound":"NTE4NTM3OA==","upper_bound":"NTIwODUxNA==","repeats":1,"ndv":0},{"count":1308491,"lower_bound":"NTIwODYxMA==","upper_bound":"NTIzMjE2NA==","repeats":1,"ndv":0},{"count":1314359,"lower_bound":"NTIzMjIzMA==","upper_bound":"NTI1NTc4Mw==","repeats":1,"ndv":0},{"count":1320227,"lower_bound":"NTI1NTg3OA==","upper_bound":"NTI3ODQ2NA==","repeats":1,"ndv":0},{"count":1326094,"lower_bound":"NTI3ODUwMQ==","upper_bound":"NTMwMjMzOQ==","repeats":1,"ndv":0},{"count":1331962,"lower_bound":"NTMwMjM3Mg==","upper_bound":"NTMyNTc5OQ==","repeats":1,"ndv":0},{"count":1337830,"lower_bound":"NTMyNjA4NQ==","upper_bound":"NTM0NzY4NA==","repeats":1,"ndv":0},{"count":1343697,"lower_bound":"NTM0NzcxMg==","upper_bound":"NTM2OTg1OA==","repeats":1,"ndv":0},{"count":1349565,"lower_bound":"NTM2OTg2MQ==","upper_bound":"NTM5MzcwMw==","repeats":1,"ndv":0},{"count":1355433,"lower_bound":"NTM5Mzc2MQ==","upper_bound":"NTQxNzA5Mg==","repeats":1,"ndv":0},{"count":1361300,"lower_bound":"NTQxNzE5MA==","upper_bound":"NTQ0MTEyMA==","repeats":1,"ndv":0},{"count":1367168,"lower_bound":"NTQ0MTE1Mw==","upper_bound":"NTQ2MzAxMw==","repeats":1,"ndv":0},{"count":1373036,"lower_bound":"NTQ2MzA0MA==","upper_bound":"NTQ4ODA2Nw==","repeats":1,"ndv":0},{"count":1378903,"lower_bound":"NTQ4ODE5Mw==","upper_bound":"NTUxMTY4Nw==","repeats":1,"ndv":0},{"count":1384771,"lower_bound":"NTUxMTc1MA==","upper_bound":"NTUzNTMyOA==","repeats":1,"ndv":0},{"count":1390639,"lower_bound":"NTUzNTM2MQ==","upper_bound":"NTU1NjEzMQ==","repeats":1,"ndv":0},{"count":1396506,"lower_bound":"NTU1NjE5Mw==","upper_bound":"NTU4MDIyNQ==","repeats":1,"ndv":0},{"count":1402374,"lower_bound":"NTU4MDMyNA==","upper_bound":"NTYwNDUxOQ==","repeats":1,"ndv":0},{"count":1408242,"lower_bound":"NTYwNDU3Ng==","upper_bound":"NTYyOTM4MQ==","repeats":1,"ndv":0},{"count":1414109,"lower_bound":"NTYyOTQxMQ==","upper_bound":"NTY1MjM4Ng==","repeats":1,"ndv":0},{"count":1419977,"lower_bound":"NTY1MjQ1MQ==","upper_bound":"NTY3NDU2MA==","repeats":1,"ndv":0},{"count":1425845,"lower_bound":"NTY3NDU5OA==","upper_bound":"NTcwMTI4NQ==","repeats":1,"ndv":0},{"count":1431712,"lower_bound":"NTcwMTM4Mw==","upper_bound":"NTcyMjU2NA==","repeats":1,"ndv":0},{"count":1437580,"lower_bound":"NTcyMjYzMQ==","upper_bound":"NTc0ODk2Ng==","repeats":1,"ndv":0},{"count":1443448,"lower_bound":"NTc0ODk5OA==","upper_bound":"NTc3Mjc3NQ==","repeats":1,"ndv":0},{"count":1449315,"lower_bound":"NTc3MjgwMA==","upper_bound":"NTc5NDg1NA==","repeats":1,"ndv":0},{"count":1455183,"lower_bound":"NTc5NTAxMg==","upper_bound":"NTgxOTY1Mw==","repeats":1,"ndv":0},{"count":1461051,"lower_bound":"NTgxOTY4MQ==","upper_bound":"NTg0MzIzMw==","repeats":1,"ndv":0},{"count":1466918,"lower_bound":"NTg0MzI2OQ==","upper_bound":"NTg2NzA0Nw==","repeats":1,"ndv":0},{"count":1472786,"lower_bound":"NTg2NzA3Ng==","upper_bound":"NTg5MjYxMw==","repeats":1,"ndv":0},{"count":1478654,"lower_bound":"NTg5MjY0NA==","upper_bound":"NTkxNjkzMw==","repeats":1,"ndv":0},{"count":1484522,"lower_bound":"NTkxNzEyNA==","upper_bound":"NTk0MDY3Ng==","repeats":1,"ndv":0},{"count":1490389,"lower_bound":"NTk0MDY3OA==","upper_bound":"NTk2MzU1NA==","repeats":1,"ndv":0},{"count":1496257,"lower_bound":"NTk2MzU1OA==","upper_bound":"NTk4NTQ0NQ==","repeats":1,"ndv":0},{"count":1500000,"lower_bound":"NTk4NTQ3OQ==","upper_bound":"NTk5OTk3Mg==","repeats":1,"ndv":0}]},"cm_sketch":null,"fm_sketch":null,"stats_ver":2,"null_count":0,"tot_col_size":5735795,"last_update_version":455768135246544896,"correlation":1},"o_orderpriority":{"histogram":{"ndv":0},"cm_sketch":null,"fm_sketch":null,"stats_ver":0,"null_count":0,"tot_col_size":0,"last_update_version":455768099338846208,"correlation":0},"o_orderstatus":{"histogram":{"ndv":0},"cm_sketch":null,"fm_sketch":null,"stats_ver":0,"null_count":0,"tot_col_size":0,"last_update_version":455768099338846208,"correlation":0},"o_shippriority":{"histogram":{"ndv":0},"cm_sketch":null,"fm_sketch":null,"stats_ver":0,"null_count":0,"tot_col_size":0,"last_update_version":455768099338846208,"correlation":0},"o_totalprice":{"histogram":{"ndv":0},"cm_sketch":null,"fm_sketch":null,"stats_ver":0,"null_count":0,"tot_col_size":0,"last_update_version":455768099338846208,"correlation":0}},"indices":{},"partitions":null,"database_name":"tuner_db","table_name":"orders","ext_stats":null,"predicate_columns":[{"last_used_at":"2025-02-03 22:27:39","last_analyzed_at":null,"id":5},{"last_used_at":"2025-02-03 22:27:35","last_analyzed_at":null,"id":6},{"last_used_at":"2025-02-03 22:27:35","last_analyzed_at":null,"id":8},{"last_used_at":"2025-02-03 22:27:24","last_analyzed_at":null,"id":9},{"last_used_at":"2025-02-03 22:27:39","last_analyzed_at":"2025-02-03 21:17:39","id":1},{"last_used_at":"2025-02-03 22:27:39","last_analyzed_at":null,"id":2},{"last_used_at":"2025-02-03 22:27:34","last_analyzed_at":null,"id":3},{"last_used_at":"2025-02-03 22:27:29","last_analyzed_at":null,"id":4}],"count":1500000,"modify_count":0,"version":455768135246544896,"is_historical_stats":false}