{"columns":{"n_comment":{"histogram":{"ndv":0},"cm_sketch":null,"fm_sketch":null,"stats_ver":0,"null_count":0,"tot_col_size":0,"last_update_version":0,"correlation":0},"n_name":{"histogram":{"ndv":0},"cm_sketch":null,"fm_sketch":null,"stats_ver":0,"null_count":0,"tot_col_size":0,"last_update_version":0,"correlation":0},"n_nationkey":{"histogram":{"ndv":25},"cm_sketch":{"top_n":[{"data":"A4AAAAAAAAAA","count":1},{"data":"A4AAAAAAAAAB","count":1},{"data":"A4AAAAAAAAAC","count":1},{"data":"A4AAAAAAAAAD","count":1},{"data":"A4AAAAAAAAAE","count":1},{"data":"A4AAAAAAAAAF","count":1},{"data":"A4AAAAAAAAAG","count":1},{"data":"A4AAAAAAAAAH","count":1},{"data":"A4AAAAAAAAAI","count":1},{"data":"A4AAAAAAAAAJ","count":1},{"data":"A4AAAAAAAAAK","count":1},{"data":"A4AAAAAAAAAL","count":1},{"data":"A4AAAAAAAAAM","count":1},{"data":"A4AAAAAAAAAN","count":1},{"data":"A4AAAAAAAAAO","count":1},{"data":"A4AAAAAAAAAP","count":1},{"data":"A4AAAAAAAAAQ","count":1},{"data":"A4AAAAAAAAAR","count":1},{"data":"A4AAAAAAAAAS","count":1},{"data":"A4AAAAAAAAAT","count":1},{"data":"A4AAAAAAAAAU","count":1},{"data":"A4AAAAAAAAAV","count":1},{"data":"A4AAAAAAAAAW","count":1},{"data":"A4AAAAAAAAAX","count":1},{"data":"A4AAAAAAAAAY","count":1}],"default_value":0},"fm_sketch":null,"stats_ver":2,"null_count":0,"tot_col_size":25,"last_update_version":455768116872085504,"correlation":1},"n_regionkey":{"histogram":{"ndv":0},"cm_sketch":null,"fm_sketch":null,"stats_ver":0,"null_count":0,"tot_col_size":0,"last_update_version":0,"correlation":0}},"indices":{},"partitions":null,"database_name":"tuner_db","table_name":"nation","ext_stats":null,"predicate_columns":[{"last_used_at":"2025-02-03 22:27:39","last_analyzed_at":"2025-02-03 21:16:29","id":1},{"last_used_at":"2025-02-03 22:27:39","last_analyzed_at":null,"id":2},{"last_used_at":"2025-02-03 22:27:39","last_analyzed_at":null,"id":3}],"count":25,"modify_count":0,"version":455768116872085504,"is_historical_stats":false}