[{"Received Command":{"Command":"Query","ExecutedASTText":"explain analyze select\n\tsum(l_extendedprice* (1 - l_discount)) as revenue\nfrom\n\tlineitem,\n\tpart\nwhere\n\t(\n\t\tp_partkey = l_partkey\n\t\tand p_brand = 'Brand#52'\n\t\tand p_container in ('SM CASE', 'SM BOX', 'SM PACK', 'SM PKG')\n\t\tand l_quantity >= 4 and l_quantity <= 4 + 10\n\t\tand p_size between 1 and 5\n\t\tand l_shipmode in ('AIR', 'AIR REG')\n\t\tand l_shipinstruct = 'DELIVER IN PERSON'\n\t)\n\tor\n\t(\n\t\tp_partkey = l_partkey\n\t\tand p_brand = 'Brand#11'\n\t\tand p_container in ('MED BAG', 'MED BOX', 'MED PKG', 'MED PACK')\n\t\tand l_quantity >= 18 and l_quantity <= 18 + 10\n\t\tand p_size between 1 and 10\n\t\tand l_shipmode in ('AIR', 'AIR REG')\n\t\tand l_shipinstruct = 'DELIVER IN PERSON'\n\t)\n\tor\n\t(\n\t\tp_partkey = l_partkey\n\t\tand p_brand = 'Brand#51'\n\t\tand p_container in ('LG CASE', 'LG BOX', 'LG PACK', 'LG PKG')\n\t\tand l_quantity >= 29 and l_quantity <= 29 + 10\n\t\tand p_size between 1 and 15\n\t\tand l_shipmode in ('AIR', 'AIR REG')\n\t\tand l_shipinstruct = 'DELIVER IN PERSON'\n\t)","ExecuteStmtInfo":null}},{"github.com/pingcap/tidb/pkg/planner.Optimize":{"github.com/pingcap/tidb/pkg/planner.optimize":{"github.com/pingcap/tidb/pkg/planner.Optimize":{"github.com/pingcap/tidb/pkg/planner.optimize":{"github.com/pingcap/tidb/pkg/planner/core.DoOptimize":[{"github.com/pingcap/tidb/pkg/planner/core.logicalOptimize":[{"github.com/pingcap/tidb/pkg/planner/core.getStatsTable":{"TableName":"lineitem","TblInfoID":256,"InputPhysicalID":256,"HandleIsNil":false,"UsePartitionStats":false,"CountIsZero":false,"Uninitialized":false,"Outdated":false,"StatsTblInfo":{"Columns":[{"CMSketchInfo":null,"Name":"L_ORDERKEY","LoadingStatus":"allLoaded","ID":1,"NDV":1507328,"NullCount":0,"LastUpdateVersion":455768133660573696,"TotColSize":22947964,"Correlation":1,"StatsVer":2,"HistogramSize":256,"TopNSize":-1},{"CMSketchInfo":null,"Name":"L_PARTKEY","LoadingStatus":"unInitialized","ID":2,"NDV":0,"NullCount":0,"LastUpdateVersion":0,"TotColSize":0,"Correlation":0,"StatsVer":0,"HistogramSize":0,"TopNSize":-1},{"CMSketchInfo":null,"Name":"L_SUPPKEY","LoadingStatus":"unInitialized","ID":3,"NDV":0,"NullCount":0,"LastUpdateVersion":0,"TotColSize":0,"Correlation":0,"StatsVer":0,"HistogramSize":0,"TopNSize":-1},{"CMSketchInfo":null,"Name":"L_QUANTITY","LoadingStatus":"unInitialized","ID":5,"NDV":0,"NullCount":0,"LastUpdateVersion":0,"TotColSize":0,"Correlation":0,"StatsVer":0,"HistogramSize":0,"TopNSize":-1},{"CMSketchInfo":null,"Name":"L_EXTENDEDPRICE","LoadingStatus":"unInitialized","ID":6,"NDV":0,"NullCount":0,"LastUpdateVersion":0,"TotColSize":0,"Correlation":0,"StatsVer":0,"HistogramSize":0,"TopNSize":-1},{"CMSketchInfo":null,"Name":"L_DISCOUNT","LoadingStatus":"unInitialized","ID":7,"NDV":0,"NullCount":0,"LastUpdateVersion":0,"TotColSize":0,"Correlation":0,"StatsVer":0,"HistogramSize":0,"TopNSize":-1},{"CMSketchInfo":null,"Name":"L_RETURNFLAG","LoadingStatus":"unInitialized","ID":9,"NDV":0,"NullCount":0,"LastUpdateVersion":0,"TotColSize":0,"Correlation":0,"StatsVer":0,"HistogramSize":0,"TopNSize":-1},{"CMSketchInfo":null,"Name":"L_LINESTATUS","LoadingStatus":"unInitialized","ID":10,"NDV":0,"NullCount":0,"LastUpdateVersion":0,"TotColSize":0,"Correlation":0,"StatsVer":0,"HistogramSize":0,"TopNSize":-1},{"CMSketchInfo":null,"Name":"L_SHIPDATE","LoadingStatus":"unInitialized","ID":11,"NDV":0,"NullCount":0,"LastUpdateVersion":0,"TotColSize":0,"Correlation":0,"StatsVer":0,"HistogramSize":0,"TopNSize":-1},{"CMSketchInfo":null,"Name":"L_COMMITDATE","LoadingStatus":"unInitialized","ID":12,"NDV":0,"NullCount":0,"LastUpdateVersion":0,"TotColSize":0,"Correlation":0,"StatsVer":0,"HistogramSize":0,"TopNSize":-1},{"CMSketchInfo":null,"Name":"L_RECEIPTDATE","LoadingStatus":"unInitialized","ID":13,"NDV":0,"NullCount":0,"LastUpdateVersion":0,"TotColSize":0,"Correlation":0,"StatsVer":0,"HistogramSize":0,"TopNSize":-1},{"CMSketchInfo":null,"Name":"L_SHIPINSTRUCT","LoadingStatus":"unInitialized","ID":14,"NDV":0,"NullCount":0,"LastUpdateVersion":0,"TotColSize":0,"Correlation":0,"StatsVer":0,"HistogramSize":0,"TopNSize":-1},{"CMSketchInfo":null,"Name":"L_SHIPMODE","LoadingStatus":"unInitialized","ID":15,"NDV":0,"NullCount":0,"LastUpdateVersion":0,"TotColSize":0,"Correlation":0,"StatsVer":0,"HistogramSize":0,"TopNSize":-1}],"Indexes":[{"CMSketchInfo":null,"Name":"PRIMARY","LoadingStatus":"allLoaded","ID":1,"NDV":5982208,"NullCount":0,"LastUpdateVersion":455768133660573696,"TotColSize":0,"Correlation":0,"StatsVer":2,"HistogramSize":256,"TopNSize":-1}],"PhysicalID":256,"Version":455768133660573696,"Count":6001215,"ModifyCount":0}}},{"github.com/pingcap/tidb/pkg/planner/core.deriveStats4DataSource":[{"github.com/pingcap/tidb/pkg/planner/core.deriveStatsByFilter":{"github.com/pingcap/tidb/pkg/planner/cardinality.Selectivity":[{"Input Expressions":["or(and(ge(tuner_db.lineitem.l_quantity, 4), le(tuner_db.lineitem.l_quantity, 14)), or(and(ge(tuner_db.lineitem.l_quantity, 18), le(tuner_db.lineitem.l_quantity, 28)), and(ge(tuner_db.lineitem.l_quantity, 29), le(tuner_db.lineitem.l_quantity, 39))))","in(tuner_db.lineitem.l_shipmode, AIR, AIR REG)","eq(tuner_db.lineitem.l_shipinstruct, DELIVER IN PERSON)"]},{"github.com/pingcap/tidb/pkg/planner/cardinality.GetRowCountByColumnRanges":[{"Ranges":["[4.00,14.00]","[18.00,28.00]","[29.00,39.00]"],"ID":5},{"github.com/pingcap/tidb/pkg/statistics.ColumnStatsIsInvalid":{"EssentialLoaded":false,"InValidForCollPseudo":false,"IsInvalid":true,"NDV":0,"TotalCount":0}},{"Name":"L_QUANTITY","Result":450091.125}]},{"github.com/pingcap/tidb/pkg/planner/cardinality.GetRowCountByColumnRanges":[{"Ranges":["[\"DELIVER IN PERSON\",\"DELIVER IN PERSON\"]"],"ID":14},{"github.com/pingcap/tidb/pkg/statistics.ColumnStatsIsInvalid":{"EssentialLoaded":false,"InValidForCollPseudo":false,"IsInvalid":true,"NDV":0,"TotalCount":0}},{"Name":"L_SHIPINSTRUCT","Result":6001.215}]},{"github.com/pingcap/tidb/pkg/planner/cardinality.GetRowCountByColumnRanges":[{"Ranges":["[\"AIR\",\"AIR\"]","[\"AIR REG\",\"AIR REG\"]"],"ID":15},{"github.com/pingcap/tidb/pkg/statistics.ColumnStatsIsInvalid":{"EssentialLoaded":false,"InValidForCollPseudo":false,"IsInvalid":true,"NDV":0,"TotalCount":0}},{"Name":"L_SHIPMODE","Result":12002.43}]},{"Expressions":["eq(tuner_db.lineitem.l_shipinstruct, DELIVER IN PERSON)"],"Selectivity":0.001,"partial cover":false},{"Expressions":["in(tuner_db.lineitem.l_shipmode, AIR, AIR REG)"],"Selectivity":0.002,"partial cover":false},{"Expressions":["or(and(ge(tuner_db.lineitem.l_quantity, 4), le(tuner_db.lineitem.l_quantity, 14)), or(and(ge(tuner_db.lineitem.l_quantity, 18), le(tuner_db.lineitem.l_quantity, 28)), and(ge(tuner_db.lineitem.l_quantity, 29), le(tuner_db.lineitem.l_quantity, 39))))"],"Selectivity":0.075,"partial cover":false},{"Result":1.5e-7}]}},{"github.com/pingcap/tidb/pkg/planner/core.derivePathStatsAndTryHeuristics":{"github.com/pingcap/tidb/pkg/planner/core.deriveTablePathStats":null}},{"github.com/pingcap/tidb/pkg/planner/core.generateIndexMergePath":null},{"Access paths":[{"IndexName":"PRIMARY","AccessConditions":[],"IndexFilters":[],"TableFilters":["or(and(ge(tuner_db.lineitem.l_quantity, 4), le(tuner_db.lineitem.l_quantity, 14)), or(and(ge(tuner_db.lineitem.l_quantity, 18), le(tuner_db.lineitem.l_quantity, 28)), and(ge(tuner_db.lineitem.l_quantity, 29), le(tuner_db.lineitem.l_quantity, 39))))","in(tuner_db.lineitem.l_shipmode, AIR, AIR REG)","eq(tuner_db.lineitem.l_shipinstruct, DELIVER IN PERSON)"],"CountAfterAccess":6001215,"CountAfterIndex":0}]}]},{"github.com/pingcap/tidb/pkg/planner/core.getStatsTable":{"TableName":"part","TblInfoID":246,"InputPhysicalID":246,"HandleIsNil":false,"UsePartitionStats":false,"CountIsZero":false,"Uninitialized":false,"Outdated":false,"StatsTblInfo":{"Columns":[{"CMSketchInfo":null,"Name":"P_PARTKEY","LoadingStatus":"allLoaded","ID":1,"NDV":199360,"NullCount":0,"LastUpdateVersion":455768097904394240,"TotColSize":591746,"Correlation":1,"StatsVer":2,"HistogramSize":256,"TopNSize":-1},{"CMSketchInfo":null,"Name":"P_NAME","LoadingStatus":"unInitialized","ID":2,"NDV":0,"NullCount":0,"LastUpdateVersion":0,"TotColSize":0,"Correlation":0,"StatsVer":0,"HistogramSize":0,"TopNSize":-1},{"CMSketchInfo":null,"Name":"P_MFGR","LoadingStatus":"unInitialized","ID":3,"NDV":0,"NullCount":0,"LastUpdateVersion":0,"TotColSize":0,"Correlation":0,"StatsVer":0,"HistogramSize":0,"TopNSize":-1},{"CMSketchInfo":null,"Name":"P_BRAND","LoadingStatus":"unInitialized","ID":4,"NDV":0,"NullCount":0,"LastUpdateVersion":0,"TotColSize":0,"Correlation":0,"StatsVer":0,"HistogramSize":0,"TopNSize":-1},{"CMSketchInfo":null,"Name":"P_TYPE","LoadingStatus":"unInitialized","ID":5,"NDV":0,"NullCount":0,"LastUpdateVersion":0,"TotColSize":0,"Correlation":0,"StatsVer":0,"HistogramSize":0,"TopNSize":-1},{"CMSketchInfo":null,"Name":"P_SIZE","LoadingStatus":"unInitialized","ID":6,"NDV":0,"NullCount":0,"LastUpdateVersion":0,"TotColSize":0,"Correlation":0,"StatsVer":0,"HistogramSize":0,"TopNSize":-1},{"CMSketchInfo":null,"Name":"P_CONTAINER","LoadingStatus":"unInitialized","ID":7,"NDV":0,"NullCount":0,"LastUpdateVersion":0,"TotColSize":0,"Correlation":0,"StatsVer":0,"HistogramSize":0,"TopNSize":-1},{"CMSketchInfo":null,"Name":"P_RETAILPRICE","LoadingStatus":"unInitialized","ID":8,"NDV":0,"NullCount":0,"LastUpdateVersion":0,"TotColSize":0,"Correlation":0,"StatsVer":0,"HistogramSize":0,"TopNSize":-1},{"CMSketchInfo":null,"Name":"P_COMMENT","LoadingStatus":"unInitialized","ID":9,"NDV":0,"NullCount":0,"LastUpdateVersion":0,"TotColSize":0,"Correlation":0,"StatsVer":0,"HistogramSize":0,"TopNSize":-1}],"Indexes":[],"PhysicalID":246,"Version":455768099364536320,"Count":400000,"ModifyCount":200000}}},{"github.com/pingcap/tidb/pkg/planner/core.deriveStats4DataSource":[{"github.com/pingcap/tidb/pkg/planner/core.deriveStatsByFilter":{"github.com/pingcap/tidb/pkg/planner/cardinality.Selectivity":[{"Input Expressions":["or(and(eq(tuner_db.part.p_brand, Brand#52), and(in(tuner_db.part.p_container, SM CASE, SM BOX, SM PACK, SM PKG), le(tuner_db.part.p_size, 5))), or(and(eq(tuner_db.part.p_brand, Brand#11), and(in(tuner_db.part.p_container, MED BAG, MED BOX, MED PKG, MED PACK), le(tuner_db.part.p_size, 10))), and(eq(tuner_db.part.p_brand, Brand#51), and(in(tuner_db.part.p_container, LG CASE, LG BOX, LG PACK, LG PKG), le(tuner_db.part.p_size, 15)))))","ge(tuner_db.part.p_size, 1)"]},{"github.com/pingcap/tidb/pkg/planner/cardinality.GetRowCountByColumnRanges":[{"Ranges":["[NULL,+inf]"],"ID":20},{"github.com/pingcap/tidb/pkg/statistics.ColumnStatsIsInvalid":{"EssentialLoaded":false,"InValidForCollPseudo":false,"IsInvalid":true,"NDV":0,"TotalCount":0}},{"Name":"P_BRAND","Result":400000}]},{"github.com/pingcap/tidb/pkg/planner/cardinality.GetRowCountByColumnRanges":[{"Ranges":["[1,+inf]"],"ID":22},{"github.com/pingcap/tidb/pkg/statistics.ColumnStatsIsInvalid":{"EssentialLoaded":false,"InValidForCollPseudo":false,"IsInvalid":true,"NDV":0,"TotalCount":0}},{"Name":"P_SIZE","Result":133333.33333333334}]},{"github.com/pingcap/tidb/pkg/planner/cardinality.GetRowCountByColumnRanges":[{"Ranges":["[NULL,+inf]"],"ID":23},{"github.com/pingcap/tidb/pkg/statistics.ColumnStatsIsInvalid":{"EssentialLoaded":false,"InValidForCollPseudo":false,"IsInvalid":true,"NDV":0,"TotalCount":0}},{"Name":"P_CONTAINER","Result":400000}]},{"Expressions":["ge(tuner_db.part.p_size, 1)"],"Selectivity":0.33333333333333337,"partial cover":false},{"github.com/pingcap/tidb/pkg/planner/cardinality.Selectivity":[{"Input Expressions":["eq(tuner_db.part.p_brand, Brand#52)","in(tuner_db.part.p_container, SM CASE, SM BOX, SM PACK, SM PKG)","le(tuner_db.part.p_size, 5)"]},{"github.com/pingcap/tidb/pkg/planner/cardinality.GetRowCountByColumnRanges":[{"Ranges":["[\"Brand#52\",\"Brand#52\"]"],"ID":20},{"github.com/pingcap/tidb/pkg/statistics.ColumnStatsIsInvalid":{"EssentialLoaded":false,"InValidForCollPseudo":false,"IsInvalid":true,"NDV":0,"TotalCount":0}},{"Name":"P_BRAND","Result":400}]},{"github.com/pingcap/tidb/pkg/planner/cardinality.GetRowCountByColumnRanges":[{"Ranges":["[-inf,5]"],"ID":22},{"github.com/pingcap/tidb/pkg/statistics.ColumnStatsIsInvalid":{"EssentialLoaded":false,"InValidForCollPseudo":false,"IsInvalid":true,"NDV":0,"TotalCount":0}},{"Name":"P_SIZE","Result":132933.33333333334}]},{"github.com/pingcap/tidb/pkg/planner/cardinality.GetRowCountByColumnRanges":[{"Ranges":["[\"SM BOX\",\"SM BOX\"]","[\"SM CASE\",\"SM CASE\"]","[\"SM PACK\",\"SM PACK\"]","[\"SM PKG\",\"SM PKG\"]"],"ID":23},{"github.com/pingcap/tidb/pkg/statistics.ColumnStatsIsInvalid":{"EssentialLoaded":false,"InValidForCollPseudo":false,"IsInvalid":true,"NDV":0,"TotalCount":0}},{"Name":"P_CONTAINER","Result":1600}]},{"Expressions":["eq(tuner_db.part.p_brand, Brand#52)"],"Selectivity":0.001,"partial cover":false},{"Expressions":["in(tuner_db.part.p_container, SM CASE, SM BOX, SM PACK, SM PKG)"],"Selectivity":0.004,"partial cover":false},{"Expressions":["le(tuner_db.part.p_size, 5)"],"Selectivity":0.33233333333333337,"partial cover":false},{"Result":0.0000013293333333333333}]},{"github.com/pingcap/tidb/pkg/planner/cardinality.Selectivity":[{"Input Expressions":["eq(tuner_db.part.p_brand, Brand#11)","in(tuner_db.part.p_container, MED BAG, MED BOX, MED PKG, MED PACK)","le(tuner_db.part.p_size, 10)"]},{"github.com/pingcap/tidb/pkg/planner/cardinality.GetRowCountByColumnRanges":[{"Ranges":["[\"Brand#11\",\"Brand#11\"]"],"ID":20},{"github.com/pingcap/tidb/pkg/statistics.ColumnStatsIsInvalid":{"EssentialLoaded":false,"InValidForCollPseudo":false,"IsInvalid":true,"NDV":0,"TotalCount":0}},{"Name":"P_BRAND","Result":400}]},{"github.com/pingcap/tidb/pkg/planner/cardinality.GetRowCountByColumnRanges":[{"Ranges":["[-inf,10]"],"ID":22},{"github.com/pingcap/tidb/pkg/statistics.ColumnStatsIsInvalid":{"EssentialLoaded":false,"InValidForCollPseudo":false,"IsInvalid":true,"NDV":0,"TotalCount":0}},{"Name":"P_SIZE","Result":132933.33333333334}]},{"github.com/pingcap/tidb/pkg/planner/cardinality.GetRowCountByColumnRanges":[{"Ranges":["[\"MED BAG\",\"MED BAG\"]","[\"MED BOX\",\"MED BOX\"]","[\"MED PACK\",\"MED PACK\"]","[\"MED PKG\",\"MED PKG\"]"],"ID":23},{"github.com/pingcap/tidb/pkg/statistics.ColumnStatsIsInvalid":{"EssentialLoaded":false,"InValidForCollPseudo":false,"IsInvalid":true,"NDV":0,"TotalCount":0}},{"Name":"P_CONTAINER","Result":1600}]},{"Expressions":["eq(tuner_db.part.p_brand, Brand#11)"],"Selectivity":0.001,"partial cover":false},{"Expressions":["in(tuner_db.part.p_container, MED BAG, MED BOX, MED PKG, MED PACK)"],"Selectivity":0.004,"partial cover":false},{"Expressions":["le(tuner_db.part.p_size, 10)"],"Selectivity":0.33233333333333337,"partial cover":false},{"Result":0.0000013293333333333333}]},{"github.com/pingcap/tidb/pkg/planner/cardinality.Selectivity":[{"Input Expressions":["eq(tuner_db.part.p_brand, Brand#51)","in(tuner_db.part.p_container, LG CASE, LG BOX, LG PACK, LG PKG)","le(tuner_db.part.p_size, 15)"]},{"github.com/pingcap/tidb/pkg/planner/cardinality.GetRowCountByColumnRanges":[{"Ranges":["[\"Brand#51\",\"Brand#51\"]"],"ID":20},{"github.com/pingcap/tidb/pkg/statistics.ColumnStatsIsInvalid":{"EssentialLoaded":false,"InValidForCollPseudo":false,"IsInvalid":true,"NDV":0,"TotalCount":0}},{"Name":"P_BRAND","Result":400}]},{"github.com/pingcap/tidb/pkg/planner/cardinality.GetRowCountByColumnRanges":[{"Ranges":["[-inf,15]"],"ID":22},{"github.com/pingcap/tidb/pkg/statistics.ColumnStatsIsInvalid":{"EssentialLoaded":false,"InValidForCollPseudo":false,"IsInvalid":true,"NDV":0,"TotalCount":0}},{"Name":"P_SIZE","Result":132933.33333333334}]},{"github.com/pingcap/tidb/pkg/planner/cardinality.GetRowCountByColumnRanges":[{"Ranges":["[\"LG BOX\",\"LG BOX\"]","[\"LG CASE\",\"LG CASE\"]","[\"LG PACK\",\"LG PACK\"]","[\"LG PKG\",\"LG PKG\"]"],"ID":23},{"github.com/pingcap/tidb/pkg/statistics.ColumnStatsIsInvalid":{"EssentialLoaded":false,"InValidForCollPseudo":false,"IsInvalid":true,"NDV":0,"TotalCount":0}},{"Name":"P_CONTAINER","Result":1600}]},{"Expressions":["eq(tuner_db.part.p_brand, Brand#51)"],"Selectivity":0.001,"partial cover":false},{"Expressions":["in(tuner_db.part.p_container, LG CASE, LG BOX, LG PACK, LG PKG)"],"Selectivity":0.004,"partial cover":false},{"Expressions":["le(tuner_db.part.p_size, 15)"],"Selectivity":0.33233333333333337,"partial cover":false},{"Result":0.0000013293333333333333}]},{"Expression":"or(and(eq(tuner_db.part.p_brand, Brand#52), and(in(tuner_db.part.p_container, SM CASE, SM BOX, SM PACK, SM PKG), le(tuner_db.part.p_size, 5))), or(and(eq(tuner_db.part.p_brand, Brand#11), and(in(tuner_db.part.p_container, MED BAG, MED BOX, MED PKG, MED PACK), le(tuner_db.part.p_size, 10))), and(eq(tuner_db.part.p_brand, Brand#51), and(in(tuner_db.part.p_container, LG CASE, LG BOX, LG PACK, LG PKG), le(tuner_db.part.p_size, 15)))))","Selectivity":0.0000039879946986210156},{"Result":0.0000013293315662070054}]}},{"github.com/pingcap/tidb/pkg/planner/core.derivePathStatsAndTryHeuristics":{"github.com/pingcap/tidb/pkg/planner/core.deriveTablePathStats":{"github.com/pingcap/tidb/pkg/planner/cardinality.GetRowCountByIntColumnRanges":[{"Ranges":["[-inf,+inf]"],"ID":1},{"github.com/pingcap/tidb/pkg/statistics.ColumnStatsIsInvalid":{"EssentialLoaded":true,"InValidForCollPseudo":false,"IsInvalid":false,"NDV":199360,"TotalCount":200000}},{"Histogram NotNull Count":200000,"Increase Factor":2,"TopN total count":0},{"github.com/pingcap/tidb/pkg/planner/cardinality.GetColumnRowCount":[{"Start estimate range":{"Range":"[-inf,+inf]","LowValueEncoded":"AwAAAAAAAAAA","HighValueEncoded":"A///////////","CurrentRowCount":0}},{"github.com/pingcap/tidb/pkg/statistics.(*Histogram).LessRowCountWithBktIdx":[{"Locate value in buckets":{"Value":"KindInt64 -9223372036854775808","BucketIdx":0,"Exceed":false,"InBucket":false,"MatchLastValue":false}},{"Related Buckets in Histogram":[{"Index":-1,"Count":-1,"Repeat":-1},{"Index":0,"Count":782,"Repeat":1}]},{"Bucket idx":0,"Result":0}]},{"github.com/pingcap/tidb/pkg/statistics.(*Histogram).LessRowCountWithBktIdx":[{"Locate value in buckets":{"Value":"KindInt64 9223372036854775807","BucketIdx":255,"Exceed":true,"InBucket":false,"MatchLastValue":false}},{"Bucket idx":255,"Result":200000}]},{"github.com/pingcap/tidb/pkg/statistics.(*Histogram).EqualRowCount":[{"Locate value in buckets":{"Value":"KindInt64 -9223372036854775808","BucketIdx":0,"Exceed":false,"InBucket":false,"MatchLastValue":false}},{"Count":0,"Matched":false}]},{"github.com/pingcap/tidb/pkg/statistics.(*TopN).BetweenCount":{"Result":0}},{"github.com/pingcap/tidb/pkg/planner/cardinality.equalRowCountOnColumn":[{"Encoded":"A///////////","Value":"KindInt64 9223372036854775807"},{"github.com/pingcap/tidb/pkg/statistics.(*Histogram).EqualRowCount":[{"Locate value in buckets":{"Value":"KindInt64 9223372036854775807","BucketIdx":255,"Exceed":true,"InBucket":false,"MatchLastValue":false}},{"Count":0,"Matched":false}]},{"Error":null,"Result":1.0032102728731942}]},{"github.com/pingcap/tidb/pkg/statistics.(*Histogram).OutOfRangeRowCount":[{"lDatum":"KindInt64 -9223372036854775808","modifyCount":200000,"rDatum":"KindInt64 9223372036854775807","realtimeRowCount":400000},{"commonPrefix":0,"lScalar":-9223372036854776000,"rScalar":9223372036854776000,"unsigned":false},{"boundL":-199998,"boundR":399999,"histL":1,"histR":200000,"lPercent":1,"rPercent":1,"rowCount":300000},{"Result":200000}]},{"End estimate range":{"RowCount":600000,"Type":"Range"}}]},{"Name":"P_PARTKEY","Result":400000}]}}},{"github.com/pingcap/tidb/pkg/planner/core.generateIndexMergePath":null},{"Access paths":[{"AccessConditions":[],"IndexFilters":[],"TableFilters":["or(and(eq(tuner_db.part.p_brand, Brand#52), and(in(tuner_db.part.p_container, SM CASE, SM BOX, SM PACK, SM PKG), le(tuner_db.part.p_size, 5))), or(and(eq(tuner_db.part.p_brand, Brand#11), and(in(tuner_db.part.p_container, MED BAG, MED BOX, MED PKG, MED PACK), le(tuner_db.part.p_size, 10))), and(eq(tuner_db.part.p_brand, Brand#51), and(in(tuner_db.part.p_container, LG CASE, LG BOX, LG PACK, LG PKG), le(tuner_db.part.p_size, 15)))))","ge(tuner_db.part.p_size, 1)"],"CountAfterAccess":400000,"CountAfterIndex":0}]}]}]},{"github.com/pingcap/tidb/pkg/planner/core.physicalOptimize":[{"github.com/pingcap/tidb/pkg/planner/cardinality.Selectivity":[{"Input Expressions":["or(and(eq(tuner_db.part.p_brand, Brand#52), and(in(tuner_db.part.p_container, SM CASE, SM BOX, SM PACK, SM PKG), le(tuner_db.part.p_size, 5))), or(and(eq(tuner_db.part.p_brand, Brand#11), and(in(tuner_db.part.p_container, MED BAG, MED BOX, MED PKG, MED PACK), le(tuner_db.part.p_size, 10))), and(eq(tuner_db.part.p_brand, Brand#51), and(in(tuner_db.part.p_container, LG CASE, LG BOX, LG PACK, LG PKG), le(tuner_db.part.p_size, 15)))))","ge(tuner_db.part.p_size, 1)"]},{"github.com/pingcap/tidb/pkg/planner/cardinality.GetRowCountByColumnRanges":[{"Ranges":["[NULL,+inf]"],"ID":20},{"github.com/pingcap/tidb/pkg/statistics.ColumnStatsIsInvalid":{"EssentialLoaded":false,"InValidForCollPseudo":false,"IsInvalid":true,"NDV":0,"TotalCount":0}},{"Name":"P_BRAND","Result":400000}]},{"github.com/pingcap/tidb/pkg/planner/cardinality.GetRowCountByColumnRanges":[{"Ranges":["[1,+inf]"],"ID":22},{"github.com/pingcap/tidb/pkg/statistics.ColumnStatsIsInvalid":{"EssentialLoaded":false,"InValidForCollPseudo":false,"IsInvalid":true,"NDV":0,"TotalCount":0}},{"Name":"P_SIZE","Result":133333.33333333334}]},{"github.com/pingcap/tidb/pkg/planner/cardinality.GetRowCountByColumnRanges":[{"Ranges":["[NULL,+inf]"],"ID":23},{"github.com/pingcap/tidb/pkg/statistics.ColumnStatsIsInvalid":{"EssentialLoaded":false,"InValidForCollPseudo":false,"IsInvalid":true,"NDV":0,"TotalCount":0}},{"Name":"P_CONTAINER","Result":400000}]},{"Expressions":["ge(tuner_db.part.p_size, 1)"],"Selectivity":0.33333333333333337,"partial cover":false},{"github.com/pingcap/tidb/pkg/planner/cardinality.Selectivity":[{"Input Expressions":["eq(tuner_db.part.p_brand, Brand#52)","in(tuner_db.part.p_container, SM CASE, SM BOX, SM PACK, SM PKG)","le(tuner_db.part.p_size, 5)"]},{"github.com/pingcap/tidb/pkg/planner/cardinality.GetRowCountByColumnRanges":[{"Ranges":["[\"Brand#52\",\"Brand#52\"]"],"ID":20},{"github.com/pingcap/tidb/pkg/statistics.ColumnStatsIsInvalid":{"EssentialLoaded":false,"InValidForCollPseudo":false,"IsInvalid":true,"NDV":0,"TotalCount":0}},{"Name":"P_BRAND","Result":400}]},{"github.com/pingcap/tidb/pkg/planner/cardinality.GetRowCountByColumnRanges":[{"Ranges":["[-inf,5]"],"ID":22},{"github.com/pingcap/tidb/pkg/statistics.ColumnStatsIsInvalid":{"EssentialLoaded":false,"InValidForCollPseudo":false,"IsInvalid":true,"NDV":0,"TotalCount":0}},{"Name":"P_SIZE","Result":132933.33333333334}]},{"github.com/pingcap/tidb/pkg/planner/cardinality.GetRowCountByColumnRanges":[{"Ranges":["[\"SM BOX\",\"SM BOX\"]","[\"SM CASE\",\"SM CASE\"]","[\"SM PACK\",\"SM PACK\"]","[\"SM PKG\",\"SM PKG\"]"],"ID":23},{"github.com/pingcap/tidb/pkg/statistics.ColumnStatsIsInvalid":{"EssentialLoaded":false,"InValidForCollPseudo":false,"IsInvalid":true,"NDV":0,"TotalCount":0}},{"Name":"P_CONTAINER","Result":1600}]},{"Expressions":["eq(tuner_db.part.p_brand, Brand#52)"],"Selectivity":0.001,"partial cover":false},{"Expressions":["in(tuner_db.part.p_container, SM CASE, SM BOX, SM PACK, SM PKG)"],"Selectivity":0.004,"partial cover":false},{"Expressions":["le(tuner_db.part.p_size, 5)"],"Selectivity":0.33233333333333337,"partial cover":false},{"Result":0.0000013293333333333333}]},{"github.com/pingcap/tidb/pkg/planner/cardinality.Selectivity":[{"Input Expressions":["eq(tuner_db.part.p_brand, Brand#11)","in(tuner_db.part.p_container, MED BAG, MED BOX, MED PKG, MED PACK)","le(tuner_db.part.p_size, 10)"]},{"github.com/pingcap/tidb/pkg/planner/cardinality.GetRowCountByColumnRanges":[{"Ranges":["[\"Brand#11\",\"Brand#11\"]"],"ID":20},{"github.com/pingcap/tidb/pkg/statistics.ColumnStatsIsInvalid":{"EssentialLoaded":false,"InValidForCollPseudo":false,"IsInvalid":true,"NDV":0,"TotalCount":0}},{"Name":"P_BRAND","Result":400}]},{"github.com/pingcap/tidb/pkg/planner/cardinality.GetRowCountByColumnRanges":[{"Ranges":["[-inf,10]"],"ID":22},{"github.com/pingcap/tidb/pkg/statistics.ColumnStatsIsInvalid":{"EssentialLoaded":false,"InValidForCollPseudo":false,"IsInvalid":true,"NDV":0,"TotalCount":0}},{"Name":"P_SIZE","Result":132933.33333333334}]},{"github.com/pingcap/tidb/pkg/planner/cardinality.GetRowCountByColumnRanges":[{"Ranges":["[\"MED BAG\",\"MED BAG\"]","[\"MED BOX\",\"MED BOX\"]","[\"MED PACK\",\"MED PACK\"]","[\"MED PKG\",\"MED PKG\"]"],"ID":23},{"github.com/pingcap/tidb/pkg/statistics.ColumnStatsIsInvalid":{"EssentialLoaded":false,"InValidForCollPseudo":false,"IsInvalid":true,"NDV":0,"TotalCount":0}},{"Name":"P_CONTAINER","Result":1600}]},{"Expressions":["eq(tuner_db.part.p_brand, Brand#11)"],"Selectivity":0.001,"partial cover":false},{"Expressions":["in(tuner_db.part.p_container, MED BAG, MED BOX, MED PKG, MED PACK)"],"Selectivity":0.004,"partial cover":false},{"Expressions":["le(tuner_db.part.p_size, 10)"],"Selectivity":0.33233333333333337,"partial cover":false},{"Result":0.0000013293333333333333}]},{"github.com/pingcap/tidb/pkg/planner/cardinality.Selectivity":[{"Input Expressions":["eq(tuner_db.part.p_brand, Brand#51)","in(tuner_db.part.p_container, LG CASE, LG BOX, LG PACK, LG PKG)","le(tuner_db.part.p_size, 15)"]},{"github.com/pingcap/tidb/pkg/planner/cardinality.GetRowCountByColumnRanges":[{"Ranges":["[\"Brand#51\",\"Brand#51\"]"],"ID":20},{"github.com/pingcap/tidb/pkg/statistics.ColumnStatsIsInvalid":{"EssentialLoaded":false,"InValidForCollPseudo":false,"IsInvalid":true,"NDV":0,"TotalCount":0}},{"Name":"P_BRAND","Result":400}]},{"github.com/pingcap/tidb/pkg/planner/cardinality.GetRowCountByColumnRanges":[{"Ranges":["[-inf,15]"],"ID":22},{"github.com/pingcap/tidb/pkg/statistics.ColumnStatsIsInvalid":{"EssentialLoaded":false,"InValidForCollPseudo":false,"IsInvalid":true,"NDV":0,"TotalCount":0}},{"Name":"P_SIZE","Result":132933.33333333334}]},{"github.com/pingcap/tidb/pkg/planner/cardinality.GetRowCountByColumnRanges":[{"Ranges":["[\"LG BOX\",\"LG BOX\"]","[\"LG CASE\",\"LG CASE\"]","[\"LG PACK\",\"LG PACK\"]","[\"LG PKG\",\"LG PKG\"]"],"ID":23},{"github.com/pingcap/tidb/pkg/statistics.ColumnStatsIsInvalid":{"EssentialLoaded":false,"InValidForCollPseudo":false,"IsInvalid":true,"NDV":0,"TotalCount":0}},{"Name":"P_CONTAINER","Result":1600}]},{"Expressions":["eq(tuner_db.part.p_brand, Brand#51)"],"Selectivity":0.001,"partial cover":false},{"Expressions":["in(tuner_db.part.p_container, LG CASE, LG BOX, LG PACK, LG PKG)"],"Selectivity":0.004,"partial cover":false},{"Expressions":["le(tuner_db.part.p_size, 15)"],"Selectivity":0.33233333333333337,"partial cover":false},{"Result":0.0000013293333333333333}]},{"Expression":"or(and(eq(tuner_db.part.p_brand, Brand#52), and(in(tuner_db.part.p_container, SM CASE, SM BOX, SM PACK, SM PKG), le(tuner_db.part.p_size, 5))), or(and(eq(tuner_db.part.p_brand, Brand#11), and(in(tuner_db.part.p_container, MED BAG, MED BOX, MED PKG, MED PACK), le(tuner_db.part.p_size, 10))), and(eq(tuner_db.part.p_brand, Brand#51), and(in(tuner_db.part.p_container, LG CASE, LG BOX, LG PACK, LG PKG), le(tuner_db.part.p_size, 15)))))","Selectivity":0.0000039879946986210156},{"Result":0.0000013293315662070054}]},{"github.com/pingcap/tidb/pkg/planner/cardinality.Selectivity":[{"Input Expressions":["or(and(eq(tuner_db.part.p_brand, Brand#52), and(in(tuner_db.part.p_container, SM CASE, SM BOX, SM PACK, SM PKG), le(tuner_db.part.p_size, 5))), or(and(eq(tuner_db.part.p_brand, Brand#11), and(in(tuner_db.part.p_container, MED BAG, MED BOX, MED PKG, MED PACK), le(tuner_db.part.p_size, 10))), and(eq(tuner_db.part.p_brand, Brand#51), and(in(tuner_db.part.p_container, LG CASE, LG BOX, LG PACK, LG PKG), le(tuner_db.part.p_size, 15)))))","ge(tuner_db.part.p_size, 1)"]},{"github.com/pingcap/tidb/pkg/planner/cardinality.GetRowCountByColumnRanges":[{"Ranges":["[NULL,+inf]"],"ID":20},{"github.com/pingcap/tidb/pkg/statistics.ColumnStatsIsInvalid":{"EssentialLoaded":false,"InValidForCollPseudo":false,"IsInvalid":true,"NDV":0,"TotalCount":0}},{"Name":"P_BRAND","Result":400000}]},{"github.com/pingcap/tidb/pkg/planner/cardinality.GetRowCountByColumnRanges":[{"Ranges":["[1,+inf]"],"ID":22},{"github.com/pingcap/tidb/pkg/statistics.ColumnStatsIsInvalid":{"EssentialLoaded":false,"InValidForCollPseudo":false,"IsInvalid":true,"NDV":0,"TotalCount":0}},{"Name":"P_SIZE","Result":133333.33333333334}]},{"github.com/pingcap/tidb/pkg/planner/cardinality.GetRowCountByColumnRanges":[{"Ranges":["[NULL,+inf]"],"ID":23},{"github.com/pingcap/tidb/pkg/statistics.ColumnStatsIsInvalid":{"EssentialLoaded":false,"InValidForCollPseudo":false,"IsInvalid":true,"NDV":0,"TotalCount":0}},{"Name":"P_CONTAINER","Result":400000}]},{"Expressions":["ge(tuner_db.part.p_size, 1)"],"Selectivity":0.33333333333333337,"partial cover":false},{"github.com/pingcap/tidb/pkg/planner/cardinality.Selectivity":[{"Input Expressions":["eq(tuner_db.part.p_brand, Brand#52)","in(tuner_db.part.p_container, SM CASE, SM BOX, SM PACK, SM PKG)","le(tuner_db.part.p_size, 5)"]},{"github.com/pingcap/tidb/pkg/planner/cardinality.GetRowCountByColumnRanges":[{"Ranges":["[\"Brand#52\",\"Brand#52\"]"],"ID":20},{"github.com/pingcap/tidb/pkg/statistics.ColumnStatsIsInvalid":{"EssentialLoaded":false,"InValidForCollPseudo":false,"IsInvalid":true,"NDV":0,"TotalCount":0}},{"Name":"P_BRAND","Result":400}]},{"github.com/pingcap/tidb/pkg/planner/cardinality.GetRowCountByColumnRanges":[{"Ranges":["[-inf,5]"],"ID":22},{"github.com/pingcap/tidb/pkg/statistics.ColumnStatsIsInvalid":{"EssentialLoaded":false,"InValidForCollPseudo":false,"IsInvalid":true,"NDV":0,"TotalCount":0}},{"Name":"P_SIZE","Result":132933.33333333334}]},{"github.com/pingcap/tidb/pkg/planner/cardinality.GetRowCountByColumnRanges":[{"Ranges":["[\"SM BOX\",\"SM BOX\"]","[\"SM CASE\",\"SM CASE\"]","[\"SM PACK\",\"SM PACK\"]","[\"SM PKG\",\"SM PKG\"]"],"ID":23},{"github.com/pingcap/tidb/pkg/statistics.ColumnStatsIsInvalid":{"EssentialLoaded":false,"InValidForCollPseudo":false,"IsInvalid":true,"NDV":0,"TotalCount":0}},{"Name":"P_CONTAINER","Result":1600}]},{"Expressions":["eq(tuner_db.part.p_brand, Brand#52)"],"Selectivity":0.001,"partial cover":false},{"Expressions":["in(tuner_db.part.p_container, SM CASE, SM BOX, SM PACK, SM PKG)"],"Selectivity":0.004,"partial cover":false},{"Expressions":["le(tuner_db.part.p_size, 5)"],"Selectivity":0.33233333333333337,"partial cover":false},{"Result":0.0000013293333333333333}]},{"github.com/pingcap/tidb/pkg/planner/cardinality.Selectivity":[{"Input Expressions":["eq(tuner_db.part.p_brand, Brand#11)","in(tuner_db.part.p_container, MED BAG, MED BOX, MED PKG, MED PACK)","le(tuner_db.part.p_size, 10)"]},{"github.com/pingcap/tidb/pkg/planner/cardinality.GetRowCountByColumnRanges":[{"Ranges":["[\"Brand#11\",\"Brand#11\"]"],"ID":20},{"github.com/pingcap/tidb/pkg/statistics.ColumnStatsIsInvalid":{"EssentialLoaded":false,"InValidForCollPseudo":false,"IsInvalid":true,"NDV":0,"TotalCount":0}},{"Name":"P_BRAND","Result":400}]},{"github.com/pingcap/tidb/pkg/planner/cardinality.GetRowCountByColumnRanges":[{"Ranges":["[-inf,10]"],"ID":22},{"github.com/pingcap/tidb/pkg/statistics.ColumnStatsIsInvalid":{"EssentialLoaded":false,"InValidForCollPseudo":false,"IsInvalid":true,"NDV":0,"TotalCount":0}},{"Name":"P_SIZE","Result":132933.33333333334}]},{"github.com/pingcap/tidb/pkg/planner/cardinality.GetRowCountByColumnRanges":[{"Ranges":["[\"MED BAG\",\"MED BAG\"]","[\"MED BOX\",\"MED BOX\"]","[\"MED PACK\",\"MED PACK\"]","[\"MED PKG\",\"MED PKG\"]"],"ID":23},{"github.com/pingcap/tidb/pkg/statistics.ColumnStatsIsInvalid":{"EssentialLoaded":false,"InValidForCollPseudo":false,"IsInvalid":true,"NDV":0,"TotalCount":0}},{"Name":"P_CONTAINER","Result":1600}]},{"Expressions":["eq(tuner_db.part.p_brand, Brand#11)"],"Selectivity":0.001,"partial cover":false},{"Expressions":["in(tuner_db.part.p_container, MED BAG, MED BOX, MED PKG, MED PACK)"],"Selectivity":0.004,"partial cover":false},{"Expressions":["le(tuner_db.part.p_size, 10)"],"Selectivity":0.33233333333333337,"partial cover":false},{"Result":0.0000013293333333333333}]},{"github.com/pingcap/tidb/pkg/planner/cardinality.Selectivity":[{"Input Expressions":["eq(tuner_db.part.p_brand, Brand#51)","in(tuner_db.part.p_container, LG CASE, LG BOX, LG PACK, LG PKG)","le(tuner_db.part.p_size, 15)"]},{"github.com/pingcap/tidb/pkg/planner/cardinality.GetRowCountByColumnRanges":[{"Ranges":["[\"Brand#51\",\"Brand#51\"]"],"ID":20},{"github.com/pingcap/tidb/pkg/statistics.ColumnStatsIsInvalid":{"EssentialLoaded":false,"InValidForCollPseudo":false,"IsInvalid":true,"NDV":0,"TotalCount":0}},{"Name":"P_BRAND","Result":400}]},{"github.com/pingcap/tidb/pkg/planner/cardinality.GetRowCountByColumnRanges":[{"Ranges":["[-inf,15]"],"ID":22},{"github.com/pingcap/tidb/pkg/statistics.ColumnStatsIsInvalid":{"EssentialLoaded":false,"InValidForCollPseudo":false,"IsInvalid":true,"NDV":0,"TotalCount":0}},{"Name":"P_SIZE","Result":132933.33333333334}]},{"github.com/pingcap/tidb/pkg/planner/cardinality.GetRowCountByColumnRanges":[{"Ranges":["[\"LG BOX\",\"LG BOX\"]","[\"LG CASE\",\"LG CASE\"]","[\"LG PACK\",\"LG PACK\"]","[\"LG PKG\",\"LG PKG\"]"],"ID":23},{"github.com/pingcap/tidb/pkg/statistics.ColumnStatsIsInvalid":{"EssentialLoaded":false,"InValidForCollPseudo":false,"IsInvalid":true,"NDV":0,"TotalCount":0}},{"Name":"P_CONTAINER","Result":1600}]},{"Expressions":["eq(tuner_db.part.p_brand, Brand#51)"],"Selectivity":0.001,"partial cover":false},{"Expressions":["in(tuner_db.part.p_container, LG CASE, LG BOX, LG PACK, LG PKG)"],"Selectivity":0.004,"partial cover":false},{"Expressions":["le(tuner_db.part.p_size, 15)"],"Selectivity":0.33233333333333337,"partial cover":false},{"Result":0.0000013293333333333333}]},{"Expression":"or(and(eq(tuner_db.part.p_brand, Brand#52), and(in(tuner_db.part.p_container, SM CASE, SM BOX, SM PACK, SM PKG), le(tuner_db.part.p_size, 5))), or(and(eq(tuner_db.part.p_brand, Brand#11), and(in(tuner_db.part.p_container, MED BAG, MED BOX, MED PKG, MED PACK), le(tuner_db.part.p_size, 10))), and(eq(tuner_db.part.p_brand, Brand#51), and(in(tuner_db.part.p_container, LG CASE, LG BOX, LG PACK, LG PKG), le(tuner_db.part.p_size, 15)))))","Selectivity":0.0000039879946986210156},{"Result":0.0000013293315662070054}]}]}]}}}}}]
