{"columns":{"ps_availqty":{"histogram":{"ndv":0},"cm_sketch":null,"fm_sketch":null,"stats_ver":0,"null_count":0,"tot_col_size":0,"last_update_version":455768098813247488,"correlation":0},"ps_comment":{"histogram":{"ndv":0},"cm_sketch":null,"fm_sketch":null,"stats_ver":0,"null_count":0,"tot_col_size":0,"last_update_version":455768098813247488,"correlation":0},"ps_partkey":{"histogram":{"ndv":199360,"buckets":[{"count":3129,"lower_bound":"Nw==","upper_bound":"ODMz","repeats":4,"ndv":0},{"count":6258,"lower_bound":"ODM0","upper_bound":"MTY4Mg==","repeats":4,"ndv":0},{"count":9388,"lower_bound":"MTY4NQ==","upper_bound":"MjQ1NQ==","repeats":17,"ndv":0},{"count":12517,"lower_bound":"MjQ1OQ==","upper_bound":"MzIzMg==","repeats":17,"ndv":0},{"count":15647,"lower_bound":"MzIzNw==","upper_bound":"NDAyNw==","repeats":4,"ndv":0},{"count":18776,"lower_bound":"NDAyOA==","upper_bound":"NDgyMQ==","repeats":17,"ndv":0},{"count":21906,"lower_bound":"NDgyMw==","upper_bound":"NTU5OA==","repeats":4,"ndv":0},{"count":25035,"lower_bound":"NTYwMA==","upper_bound":"NjM0Mw==","repeats":4,"ndv":0},{"count":28165,"lower_bound":"NjM0Ng==","upper_bound":"NzE5OA==","repeats":4,"ndv":0},{"count":31303,"lower_bound":"NzIwMg==","upper_bound":"Nzk4Mg==","repeats":25,"ndv":0},{"count":34433,"lower_bound":"Nzk4NQ==","upper_bound":"ODc2OQ==","repeats":4,"ndv":0},{"count":37571,"lower_bound":"ODc3Mg==","upper_bound":"OTQ4Mw==","repeats":17,"ndv":0},{"count":40710,"lower_bound":"OTQ4NQ==","upper_bound":"MTAzMTk=","repeats":17,"ndv":0},{"count":43839,"lower_bound":"MTAzMjQ=","upper_bound":"MTExMDI=","repeats":4,"ndv":0},{"count":46969,"lower_bound":"MTExMDM=","upper_bound":"MTE5MzE=","repeats":4,"ndv":0},{"count":50098,"lower_bound":"MTE5NDA=","upper_bound":"MTI3Mzg=","repeats":4,"ndv":0},{"count":53228,"lower_bound":"MTI3NDA=","upper_bound":"MTM0OTc=","repeats":4,"ndv":0},{"count":56357,"lower_bound":"MTM1MDE=","upper_bound":"MTQyNjk=","repeats":4,"ndv":0},{"count":59487,"lower_bound":"MTQyNzE=","upper_bound":"MTUwMTY=","repeats":25,"ndv":0},{"count":62625,"lower_bound":"MTUwMTk=","upper_bound":"MTU3ODc=","repeats":17,"ndv":0},{"count":65755,"lower_bound":"MTU3ODk=","upper_bound":"MTY2MjE=","repeats":4,"ndv":0},{"count":68893,"lower_bound":"MTY2MjI=","upper_bound":"MTczNDc=","repeats":17,"ndv":0},{"count":72022,"lower_bound":"MTczNTA=","upper_bound":"MTgxMzI=","repeats":17,"ndv":0},{"count":75152,"lower_bound":"MTgxMzM=","upper_bound":"MTg5MDg=","repeats":17,"ndv":0},{"count":78281,"lower_bound":"MTg5MTE=","upper_bound":"MTk2Nzc=","repeats":4,"ndv":0},{"count":81420,"lower_bound":"MTk2OTM=","upper_bound":"MjA0ODk=","repeats":17,"ndv":0},{"count":84549,"lower_bound":"MjA0OTI=","upper_bound":"MjEyMTM=","repeats":4,"ndv":0},{"count":87679,"lower_bound":"MjEyMTQ=","upper_bound":"MjE5Mjc=","repeats":4,"ndv":0},{"count":90808,"lower_bound":"MjE5Mjk=","upper_bound":"MjI3Mjg=","repeats":4,"ndv":0},{"count":93938,"lower_bound":"MjI3MzE=","upper_bound":"MjM1MTE=","repeats":4,"ndv":0},{"count":97076,"lower_bound":"MjM1MTI=","upper_bound":"MjQyNjk=","repeats":17,"ndv":0},{"count":100206,"lower_bound":"MjQyNzI=","upper_bound":"MjQ5ODY=","repeats":17,"ndv":0},{"count":103335,"lower_bound":"MjQ5OTA=","upper_bound":"MjU4Mjg=","repeats":4,"ndv":0},{"count":106465,"lower_bound":"MjU4MzY=","upper_bound":"MjY2MTQ=","repeats":4,"ndv":0},{"count":109594,"lower_bound":"MjY2MTc=","upper_bound":"MjczNjY=","repeats":4,"ndv":0},{"count":112724,"lower_bound":"MjczNzI=","upper_bound":"MjgxNTQ=","repeats":4,"ndv":0},{"count":115853,"lower_bound":"MjgxNjI=","upper_bound":"Mjg5Nzg=","repeats":4,"ndv":0},{"count":118992,"lower_bound":"Mjg5Nzk=","upper_bound":"Mjk3NDI=","repeats":17,"ndv":0},{"count":122130,"lower_bound":"Mjk3NDQ=","upper_bound":"MzA1MTk=","repeats":17,"ndv":0},{"count":125260,"lower_bound":"MzA1MjA=","upper_bound":"MzEyODQ=","repeats":17,"ndv":0},{"count":128398,"lower_bound":"MzEyOTI=","upper_bound":"MzIwMTE=","repeats":17,"ndv":0},{"count":131527,"lower_bound":"MzIwMTI=","upper_bound":"MzI4OTE=","repeats":4,"ndv":0},{"count":134657,"lower_bound":"MzI4OTI=","upper_bound":"MzM3MjA=","repeats":4,"ndv":0},{"count":137795,"lower_bound":"MzM3MjE=","upper_bound":"MzQ1Njk=","repeats":17,"ndv":0},{"count":140925,"lower_bound":"MzQ1NzA=","upper_bound":"MzUzMzk=","repeats":4,"ndv":0},{"count":144054,"lower_bound":"MzUzNDA=","upper_bound":"MzYxNjA=","repeats":4,"ndv":0},{"count":147184,"lower_bound":"MzYxNjI=","upper_bound":"MzY5NzE=","repeats":4,"ndv":0},{"count":150313,"lower_bound":"MzY5NzM=","upper_bound":"Mzc3MzU=","repeats":4,"ndv":0},{"count":153443,"lower_bound":"Mzc3Mzc=","upper_bound":"Mzg1Nzk=","repeats":4,"ndv":0},{"count":156572,"lower_bound":"Mzg1ODE=","upper_bound":"MzkzNTQ=","repeats":4,"ndv":0},{"count":159702,"lower_bound":"MzkzNTU=","upper_bound":"NDAwOTg=","repeats":4,"ndv":0},{"count":162831,"lower_bound":"NDAxMDI=","upper_bound":"NDA5MDQ=","repeats":4,"ndv":0},{"count":165961,"lower_bound":"NDA5MDU=","upper_bound":"NDE3NDU=","repeats":4,"ndv":0},{"count":169090,"lower_bound":"NDE3NDk=","upper_bound":"NDI1Mjc=","repeats":4,"ndv":0},{"count":172229,"lower_bound":"NDI1Mjg=","upper_bound":"NDMzNjk=","repeats":17,"ndv":0},{"count":175358,"lower_bound":"NDMzNzI=","upper_bound":"NDQxNzg=","repeats":4,"ndv":0},{"count":178488,"lower_bound":"NDQxODA=","upper_bound":"NDQ5Njk=","repeats":4,"ndv":0},{"count":181635,"lower_bound":"NDQ5NzM=","upper_bound":"NDU3MzY=","repeats":25,"ndv":0},{"count":184765,"lower_bound":"NDU3Mzc=","upper_bound":"NDY1MTI=","repeats":4,"ndv":0},{"count":187903,"lower_bound":"NDY1MTM=","upper_bound":"NDczMDA=","repeats":25,"ndv":0},{"count":191032,"lower_bound":"NDczMDE=","upper_bound":"NDgwNTE=","repeats":4,"ndv":0},{"count":194162,"lower_bound":"NDgwNTM=","upper_bound":"NDg4MDQ=","repeats":4,"ndv":0},{"count":197291,"lower_bound":"NDg4MDU=","upper_bound":"NDk2Mjg=","repeats":4,"ndv":0},{"count":200421,"lower_bound":"NDk2MzI=","upper_bound":"NTA0MTk=","repeats":4,"ndv":0},{"count":203550,"lower_bound":"NTA0MjI=","upper_bound":"NTEyNzU=","repeats":4,"ndv":0},{"count":206689,"lower_bound":"NTEyNzg=","upper_bound":"NTIwNTU=","repeats":17,"ndv":0},{"count":209818,"lower_bound":"NTIwNTY=","upper_bound":"NTI4MzM=","repeats":4,"ndv":0},{"count":212948,"lower_bound":"NTI4MzU=","upper_bound":"NTM2MzU=","repeats":17,"ndv":0},{"count":216077,"lower_bound":"NTM2Mzk=","upper_bound":"NTQ0NDM=","repeats":4,"ndv":0},{"count":219207,"lower_bound":"NTQ0NDY=","upper_bound":"NTUxODQ=","repeats":17,"ndv":0},{"count":222336,"lower_bound":"NTUxODg=","upper_bound":"NTU5Njg=","repeats":4,"ndv":0},{"count":225466,"lower_bound":"NTU5NzA=","upper_bound":"NTY3NTM=","repeats":4,"ndv":0},{"count":228595,"lower_bound":"NTY3NTQ=","upper_bound":"NTc1MTM=","repeats":4,"ndv":0},{"count":231725,"lower_bound":"NTc1MTQ=","upper_bound":"NTgzMTU=","repeats":17,"ndv":0},{"count":234854,"lower_bound":"NTgzMTc=","upper_bound":"NTkxMjU=","repeats":4,"ndv":0},{"count":237993,"lower_bound":"NTkxMjc=","upper_bound":"NTk5MDU=","repeats":17,"ndv":0},{"count":241131,"lower_bound":"NTk5MDg=","upper_bound":"NjA2ODg=","repeats":17,"ndv":0},{"count":244261,"lower_bound":"NjA2OTI=","upper_bound":"NjE1MDQ=","repeats":4,"ndv":0},{"count":247399,"lower_bound":"NjE1MDU=","upper_bound":"NjIzNjg=","repeats":17,"ndv":0},{"count":250529,"lower_bound":"NjIzNzI=","upper_bound":"NjMyMDE=","repeats":4,"ndv":0},{"count":253658,"lower_bound":"NjMyMDM=","upper_bound":"NjM5NTg=","repeats":4,"ndv":0},{"count":256788,"lower_bound":"NjM5NTk=","upper_bound":"NjQ3Mjk=","repeats":4,"ndv":0},{"count":259917,"lower_bound":"NjQ3MzE=","upper_bound":"NjU1NzM=","repeats":4,"ndv":0},{"count":263055,"lower_bound":"NjU1NzQ=","upper_bound":"NjY0MjA=","repeats":17,"ndv":0},{"count":266185,"lower_bound":"NjY0MjE=","upper_bound":"NjcxODQ=","repeats":4,"ndv":0},{"count":269314,"lower_bound":"NjcxODU=","upper_bound":"Njc5MTA=","repeats":4,"ndv":0},{"count":272444,"lower_bound":"Njc5MTE=","upper_bound":"Njg3MzU=","repeats":4,"ndv":0},{"count":275573,"lower_bound":"Njg3NDA=","upper_bound":"Njk1NDk=","repeats":4,"ndv":0},{"count":278703,"lower_bound":"Njk1NTA=","upper_bound":"NzAzNjE=","repeats":4,"ndv":0},{"count":281841,"lower_bound":"NzAzNjQ=","upper_bound":"NzExMzM=","repeats":17,"ndv":0},{"count":284971,"lower_bound":"NzExMzQ=","upper_bound":"NzE5MzY=","repeats":4,"ndv":0},{"count":288100,"lower_bound":"NzE5Mzg=","upper_bound":"NzI3Njc=","repeats":4,"ndv":0},{"count":291230,"lower_bound":"NzI3Njk=","upper_bound":"NzM0OTI=","repeats":4,"ndv":0},{"count":294359,"lower_bound":"NzM0OTM=","upper_bound":"NzQyODM=","repeats":4,"ndv":0},{"count":297489,"lower_bound":"NzQyODQ=","upper_bound":"NzUwOTg=","repeats":4,"ndv":0},{"count":300618,"lower_bound":"NzUwOTk=","upper_bound":"NzU4OTg=","repeats":4,"ndv":0},{"count":303748,"lower_bound":"NzU5MDA=","upper_bound":"NzY3NDg=","repeats":4,"ndv":0},{"count":306877,"lower_bound":"NzY3NTc=","upper_bound":"Nzc1MzA=","repeats":4,"ndv":0},{"count":310007,"lower_bound":"Nzc1MzQ=","upper_bound":"NzgzMjk=","repeats":17,"ndv":0},{"count":313136,"lower_bound":"NzgzMzQ=","upper_bound":"NzkwNTE=","repeats":4,"ndv":0},{"count":316266,"lower_bound":"NzkwNTI=","upper_bound":"Nzk3OTI=","repeats":4,"ndv":0},{"count":319404,"lower_bound":"Nzk3OTM=","upper_bound":"ODA1NTk=","repeats":17,"ndv":0},{"count":322534,"lower_bound":"ODA1NjE=","upper_bound":"ODEzNzY=","repeats":4,"ndv":0},{"count":325663,"lower_bound":"ODEzNzg=","upper_bound":"ODIxMTQ=","repeats":4,"ndv":0},{"count":328810,"lower_bound":"ODIxMTY=","upper_bound":"ODI5MTg=","repeats":25,"ndv":0},{"count":331940,"lower_bound":"ODI5MjE=","upper_bound":"ODM3NjA=","repeats":4,"ndv":0},{"count":335069,"lower_bound":"ODM3NjM=","upper_bound":"ODQ0OTc=","repeats":4,"ndv":0},{"count":338208,"lower_bound":"ODQ0OTg=","upper_bound":"ODUyNjE=","repeats":17,"ndv":0},{"count":341337,"lower_bound":"ODUyNjI=","upper_bound":"ODYwNDE=","repeats":17,"ndv":0},{"count":344467,"lower_bound":"ODYwNDI=","upper_bound":"ODY4MzQ=","repeats":4,"ndv":0},{"count":347596,"lower_bound":"ODY4MzU=","upper_bound":"ODc2MzQ=","repeats":17,"ndv":0},{"count":350726,"lower_bound":"ODc2MzY=","upper_bound":"ODg0MDk=","repeats":4,"ndv":0},{"count":353855,"lower_bound":"ODg0MTM=","upper_bound":"ODkxNDk=","repeats":4,"ndv":0},{"count":356985,"lower_bound":"ODkxNTQ=","upper_bound":"ODk5NDY=","repeats":4,"ndv":0},{"count":360114,"lower_bound":"ODk5NDg=","upper_bound":"OTA3MTQ=","repeats":4,"ndv":0},{"count":363244,"lower_bound":"OTA3MTc=","upper_bound":"OTE0NjE=","repeats":4,"ndv":0},{"count":366373,"lower_bound":"OTE0NjI=","upper_bound":"OTIyMDE=","repeats":4,"ndv":0},{"count":369503,"lower_bound":"OTIyMDU=","upper_bound":"OTI5NDA=","repeats":4,"ndv":0},{"count":372632,"lower_bound":"OTI5NDc=","upper_bound":"OTM3NDQ=","repeats":4,"ndv":0},{"count":375762,"lower_bound":"OTM3NDY=","upper_bound":"OTQ0NTM=","repeats":4,"ndv":0},{"count":378900,"lower_bound":"OTQ0NTg=","upper_bound":"OTUyMDU=","repeats":17,"ndv":0},{"count":382030,"lower_bound":"OTUyMDg=","upper_bound":"OTU5NTM=","repeats":4,"ndv":0},{"count":385159,"lower_bound":"OTU5NTQ=","upper_bound":"OTY2NTg=","repeats":4,"ndv":0},{"count":388289,"lower_bound":"OTY2NjM=","upper_bound":"OTc0OTM=","repeats":4,"ndv":0},{"count":391418,"lower_bound":"OTc0OTQ=","upper_bound":"OTgzMDY=","repeats":4,"ndv":0},{"count":394548,"lower_bound":"OTgzMDc=","upper_bound":"OTkwNjE=","repeats":17,"ndv":0},{"count":397677,"lower_bound":"OTkwNjI=","upper_bound":"OTk4Njg=","repeats":4,"ndv":0},{"count":400807,"lower_bound":"OTk4NzE=","upper_bound":"MTAwNTg3","repeats":4,"ndv":0},{"count":403945,"lower_bound":"MTAwNTg5","upper_bound":"MTAxMzg1","repeats":17,"ndv":0},{"count":407074,"lower_bound":"MTAxMzg3","upper_bound":"MTAyMTI3","repeats":17,"ndv":0},{"count":410204,"lower_bound":"MTAyMTI4","upper_bound":"MTAyOTYx","repeats":17,"ndv":0},{"count":413333,"lower_bound":"MTAyOTYz","upper_bound":"MTAzNzMw","repeats":4,"ndv":0},{"count":416463,"lower_bound":"MTAzNzMz","upper_bound":"MTA0NTMy","repeats":4,"ndv":0},{"count":419592,"lower_bound":"MTA0NTMz","upper_bound":"MTA1Mjc2","repeats":17,"ndv":0},{"count":422722,"lower_bound":"MTA1Mjgw","upper_bound":"MTA2MDk5","repeats":4,"ndv":0},{"count":425851,"lower_bound":"MTA2MTEx","upper_bound":"MTA2ODIy","repeats":4,"ndv":0},{"count":428990,"lower_bound":"MTA2ODIz","upper_bound":"MTA3NTY3","repeats":17,"ndv":0},{"count":432119,"lower_bound":"MTA3NTY4","upper_bound":"MTA4MzIz","repeats":4,"ndv":0},{"count":435249,"lower_bound":"MTA4MzI1","upper_bound":"MTA5MDky","repeats":4,"ndv":0},{"count":438378,"lower_bound":"MTA5MDk2","upper_bound":"MTA5ODky","repeats":4,"ndv":0},{"count":441508,"lower_bound":"MTA5ODk1","upper_bound":"MTEwNjcy","repeats":4,"ndv":0},{"count":444637,"lower_bound":"MTEwNjcz","upper_bound":"MTExNDI4","repeats":4,"ndv":0},{"count":447767,"lower_bound":"MTExNDI5","upper_bound":"MTEyMjUx","repeats":4,"ndv":0},{"count":450905,"lower_bound":"MTEyMjUy","upper_bound":"MTEzMDIx","repeats":17,"ndv":0},{"count":454035,"lower_bound":"MTEzMDIy","upper_bound":"MTEzODMw","repeats":4,"ndv":0},{"count":457164,"lower_bound":"MTEzODMy","upper_bound":"MTE0NTcz","repeats":4,"ndv":0},{"count":460294,"lower_bound":"MTE0NTc3","upper_bound":"MTE1MzA4","repeats":4,"ndv":0},{"count":463423,"lower_bound":"MTE1MzEw","upper_bound":"MTE2MDg4","repeats":4,"ndv":0},{"count":466553,"lower_bound":"MTE2MDkz","upper_bound":"MTE2OTE4","repeats":4,"ndv":0},{"count":469691,"lower_bound":"MTE2OTE5","upper_bound":"MTE3Njkx","repeats":17,"ndv":0},{"count":472821,"lower_bound":"MTE3Njk0","upper_bound":"MTE4NDI1","repeats":17,"ndv":0},{"count":475950,"lower_bound":"MTE4NDI2","upper_bound":"MTE5MTc0","repeats":4,"ndv":0},{"count":479079,"lower_bound":"MTE5MTc2","upper_bound":"MTIwMDA0","repeats":4,"ndv":0},{"count":482209,"lower_bound":"MTIwMDA3","upper_bound":"MTIwODMy","repeats":4,"ndv":0},{"count":485338,"lower_bound":"MTIwODM1","upper_bound":"MTIxNjM5","repeats":4,"ndv":0},{"count":488468,"lower_bound":"MTIxNjQx","upper_bound":"MTIyNDQ5","repeats":4,"ndv":0},{"count":491597,"lower_bound":"MTIyNDUx","upper_bound":"MTIzMTU0","repeats":4,"ndv":0},{"count":494727,"lower_bound":"MTIzMTU2","upper_bound":"MTIzODcy","repeats":4,"ndv":0},{"count":497856,"lower_bound":"MTIzODc1","upper_bound":"MTI0Njc0","repeats":4,"ndv":0},{"count":500986,"lower_bound":"MTI0Njc5","upper_bound":"MTI1NDI3","repeats":4,"ndv":0},{"count":504115,"lower_bound":"MTI1NDM0","upper_bound":"MTI2MTc1","repeats":4,"ndv":0},{"count":507254,"lower_bound":"MTI2MTgw","upper_bound":"MTI2OTc3","repeats":25,"ndv":0},{"count":510383,"lower_bound":"MTI2OTc4","upper_bound":"MTI3NzQ1","repeats":4,"ndv":0},{"count":513513,"lower_bound":"MTI3NzQ3","upper_bound":"MTI4NTg0","repeats":4,"ndv":0},{"count":516642,"lower_bound":"MTI4NTkx","upper_bound":"MTI5MzIz","repeats":4,"ndv":0},{"count":519772,"lower_bound":"MTI5MzI3","upper_bound":"MTMwMTM1","repeats":17,"ndv":0},{"count":522901,"lower_bound":"MTMwMTM2","upper_bound":"MTMwOTQ4","repeats":4,"ndv":0},{"count":526031,"lower_bound":"MTMwOTUw","upper_bound":"MTMxNzQ4","repeats":4,"ndv":0},{"count":529160,"lower_bound":"MTMxNzQ5","upper_bound":"MTMyNTQw","repeats":4,"ndv":0},{"count":532290,"lower_bound":"MTMyNTQ0","upper_bound":"MTMzMzQw","repeats":17,"ndv":0},{"count":535428,"lower_bound":"MTMzMzQy","upper_bound":"MTM0MDc0","repeats":17,"ndv":0},{"count":538567,"lower_bound":"MTM0MDc1","upper_bound":"MTM0ODY1","repeats":17,"ndv":0},{"count":541696,"lower_bound":"MTM0ODY4","upper_bound":"MTM1NjQ1","repeats":17,"ndv":0},{"count":544826,"lower_bound":"MTM1NjQ4","upper_bound":"MTM2NDkw","repeats":4,"ndv":0},{"count":547955,"lower_bound":"MTM2NDky","upper_bound":"MTM3Mjgw","repeats":4,"ndv":0},{"count":551085,"lower_bound":"MTM3Mjgy","upper_bound":"MTM4MDY1","repeats":17,"ndv":0},{"count":554214,"lower_bound":"MTM4MDY4","upper_bound":"MTM4ODAw","repeats":17,"ndv":0},{"count":557343,"lower_bound":"MTM4ODAx","upper_bound":"MTM5Njcx","repeats":4,"ndv":0},{"count":560482,"lower_bound":"MTM5Njcy","upper_bound":"MTQwMzk2","repeats":25,"ndv":0},{"count":563611,"lower_bound":"MTQwMzk4","upper_bound":"MTQxMTg1","repeats":17,"ndv":0},{"count":566741,"lower_bound":"MTQxMTg2","upper_bound":"MTQyMDM2","repeats":4,"ndv":0},{"count":569870,"lower_bound":"MTQyMDM3","upper_bound":"MTQyODAw","repeats":4,"ndv":0},{"count":573000,"lower_bound":"MTQyODAx","upper_bound":"MTQzNTcx","repeats":4,"ndv":0},{"count":576129,"lower_bound":"MTQzNTcz","upper_bound":"MTQ0MzIx","repeats":4,"ndv":0},{"count":579268,"lower_bound":"MTQ0MzIy","upper_bound":"MTQ1MTM2","repeats":17,"ndv":0},{"count":582397,"lower_bound":"MTQ1MTM4","upper_bound":"MTQ1OTY0","repeats":4,"ndv":0},{"count":585527,"lower_bound":"MTQ1OTY1","upper_bound":"MTQ2NzQ2","repeats":4,"ndv":0},{"count":588656,"lower_bound":"MTQ2NzQ3","upper_bound":"MTQ3NDk4","repeats":4,"ndv":0},{"count":591786,"lower_bound":"MTQ3NTAx","upper_bound":"MTQ4Mjc2","repeats":4,"ndv":0},{"count":594915,"lower_bound":"MTQ4Mjc4","upper_bound":"MTQ5MDE5","repeats":4,"ndv":0},{"count":598063,"lower_bound":"MTQ5MDIx","upper_bound":"MTQ5Nzk1","repeats":25,"ndv":0},{"count":601192,"lower_bound":"MTQ5Nzk4","upper_bound":"MTUwNjAx","repeats":4,"ndv":0},{"count":604322,"lower_bound":"MTUwNjAy","upper_bound":"MTUxMzYx","repeats":4,"ndv":0},{"count":607451,"lower_bound":"MTUxMzYy","upper_bound":"MTUyMDgz","repeats":4,"ndv":0},{"count":610581,"lower_bound":"MTUyMDg4","upper_bound":"MTUyODIy","repeats":17,"ndv":0},{"count":613710,"lower_bound":"MTUyODI0","upper_bound":"MTUzNTU0","repeats":17,"ndv":0},{"count":616840,"lower_bound":"MTUzNTU3","upper_bound":"MTU0NDAy","repeats":4,"ndv":0},{"count":619969,"lower_bound":"MTU0NDA0","upper_bound":"MTU1MTc1","repeats":17,"ndv":0},{"count":623098,"lower_bound":"MTU1MTc2","upper_bound":"MTU1OTU4","repeats":4,"ndv":0},{"count":626228,"lower_bound":"MTU1OTYy","upper_bound":"MTU2Njc5","repeats":4,"ndv":0},{"count":629357,"lower_bound":"MTU2Njgw","upper_bound":"MTU3NDYy","repeats":4,"ndv":0},{"count":632487,"lower_bound":"MTU3NDY4","upper_bound":"MTU4MjMz","repeats":4,"ndv":0},{"count":635625,"lower_bound":"MTU4MjM1","upper_bound":"MTU5MDc0","repeats":17,"ndv":0},{"count":638755,"lower_bound":"MTU5MDc1","upper_bound":"MTU5ODMz","repeats":4,"ndv":0},{"count":641884,"lower_bound":"MTU5ODM4","upper_bound":"MTYwNjMx","repeats":25,"ndv":0},{"count":645014,"lower_bound":"MTYwNjMy","upper_bound":"MTYxMjk3","repeats":4,"ndv":0},{"count":648143,"lower_bound":"MTYxMjk4","upper_bound":"MTYyMDI0","repeats":4,"ndv":0},{"count":651273,"lower_bound":"MTYyMDI4","upper_bound":"MTYyODM0","repeats":4,"ndv":0},{"count":654402,"lower_bound":"MTYyODM2","upper_bound":"MTYzNjQ3","repeats":4,"ndv":0},{"count":657532,"lower_bound":"MTYzNjQ5","upper_bound":"MTY0NDU1","repeats":25,"ndv":0},{"count":660661,"lower_bound":"MTY0NDU4","upper_bound":"MTY1MjA0","repeats":4,"ndv":0},{"count":663791,"lower_bound":"MTY1MjA2","upper_bound":"MTY2MDkz","repeats":4,"ndv":0},{"count":666920,"lower_bound":"MTY2MDk1","upper_bound":"MTY2ODI4","repeats":4,"ndv":0},{"count":670050,"lower_bound":"MTY2ODM0","upper_bound":"MTY3NjM2","repeats":4,"ndv":0},{"count":673179,"lower_bound":"MTY3NjM3","upper_bound":"MTY4NDE2","repeats":4,"ndv":0},{"count":676309,"lower_bound":"MTY4NDE3","upper_bound":"MTY5MTU4","repeats":4,"ndv":0},{"count":679438,"lower_bound":"MTY5MTYx","upper_bound":"MTY5ODky","repeats":4,"ndv":0},{"count":682568,"lower_bound":"MTY5ODk2","upper_bound":"MTcwNjg0","repeats":4,"ndv":0},{"count":685697,"lower_bound":"MTcwNjg1","upper_bound":"MTcxNDQ4","repeats":4,"ndv":0},{"count":688827,"lower_bound":"MTcxNDUz","upper_bound":"MTcyMjA1","repeats":4,"ndv":0},{"count":691956,"lower_bound":"MTcyMjA4","upper_bound":"MTcyOTg2","repeats":4,"ndv":0},{"count":695086,"lower_bound":"MTcyOTg5","upper_bound":"MTczODA3","repeats":4,"ndv":0},{"count":698215,"lower_bound":"MTczODEw","upper_bound":"MTc0NjAy","repeats":4,"ndv":0},{"count":701345,"lower_bound":"MTc0NjA0","upper_bound":"MTc1NDAx","repeats":4,"ndv":0},{"count":704474,"lower_bound":"MTc1NDAy","upper_bound":"MTc2MjE1","repeats":4,"ndv":0},{"count":707604,"lower_bound":"MTc2MjE3","upper_bound":"MTc2OTgy","repeats":4,"ndv":0},{"count":710742,"lower_bound":"MTc2OTg0","upper_bound":"MTc3Nzc5","repeats":17,"ndv":0},{"count":713871,"lower_bound":"MTc3Nzgx","upper_bound":"MTc4NTA3","repeats":4,"ndv":0},{"count":717001,"lower_bound":"MTc4NTA5","upper_bound":"MTc5MjM3","repeats":4,"ndv":0},{"count":720130,"lower_bound":"MTc5MjQ0","upper_bound":"MTc5OTk4","repeats":4,"ndv":0},{"count":723260,"lower_bound":"MTc5OTk5","upper_bound":"MTgwNzgx","repeats":4,"ndv":0},{"count":726398,"lower_bound":"MTgwNzgy","upper_bound":"MTgxNTI5","repeats":17,"ndv":0},{"count":729528,"lower_bound":"MTgxNTM0","upper_bound":"MTgyMjg4","repeats":4,"ndv":0},{"count":732657,"lower_bound":"MTgyMjg5","upper_bound":"MTgzMDg2","repeats":4,"ndv":0},{"count":735787,"lower_bound":"MTgzMDkz","upper_bound":"MTgzODY3","repeats":4,"ndv":0},{"count":738916,"lower_bound":"MTgzODY4","upper_bound":"MTg0NjEw","repeats":17,"ndv":0},{"count":742046,"lower_bound":"MTg0NjEy","upper_bound":"MTg1Mzgz","repeats":4,"ndv":0},{"count":745175,"lower_bound":"MTg1Mzkx","upper_bound":"MTg2MTg2","repeats":4,"ndv":0},{"count":748305,"lower_bound":"MTg2MTg3","upper_bound":"MTg2OTg1","repeats":4,"ndv":0},{"count":751434,"lower_bound":"MTg2OTg4","upper_bound":"MTg3Njg1","repeats":4,"ndv":0},{"count":754573,"lower_bound":"MTg3Njkw","upper_bound":"MTg4NDcx","repeats":17,"ndv":0},{"count":757702,"lower_bound":"MTg4NDcz","upper_bound":"MTg5MjU0","repeats":17,"ndv":0},{"count":760832,"lower_bound":"MTg5MjU2","upper_bound":"MTkwMDUx","repeats":4,"ndv":0},{"count":763961,"lower_bound":"MTkwMDUz","upper_bound":"MTkwODA0","repeats":4,"ndv":0},{"count":767091,"lower_bound":"MTkwODA2","upper_bound":"MTkxNTgx","repeats":4,"ndv":0},{"count":770220,"lower_bound":"MTkxNTgy","upper_bound":"MTkyMzMw","repeats":17,"ndv":0},{"count":773368,"lower_bound":"MTkyMzMy","upper_bound":"MTkzMTAy","repeats":25,"ndv":0},{"count":776497,"lower_bound":"MTkzMTA4","upper_bound":"MTkzOTQ0","repeats":4,"ndv":0},{"count":779626,"lower_bound":"MTkzOTQ2","upper_bound":"MTk0NzUz","repeats":17,"ndv":0},{"count":782765,"lower_bound":"MTk0NzU0","upper_bound":"MTk1NTQ0","repeats":17,"ndv":0},{"count":785903,"lower_bound":"MTk1NTQ2","upper_bound":"MTk2MzA1","repeats":17,"ndv":0},{"count":789033,"lower_bound":"MTk2MzA2","upper_bound":"MTk3MTI4","repeats":4,"ndv":0},{"count":792162,"lower_bound":"MTk3MTMx","upper_bound":"MTk3OTUw","repeats":4,"ndv":0},{"count":795292,"lower_bound":"MTk3OTU1","upper_bound":"MTk4Nzgw","repeats":4,"ndv":0},{"count":798421,"lower_bound":"MTk4Nzg0","upper_bound":"MTk5NjEy","repeats":4,"ndv":0},{"count":800000,"lower_bound":"MTk5NjEz","upper_bound":"MTk5OTk2","repeats":17,"ndv":0}]},"cm_sketch":null,"fm_sketch":null,"stats_ver":2,"null_count":0,"tot_col_size":2366984,"last_update_version":455768134457229312,"correlation":1},"ps_suppkey":{"histogram":{"ndv":10000,"buckets":[{"count":3147,"lower_bound":"MQ==","upper_bound":"NDA=","repeats":89,"ndv":0},{"count":6312,"lower_bound":"NDE=","upper_bound":"ODA=","repeats":65,"ndv":0},{"count":9496,"lower_bound":"ODE=","upper_bound":"MTIx","repeats":73,"ndv":0},{"count":12688,"lower_bound":"MTIy","upper_bound":"MTYw","repeats":97,"ndv":0},{"count":15826,"lower_bound":"MTYx","upper_bound":"MTk4","repeats":113,"ndv":0},{"count":18965,"lower_bound":"MTk5","upper_bound":"MjM4","repeats":65,"ndv":0},{"count":22094,"lower_bound":"MjM5","upper_bound":"Mjc1","repeats":97,"ndv":0},{"count":25224,"lower_bound":"Mjc2","upper_bound":"MzE0","repeats":49,"ndv":0},{"count":28434,"lower_bound":"MzE1","upper_bound":"MzU1","repeats":113,"ndv":0},{"count":31564,"lower_bound":"MzU2","upper_bound":"Mzk0","repeats":57,"ndv":0},{"count":34702,"lower_bound":"Mzk1","upper_bound":"NDQw","repeats":49,"ndv":0},{"count":37841,"lower_bound":"NDQx","upper_bound":"NDc4","repeats":57,"ndv":0},{"count":40979,"lower_bound":"NDc5","upper_bound":"NTE3","repeats":65,"ndv":0},{"count":44118,"lower_bound":"NTE4","upper_bound":"NTU5","repeats":105,"ndv":0},{"count":47310,"lower_bound":"NTYw","upper_bound":"NTk4","repeats":81,"ndv":0},{"count":50466,"lower_bound":"NTk5","upper_bound":"NjQx","repeats":105,"ndv":0},{"count":53596,"lower_bound":"NjQy","upper_bound":"Njg1","repeats":25,"ndv":0},{"count":56779,"lower_bound":"Njg2","upper_bound":"NzI1","repeats":89,"ndv":0},{"count":59909,"lower_bound":"NzI2","upper_bound":"NzY1","repeats":57,"ndv":0},{"count":63119,"lower_bound":"NzY2","upper_bound":"ODA0","repeats":89,"ndv":0},{"count":66248,"lower_bound":"ODA1","upper_bound":"ODQy","repeats":33,"ndv":0},{"count":69387,"lower_bound":"ODQz","upper_bound":"ODc4","repeats":65,"ndv":0},{"count":72552,"lower_bound":"ODc5","upper_bound":"OTE3","repeats":73,"ndv":0},{"count":75718,"lower_bound":"OTE4","upper_bound":"OTU2","repeats":81,"ndv":0},{"count":78838,"lower_bound":"OTU3","upper_bound":"OTk1","repeats":89,"ndv":0},{"count":82004,"lower_bound":"OTk2","upper_bound":"MTAzNQ==","repeats":97,"ndv":0},{"count":85151,"lower_bound":"MTAzNg==","upper_bound":"MTA3MQ==","repeats":97,"ndv":0},{"count":88343,"lower_bound":"MTA3Mg==","upper_bound":"MTExOA==","repeats":89,"ndv":0},{"count":91491,"lower_bound":"MTExOQ==","upper_bound":"MTE1Nw==","repeats":57,"ndv":0},{"count":94629,"lower_bound":"MTE1OA==","upper_bound":"MTE5NQ==","repeats":81,"ndv":0},{"count":97759,"lower_bound":"MTE5Ng==","upper_bound":"MTIzNg==","repeats":121,"ndv":0},{"count":100906,"lower_bound":"MTIzNw==","upper_bound":"MTI3MA==","repeats":65,"ndv":0},{"count":104018,"lower_bound":"MTI3MQ==","upper_bound":"MTMxMA==","repeats":49,"ndv":0},{"count":107201,"lower_bound":"MTMxMQ==","upper_bound":"MTM1MQ==","repeats":65,"ndv":0},{"count":110393,"lower_bound":"MTM1Mg==","upper_bound":"MTM5MQ==","repeats":105,"ndv":0},{"count":113550,"lower_bound":"MTM5Mg==","upper_bound":"MTQzMg==","repeats":57,"ndv":0},{"count":116670,"lower_bound":"MTQzMw==","upper_bound":"MTQ3MA==","repeats":65,"ndv":0},{"count":119881,"lower_bound":"MTQ3MQ==","upper_bound":"MTUwOQ==","repeats":97,"ndv":0},{"count":123100,"lower_bound":"MTUxMA==","upper_bound":"MTU0OQ==","repeats":105,"ndv":0},{"count":126274,"lower_bound":"MTU1MA==","upper_bound":"MTU4Ng==","repeats":57,"ndv":0},{"count":129475,"lower_bound":"MTU4Nw==","upper_bound":"MTYyMg==","repeats":121,"ndv":0},{"count":132605,"lower_bound":"MTYyMw==","upper_bound":"MTY2Mw==","repeats":73,"ndv":0},{"count":135761,"lower_bound":"MTY2NA==","upper_bound":"MTcwMg==","repeats":81,"ndv":0},{"count":138918,"lower_bound":"MTcwMw==","upper_bound":"MTc0MQ==","repeats":73,"ndv":0},{"count":142101,"lower_bound":"MTc0Mg==","upper_bound":"MTc3Nw==","repeats":65,"ndv":0},{"count":145293,"lower_bound":"MTc3OA==","upper_bound":"MTgxNw==","repeats":81,"ndv":0},{"count":148414,"lower_bound":"MTgxOA==","upper_bound":"MTg1Ng==","repeats":73,"ndv":0},{"count":151588,"lower_bound":"MTg1Nw==","upper_bound":"MTg5OQ==","repeats":81,"ndv":0},{"count":154780,"lower_bound":"MTkwMA==","upper_bound":"MTk0Mg==","repeats":97,"ndv":0},{"count":157910,"lower_bound":"MTk0Mw==","upper_bound":"MTk4MA==","repeats":73,"ndv":0},{"count":161066,"lower_bound":"MTk4MQ==","upper_bound":"MjAxOQ==","repeats":57,"ndv":0},{"count":164205,"lower_bound":"MjAyMA==","upper_bound":"MjA1NQ==","repeats":81,"ndv":0},{"count":167370,"lower_bound":"MjA1Ng==","upper_bound":"MjA5NA==","repeats":97,"ndv":0},{"count":170536,"lower_bound":"MjA5NQ==","upper_bound":"MjEzMg==","repeats":73,"ndv":0},{"count":173746,"lower_bound":"MjEzMw==","upper_bound":"MjE3Mg==","repeats":105,"ndv":0},{"count":176947,"lower_bound":"MjE3Mw==","upper_bound":"MjIxMA==","repeats":81,"ndv":0},{"count":180077,"lower_bound":"MjIxMQ==","upper_bound":"MjI0OQ==","repeats":89,"ndv":0},{"count":183287,"lower_bound":"MjI1MA==","upper_bound":"MjI4OA==","repeats":89,"ndv":0},{"count":186506,"lower_bound":"MjI4OQ==","upper_bound":"MjMyOA==","repeats":129,"ndv":0},{"count":189644,"lower_bound":"MjMyOQ==","upper_bound":"MjM2NQ==","repeats":41,"ndv":0},{"count":192783,"lower_bound":"MjM2Ng==","upper_bound":"MjQwNg==","repeats":81,"ndv":0},{"count":195921,"lower_bound":"MjQwNw==","upper_bound":"MjQ0Nw==","repeats":73,"ndv":0},{"count":199105,"lower_bound":"MjQ0OA==","upper_bound":"MjQ5MQ==","repeats":129,"ndv":0},{"count":202261,"lower_bound":"MjQ5Mg==","upper_bound":"MjUyOA==","repeats":89,"ndv":0},{"count":205400,"lower_bound":"MjUyOQ==","upper_bound":"MjU2Nw==","repeats":41,"ndv":0},{"count":208574,"lower_bound":"MjU2OA==","upper_bound":"MjYwNw==","repeats":89,"ndv":0},{"count":211730,"lower_bound":"MjYwOA==","upper_bound":"MjY0Nw==","repeats":57,"ndv":0},{"count":214842,"lower_bound":"MjY0OA==","upper_bound":"MjY4Nw==","repeats":89,"ndv":0},{"count":217963,"lower_bound":"MjY4OA==","upper_bound":"MjcyNg==","repeats":73,"ndv":0},{"count":221119,"lower_bound":"MjcyNw==","upper_bound":"Mjc2Mw==","repeats":57,"ndv":0},{"count":224284,"lower_bound":"Mjc2NA==","upper_bound":"MjgwMA==","repeats":57,"ndv":0},{"count":227396,"lower_bound":"MjgwMQ==","upper_bound":"Mjg0MA==","repeats":73,"ndv":0},{"count":230534,"lower_bound":"Mjg0MQ==","upper_bound":"Mjg4Mw==","repeats":65,"ndv":0},{"count":233664,"lower_bound":"Mjg4NA==","upper_bound":"MjkyNA==","repeats":65,"ndv":0},{"count":236847,"lower_bound":"MjkyNQ==","upper_bound":"Mjk2NQ==","repeats":65,"ndv":0},{"count":240004,"lower_bound":"Mjk2Ng==","upper_bound":"MzAwOA==","repeats":65,"ndv":0},{"count":243196,"lower_bound":"MzAwOQ==","upper_bound":"MzA0OA==","repeats":105,"ndv":0},{"count":246343,"lower_bound":"MzA0OQ==","upper_bound":"MzA5MQ==","repeats":33,"ndv":0},{"count":249509,"lower_bound":"MzA5Mg==","upper_bound":"MzEyOQ==","repeats":113,"ndv":0},{"count":252656,"lower_bound":"MzEzMA==","upper_bound":"MzE2NQ==","repeats":97,"ndv":0},{"count":255768,"lower_bound":"MzE2Ng==","upper_bound":"MzIwMQ==","repeats":97,"ndv":0},{"count":258888,"lower_bound":"MzIwMg==","upper_bound":"MzI0Mg==","repeats":49,"ndv":0},{"count":262045,"lower_bound":"MzI0Mw==","upper_bound":"MzI4Mg==","repeats":57,"ndv":0},{"count":265174,"lower_bound":"MzI4Mw==","upper_bound":"MzMxOQ==","repeats":81,"ndv":0},{"count":268295,"lower_bound":"MzMyMA==","upper_bound":"MzM1NQ==","repeats":113,"ndv":0},{"count":271514,"lower_bound":"MzM1Ng==","upper_bound":"MzM5OQ==","repeats":97,"ndv":0},{"count":274679,"lower_bound":"MzQwMA==","upper_bound":"MzQzNw==","repeats":73,"ndv":0},{"count":277791,"lower_bound":"MzQzOA==","upper_bound":"MzQ3OQ==","repeats":41,"ndv":0},{"count":280912,"lower_bound":"MzQ4MA==","upper_bound":"MzUxOQ==","repeats":65,"ndv":0},{"count":284032,"lower_bound":"MzUyMA==","upper_bound":"MzU1OQ==","repeats":105,"ndv":0},{"count":287144,"lower_bound":"MzU2MA==","upper_bound":"MzU5Ng==","repeats":89,"ndv":0},{"count":290381,"lower_bound":"MzU5Nw==","upper_bound":"MzYzNA==","repeats":113,"ndv":0},{"count":293555,"lower_bound":"MzYzNQ==","upper_bound":"MzY3NQ==","repeats":65,"ndv":0},{"count":296703,"lower_bound":"MzY3Ng==","upper_bound":"MzcxNA==","repeats":73,"ndv":0},{"count":299832,"lower_bound":"MzcxNQ==","upper_bound":"Mzc1Mg==","repeats":65,"ndv":0},{"count":302997,"lower_bound":"Mzc1Mw==","upper_bound":"Mzc5MQ==","repeats":89,"ndv":0},{"count":306145,"lower_bound":"Mzc5Mg==","upper_bound":"MzgzNQ==","repeats":57,"ndv":0},{"count":309292,"lower_bound":"MzgzNg==","upper_bound":"Mzg3NQ==","repeats":65,"ndv":0},{"count":312440,"lower_bound":"Mzg3Ng==","upper_bound":"MzkxMw==","repeats":89,"ndv":0},{"count":315596,"lower_bound":"MzkxNA==","upper_bound":"Mzk1NQ==","repeats":89,"ndv":0},{"count":318780,"lower_bound":"Mzk1Ng==","upper_bound":"Mzk5NQ==","repeats":81,"ndv":0},{"count":321963,"lower_bound":"Mzk5Ng==","upper_bound":"NDAzMw==","repeats":81,"ndv":0},{"count":325119,"lower_bound":"NDAzNA==","upper_bound":"NDA3NA==","repeats":89,"ndv":0},{"count":328231,"lower_bound":"NDA3NQ==","upper_bound":"NDExMw==","repeats":81,"ndv":0},{"count":331396,"lower_bound":"NDExNA==","upper_bound":"NDE1MQ==","repeats":65,"ndv":0},{"count":334562,"lower_bound":"NDE1Mg==","upper_bound":"NDE5MA==","repeats":81,"ndv":0},{"count":337772,"lower_bound":"NDE5MQ==","upper_bound":"NDIzMg==","repeats":105,"ndv":0},{"count":340892,"lower_bound":"NDIzMw==","upper_bound":"NDI3MA==","repeats":73,"ndv":0},{"count":344004,"lower_bound":"NDI3MQ==","upper_bound":"NDMxMQ==","repeats":81,"ndv":0},{"count":347142,"lower_bound":"NDMxMg==","upper_bound":"NDM1MA==","repeats":105,"ndv":0},{"count":350299,"lower_bound":"NDM1MQ==","upper_bound":"NDM4NQ==","repeats":65,"ndv":0},{"count":353482,"lower_bound":"NDM4Ng==","upper_bound":"NDQyMw==","repeats":89,"ndv":0},{"count":356648,"lower_bound":"NDQyNA==","upper_bound":"NDQ2Mw==","repeats":65,"ndv":0},{"count":359831,"lower_bound":"NDQ2NA==","upper_bound":"NDUwMg==","repeats":81,"ndv":0},{"count":362951,"lower_bound":"NDUwMw==","upper_bound":"NDU0NA==","repeats":57,"ndv":0},{"count":366099,"lower_bound":"NDU0NQ==","upper_bound":"NDU4NA==","repeats":65,"ndv":0},{"count":369264,"lower_bound":"NDU4NQ==","upper_bound":"NDYyNA==","repeats":81,"ndv":0},{"count":372394,"lower_bound":"NDYyNQ==","upper_bound":"NDY2NA==","repeats":105,"ndv":0},{"count":375568,"lower_bound":"NDY2NQ==","upper_bound":"NDcwNA==","repeats":81,"ndv":0},{"count":378707,"lower_bound":"NDcwNQ==","upper_bound":"NDc0NQ==","repeats":105,"ndv":0},{"count":381899,"lower_bound":"NDc0Ng==","upper_bound":"NDc4Ng==","repeats":73,"ndv":0},{"count":385046,"lower_bound":"NDc4Nw==","upper_bound":"NDgyOA==","repeats":49,"ndv":0},{"count":388230,"lower_bound":"NDgyOQ==","upper_bound":"NDg2Nw==","repeats":97,"ndv":0},{"count":391386,"lower_bound":"NDg2OA==","upper_bound":"NDkwNw==","repeats":73,"ndv":0},{"count":394578,"lower_bound":"NDkwOA==","upper_bound":"NDk0OQ==","repeats":113,"ndv":0},{"count":397726,"lower_bound":"NDk1MA==","upper_bound":"NDk4OA==","repeats":89,"ndv":0},{"count":400864,"lower_bound":"NDk4OQ==","upper_bound":"NTAyNw==","repeats":49,"ndv":0},{"count":404039,"lower_bound":"NTAyOA==","upper_bound":"NTA2Nw==","repeats":89,"ndv":0},{"count":407195,"lower_bound":"NTA2OA==","upper_bound":"NTEwOA==","repeats":41,"ndv":0},{"count":410307,"lower_bound":"NTEwOQ==","upper_bound":"NTE0Ng==","repeats":137,"ndv":0},{"count":413472,"lower_bound":"NTE0Nw==","upper_bound":"NTE4Ng==","repeats":73,"ndv":0},{"count":416602,"lower_bound":"NTE4Nw==","upper_bound":"NTIyNA==","repeats":65,"ndv":0},{"count":419758,"lower_bound":"NTIyNQ==","upper_bound":"NTI2MQ==","repeats":137,"ndv":0},{"count":422878,"lower_bound":"NTI2Mg==","upper_bound":"NTMwMg==","repeats":17,"ndv":0},{"count":426008,"lower_bound":"NTMwMw==","upper_bound":"NTMzOA==","repeats":57,"ndv":0},{"count":429129,"lower_bound":"NTMzOQ==","upper_bound":"NTM3OQ==","repeats":105,"ndv":0},{"count":432285,"lower_bound":"NTM4MA==","upper_bound":"NTQyMA==","repeats":65,"ndv":0},{"count":435450,"lower_bound":"NTQyMQ==","upper_bound":"NTQ2Mg==","repeats":81,"ndv":0},{"count":438616,"lower_bound":"NTQ2Mw==","upper_bound":"NTUwNA==","repeats":73,"ndv":0},{"count":441808,"lower_bound":"NTUwNQ==","upper_bound":"NTU0Ng==","repeats":81,"ndv":0},{"count":444938,"lower_bound":"NTU0Nw==","upper_bound":"NTU4Ng==","repeats":81,"ndv":0},{"count":448094,"lower_bound":"NTU4Nw==","upper_bound":"NTYyNA==","repeats":81,"ndv":0},{"count":451214,"lower_bound":"NTYyNQ==","upper_bound":"NTY2Mg==","repeats":105,"ndv":0},{"count":454335,"lower_bound":"NTY2Mw==","upper_bound":"NTcwMQ==","repeats":105,"ndv":0},{"count":457545,"lower_bound":"NTcwMg==","upper_bound":"NTc0Mw==","repeats":89,"ndv":0},{"count":460684,"lower_bound":"NTc0NA==","upper_bound":"NTc4MQ==","repeats":81,"ndv":0},{"count":463831,"lower_bound":"NTc4Mg==","upper_bound":"NTgyMQ==","repeats":73,"ndv":0},{"count":466961,"lower_bound":"NTgyMg==","upper_bound":"NTg1OA==","repeats":49,"ndv":0},{"count":470162,"lower_bound":"NTg1OQ==","upper_bound":"NTkwMA==","repeats":81,"ndv":0},{"count":473309,"lower_bound":"NTkwMQ==","upper_bound":"NTk0MQ==","repeats":33,"ndv":0},{"count":476484,"lower_bound":"NTk0Mg==","upper_bound":"NTk4MQ==","repeats":65,"ndv":0},{"count":479640,"lower_bound":"NTk4Mg==","upper_bound":"NjAyMQ==","repeats":57,"ndv":0},{"count":482806,"lower_bound":"NjAyMg==","upper_bound":"NjA1Nw==","repeats":89,"ndv":0},{"count":485935,"lower_bound":"NjA1OA==","upper_bound":"NjA5Ng==","repeats":73,"ndv":0},{"count":489127,"lower_bound":"NjA5Nw==","upper_bound":"NjEzOQ==","repeats":97,"ndv":0},{"count":492293,"lower_bound":"NjE0MA==","upper_bound":"NjE3Nw==","repeats":105,"ndv":0},{"count":495449,"lower_bound":"NjE3OA==","upper_bound":"NjIxOQ==","repeats":89,"ndv":0},{"count":498641,"lower_bound":"NjIyMA==","upper_bound":"NjI1OQ==","repeats":89,"ndv":0},{"count":501753,"lower_bound":"NjI2MA==","upper_bound":"NjI5Ng==","repeats":73,"ndv":0},{"count":504918,"lower_bound":"NjI5Nw==","upper_bound":"NjMzOA==","repeats":49,"ndv":0},{"count":508048,"lower_bound":"NjMzOQ==","upper_bound":"NjM3Nw==","repeats":81,"ndv":0},{"count":511195,"lower_bound":"NjM3OA==","upper_bound":"NjQxMw==","repeats":97,"ndv":0},{"count":514307,"lower_bound":"NjQxNA==","upper_bound":"NjQ1Mg==","repeats":97,"ndv":0},{"count":517427,"lower_bound":"NjQ1Mw==","upper_bound":"NjQ4OA==","repeats":81,"ndv":0},{"count":520566,"lower_bound":"NjQ4OQ==","upper_bound":"NjUzMw==","repeats":73,"ndv":0},{"count":523695,"lower_bound":"NjUzNA==","upper_bound":"NjU3Mg==","repeats":57,"ndv":0},{"count":526888,"lower_bound":"NjU3Mw==","upper_bound":"NjYxMw==","repeats":81,"ndv":0},{"count":530080,"lower_bound":"NjYxNA==","upper_bound":"NjY1Ng==","repeats":73,"ndv":0},{"count":533245,"lower_bound":"NjY1Nw==","upper_bound":"NjY5NQ==","repeats":89,"ndv":0},{"count":536411,"lower_bound":"NjY5Ng==","upper_bound":"NjczMw==","repeats":81,"ndv":0},{"count":539585,"lower_bound":"NjczNA==","upper_bound":"Njc3MQ==","repeats":97,"ndv":0},{"count":542697,"lower_bound":"Njc3Mg==","upper_bound":"NjgxMQ==","repeats":89,"ndv":0},{"count":545880,"lower_bound":"NjgxMg==","upper_bound":"Njg1Mw==","repeats":89,"ndv":0},{"count":549010,"lower_bound":"Njg1NA==","upper_bound":"Njg5Mg==","repeats":41,"ndv":0},{"count":552202,"lower_bound":"Njg5Mw==","upper_bound":"NjkzMQ==","repeats":81,"ndv":0},{"count":555367,"lower_bound":"NjkzMg==","upper_bound":"Njk2OQ==","repeats":57,"ndv":0},{"count":558488,"lower_bound":"Njk3MA==","upper_bound":"NzAwNw==","repeats":65,"ndv":0},{"count":561671,"lower_bound":"NzAwOA==","upper_bound":"NzA0Ng==","repeats":81,"ndv":0},{"count":564810,"lower_bound":"NzA0Nw==","upper_bound":"NzA4Nw==","repeats":57,"ndv":0},{"count":567948,"lower_bound":"NzA4OA==","upper_bound":"NzEyOQ==","repeats":89,"ndv":0},{"count":571087,"lower_bound":"NzEzMA==","upper_bound":"NzE3Mg==","repeats":81,"ndv":0},{"count":574270,"lower_bound":"NzE3Mw==","upper_bound":"NzIxMw==","repeats":65,"ndv":0},{"count":577408,"lower_bound":"NzIxNA==","upper_bound":"NzI1MQ==","repeats":25,"ndv":0},{"count":580628,"lower_bound":"NzI1Mg==","upper_bound":"NzI4OQ==","repeats":121,"ndv":0},{"count":583802,"lower_bound":"NzI5MA==","upper_bound":"NzMzMQ==","repeats":89,"ndv":0},{"count":586931,"lower_bound":"NzMzMg==","upper_bound":"NzM3MA==","repeats":73,"ndv":0},{"count":590061,"lower_bound":"NzM3MQ==","upper_bound":"NzQwNg==","repeats":81,"ndv":0},{"count":593226,"lower_bound":"NzQwNw==","upper_bound":"NzQ0NA==","repeats":73,"ndv":0},{"count":596365,"lower_bound":"NzQ0NQ==","upper_bound":"NzQ4Mw==","repeats":81,"ndv":0},{"count":599485,"lower_bound":"NzQ4NA==","upper_bound":"NzUyNA==","repeats":33,"ndv":0},{"count":602615,"lower_bound":"NzUyNQ==","upper_bound":"NzU2MA==","repeats":97,"ndv":0},{"count":605744,"lower_bound":"NzU2MQ==","upper_bound":"NzYwMA==","repeats":65,"ndv":0},{"count":608856,"lower_bound":"NzYwMQ==","upper_bound":"NzYzOA==","repeats":49,"ndv":0},{"count":611976,"lower_bound":"NzYzOQ==","upper_bound":"NzY3OA==","repeats":57,"ndv":0},{"count":615178,"lower_bound":"NzY3OQ==","upper_bound":"NzcxOA==","repeats":89,"ndv":0},{"count":618307,"lower_bound":"NzcxOQ==","upper_bound":"Nzc1Ng==","repeats":33,"ndv":0},{"count":621473,"lower_bound":"Nzc1Nw==","upper_bound":"Nzc5Nw==","repeats":65,"ndv":0},{"count":624629,"lower_bound":"Nzc5OA==","upper_bound":"NzgzNA==","repeats":73,"ndv":0},{"count":627750,"lower_bound":"NzgzNQ==","upper_bound":"Nzg3NA==","repeats":105,"ndv":0},{"count":630897,"lower_bound":"Nzg3NQ==","upper_bound":"NzkxNQ==","repeats":97,"ndv":0},{"count":634089,"lower_bound":"NzkxNg==","upper_bound":"Nzk1NQ==","repeats":105,"ndv":0},{"count":637282,"lower_bound":"Nzk1Ng==","upper_bound":"Nzk5NQ==","repeats":81,"ndv":0},{"count":640465,"lower_bound":"Nzk5Ng==","upper_bound":"ODAzMQ==","repeats":73,"ndv":0},{"count":643630,"lower_bound":"ODAzMg==","upper_bound":"ODA2OQ==","repeats":105,"ndv":0},{"count":646778,"lower_bound":"ODA3MA==","upper_bound":"ODExMg==","repeats":73,"ndv":0},{"count":649997,"lower_bound":"ODExMw==","upper_bound":"ODE1MA==","repeats":97,"ndv":0},{"count":653153,"lower_bound":"ODE1MQ==","upper_bound":"ODE5MA==","repeats":49,"ndv":0},{"count":656283,"lower_bound":"ODE5MQ==","upper_bound":"ODIyOA==","repeats":41,"ndv":0},{"count":659466,"lower_bound":"ODIyOQ==","upper_bound":"ODI2OA==","repeats":97,"ndv":0},{"count":662667,"lower_bound":"ODI2OQ==","upper_bound":"ODMwOA==","repeats":89,"ndv":0},{"count":665851,"lower_bound":"ODMwOQ==","upper_bound":"ODM0OA==","repeats":81,"ndv":0},{"count":669016,"lower_bound":"ODM0OQ==","upper_bound":"ODM4Ng==","repeats":57,"ndv":0},{"count":672199,"lower_bound":"ODM4Nw==","upper_bound":"ODQzMA==","repeats":73,"ndv":0},{"count":675320,"lower_bound":"ODQzMQ==","upper_bound":"ODQ3MQ==","repeats":73,"ndv":0},{"count":678476,"lower_bound":"ODQ3Mg==","upper_bound":"ODUxMA==","repeats":73,"ndv":0},{"count":681669,"lower_bound":"ODUxMQ==","upper_bound":"ODU0OA==","repeats":81,"ndv":0},{"count":684861,"lower_bound":"ODU0OQ==","upper_bound":"ODU4Nw==","repeats":97,"ndv":0},{"count":688008,"lower_bound":"ODU4OA==","upper_bound":"ODYyNw==","repeats":81,"ndv":0},{"count":691120,"lower_bound":"ODYyOA==","upper_bound":"ODY2Nw==","repeats":57,"ndv":0},{"count":694294,"lower_bound":"ODY2OA==","upper_bound":"ODcwOA==","repeats":65,"ndv":0},{"count":697415,"lower_bound":"ODcwOQ==","upper_bound":"ODc0Nw==","repeats":49,"ndv":0},{"count":700535,"lower_bound":"ODc0OA==","upper_bound":"ODc4OQ==","repeats":57,"ndv":0},{"count":703647,"lower_bound":"ODc5MA==","upper_bound":"ODgyOA==","repeats":57,"ndv":0},{"count":706857,"lower_bound":"ODgyOQ==","upper_bound":"ODg2Ng==","repeats":97,"ndv":0},{"count":710005,"lower_bound":"ODg2Nw==","upper_bound":"ODkwNA==","repeats":81,"ndv":0},{"count":713152,"lower_bound":"ODkwNQ==","upper_bound":"ODk0NQ==","repeats":89,"ndv":0},{"count":716282,"lower_bound":"ODk0Ng==","upper_bound":"ODk4Mw==","repeats":81,"ndv":0},{"count":719510,"lower_bound":"ODk4NA==","upper_bound":"OTAyMQ==","repeats":105,"ndv":0},{"count":722657,"lower_bound":"OTAyMg==","upper_bound":"OTA2NQ==","repeats":73,"ndv":0},{"count":725841,"lower_bound":"OTA2Ng==","upper_bound":"OTEwNQ==","repeats":81,"ndv":0},{"count":729024,"lower_bound":"OTEwNg==","upper_bound":"OTE0NA==","repeats":73,"ndv":0},{"count":732207,"lower_bound":"OTE0NQ==","upper_bound":"OTE4NQ==","repeats":97,"ndv":0},{"count":735328,"lower_bound":"OTE4Ng==","upper_bound":"OTIyMg==","repeats":49,"ndv":0},{"count":738547,"lower_bound":"OTIyMw==","upper_bound":"OTI2NQ==","repeats":113,"ndv":0},{"count":741694,"lower_bound":"OTI2Ng==","upper_bound":"OTMwNQ==","repeats":49,"ndv":0},{"count":744815,"lower_bound":"OTMwNg==","upper_bound":"OTM0MQ==","repeats":121,"ndv":0},{"count":747971,"lower_bound":"OTM0Mg==","upper_bound":"OTM3Nw==","repeats":105,"ndv":0},{"count":751119,"lower_bound":"OTM3OA==","upper_bound":"OTQxOQ==","repeats":113,"ndv":0},{"count":754239,"lower_bound":"OTQyMA==","upper_bound":"OTQ1Ng==","repeats":41,"ndv":0},{"count":757369,"lower_bound":"OTQ1Nw==","upper_bound":"OTQ5Nw==","repeats":73,"ndv":0},{"count":760498,"lower_bound":"OTQ5OA==","upper_bound":"OTUzOQ==","repeats":49,"ndv":0},{"count":763646,"lower_bound":"OTU0MA==","upper_bound":"OTU3Ng==","repeats":73,"ndv":0},{"count":766856,"lower_bound":"OTU3Nw==","upper_bound":"OTYxNg==","repeats":89,"ndv":0},{"count":769977,"lower_bound":"OTYxNw==","upper_bound":"OTY1OQ==","repeats":49,"ndv":0},{"count":773106,"lower_bound":"OTY2MA==","upper_bound":"OTcwMA==","repeats":89,"ndv":0},{"count":776236,"lower_bound":"OTcwMQ==","upper_bound":"OTc0MQ==","repeats":89,"ndv":0},{"count":779365,"lower_bound":"OTc0Mg==","upper_bound":"OTc4Ng==","repeats":49,"ndv":0},{"count":782530,"lower_bound":"OTc4Nw==","upper_bound":"OTgyMw==","repeats":65,"ndv":0},{"count":785678,"lower_bound":"OTgyNA==","upper_bound":"OTg2Mg==","repeats":41,"ndv":0},{"count":788879,"lower_bound":"OTg2Mw==","upper_bound":"OTkwMQ==","repeats":81,"ndv":0},{"count":792063,"lower_bound":"OTkwMg==","upper_bound":"OTkzOA==","repeats":89,"ndv":0},{"count":795264,"lower_bound":"OTkzOQ==","upper_bound":"OTk4MA==","repeats":97,"ndv":0},{"count":796698,"lower_bound":"OTk4MQ==","upper_bound":"MTAwMDA=","repeats":65,"ndv":0}]},"cm_sketch":{"top_n":[{"data":"A4AAAAAAAACJ","count":179},{"data":"A4AAAAAAAAGR","count":161},{"data":"A4AAAAAAAAJ/","count":179},{"data":"A4AAAAAAAAYI","count":161},{"data":"A4AAAAAAAAb4","count":161},{"data":"A4AAAAAAAAhF","count":179},{"data":"A4AAAAAAAAlG","count":161},{"data":"A4AAAAAAAAtH","count":161},{"data":"A4AAAAAAAAv4","count":161},{"data":"A4AAAAAAABJv","count":161},{"data":"A4AAAAAAABWP","count":179},{"data":"A4AAAAAAABna","count":161},{"data":"A4AAAAAAABqL","count":161},{"data":"A4AAAAAAAB6v","count":161},{"data":"A4AAAAAAACDn","count":161},{"data":"A4AAAAAAACJU","count":170},{"data":"A4AAAAAAACNG","count":161},{"data":"A4AAAAAAACPM","count":161},{"data":"A4AAAAAAACTA","count":161},{"data":"A4AAAAAAACTp","count":161}],"default_value":0},"fm_sketch":null,"stats_ver":2,"null_count":0,"tot_col_size":1739680,"last_update_version":455768134457229312,"correlation":0.009775986969250486},"ps_supplycost":{"histogram":{"ndv":0},"cm_sketch":null,"fm_sketch":null,"stats_ver":0,"null_count":0,"tot_col_size":0,"last_update_version":455768098813247488,"correlation":0}},"indices":{"primary":{"histogram":{"ndv":800000,"buckets":[{"count":3129,"lower_bound":"A4AAAAAAAAAHA4AAAAAAABOQ","upper_bound":"A4AAAAAAAANBA4AAAAAAAA0G","repeats":1,"ndv":0},{"count":6258,"lower_bound":"A4AAAAAAAANCA4AAAAAAACCP","upper_bound":"A4AAAAAAAAaSA4AAAAAAAAaT","repeats":1,"ndv":0},{"count":9388,"lower_bound":"A4AAAAAAAAaVA4AAAAAAABBa","upper_bound":"A4AAAAAAAAmXA4AAAAAAACbk","repeats":1,"ndv":0},{"count":12517,"lower_bound":"A4AAAAAAAAmbA4AAAAAAACbo","upper_bound":"A4AAAAAAAAygA4AAAAAAAAyh","repeats":1,"ndv":0},{"count":15647,"lower_bound":"A4AAAAAAAAylA4AAAAAAABZq","upper_bound":"A4AAAAAAAA+7A4AAAAAAAA+8","repeats":1,"ndv":0},{"count":18776,"lower_bound":"A4AAAAAAAA+8A4AAAAAAAAX5","upper_bound":"A4AAAAAAABLVA4AAAAAAACZe","repeats":1,"ndv":0},{"count":21906,"lower_bound":"A4AAAAAAABLXA4AAAAAAABLY","upper_bound":"A4AAAAAAABXeA4AAAAAAAB+j","repeats":1,"ndv":0},{"count":25035,"lower_bound":"A4AAAAAAABXgA4AAAAAAAAJZ","upper_bound":"A4AAAAAAABjHA4AAAAAAAA8E","repeats":1,"ndv":0},{"count":28165,"lower_bound":"A4AAAAAAABjKA4AAAAAAAAVD","upper_bound":"A4AAAAAAABweA4AAAAAAACXj","repeats":1,"ndv":0},{"count":31294,"lower_bound":"A4AAAAAAABwiA4AAAAAAABwj","upper_bound":"A4AAAAAAAB8uA4AAAAAAABVr","repeats":1,"ndv":0},{"count":34424,"lower_bound":"A4AAAAAAAB8uA4AAAAAAAB8v","upper_bound":"A4AAAAAAACI/A4AAAAAAAAT0","repeats":1,"ndv":0},{"count":37553,"lower_bound":"A4AAAAAAACJBA4AAAAAAAA66","upper_bound":"A4AAAAAAACUJA4AAAAAAACUK","repeats":1,"ndv":0},{"count":40683,"lower_bound":"A4AAAAAAACULA4AAAAAAABGE","upper_bound":"A4AAAAAAAChMA4AAAAAAAAE9","repeats":1,"ndv":0},{"count":43812,"lower_bound":"A4AAAAAAAChNA4AAAAAAAAsD","upper_bound":"A4AAAAAAACtPA4AAAAAAACGP","repeats":1,"ndv":0},{"count":46942,"lower_bound":"A4AAAAAAACtcA4AAAAAAAARN","upper_bound":"A4AAAAAAAC6QA4AAAAAAABFG","repeats":1,"ndv":0},{"count":50071,"lower_bound":"A4AAAAAAAC6TA4AAAAAAABFJ","upper_bound":"A4AAAAAAADG9A4AAAAAAABRz","repeats":1,"ndv":0},{"count":53201,"lower_bound":"A4AAAAAAADG+A4AAAAAAAB45","upper_bound":"A4AAAAAAADS2A4AAAAAAAAPm","repeats":1,"ndv":0},{"count":56330,"lower_bound":"A4AAAAAAADS4A4AAAAAAAA2p","upper_bound":"A4AAAAAAADe1A4AAAAAAACQw","repeats":1,"ndv":0},{"count":59460,"lower_bound":"A4AAAAAAADe3A4AAAAAAABCo","upper_bound":"A4AAAAAAADqlA4AAAAAAAAnV","repeats":1,"ndv":0},{"count":62589,"lower_bound":"A4AAAAAAADqoA4AAAAAAAAnY","upper_bound":"A4AAAAAAAD2mA4AAAAAAABaX","repeats":1,"ndv":0},{"count":65719,"lower_bound":"A4AAAAAAAD2oA4AAAAAAAAMT","upper_bound":"A4AAAAAAAEDlA4AAAAAAABAV","repeats":1,"ndv":0},{"count":68848,"lower_bound":"A4AAAAAAAEDmA4AAAAAAAAZR","upper_bound":"A4AAAAAAAEO6A4AAAAAAAAkl","repeats":1,"ndv":0},{"count":71978,"lower_bound":"A4AAAAAAAEO9A4AAAAAAAByu","upper_bound":"A4AAAAAAAEbMA4AAAAAAAB+9","repeats":1,"ndv":0},{"count":75107,"lower_bound":"A4AAAAAAAEbOA4AAAAAAABX+","upper_bound":"A4AAAAAAAEnYA4AAAAAAACLJ","repeats":1,"ndv":0},{"count":78237,"lower_bound":"A4AAAAAAAEnZA4AAAAAAACLK","upper_bound":"A4AAAAAAAEzMA4AAAAAAABI3","repeats":1,"ndv":0},{"count":81366,"lower_bound":"A4AAAAAAAEzQA4AAAAAAACXB","upper_bound":"A4AAAAAAAE/3A4AAAAAAAAHY","repeats":1,"ndv":0},{"count":84496,"lower_bound":"A4AAAAAAAE/7A4AAAAAAAAui","upper_bound":"A4AAAAAAAFLWA4AAAAAAAAS3","repeats":1,"ndv":0},{"count":87625,"lower_bound":"A4AAAAAAAFLWA4AAAAAAACIJ","upper_bound":"A4AAAAAAAFWhA4AAAAAAABsO","repeats":1,"ndv":0},{"count":90755,"lower_bound":"A4AAAAAAAFWhA4AAAAAAACTU","upper_bound":"A4AAAAAAAFjBA4AAAAAAAADk","repeats":1,"ndv":0},{"count":93884,"lower_bound":"A4AAAAAAAFjBA4AAAAAAAB4u","upper_bound":"A4AAAAAAAFvMA4AAAAAAAA2t","repeats":1,"ndv":0},{"count":97013,"lower_bound":"A4AAAAAAAFvNA4AAAAAAAAPw","upper_bound":"A4AAAAAAAF7CA4AAAAAAAAbl","repeats":1,"ndv":0},{"count":100143,"lower_bound":"A4AAAAAAAF7IA4AAAAAAABCp","upper_bound":"A4AAAAAAAGGNA4AAAAAAACb6","repeats":1,"ndv":0},{"count":103272,"lower_bound":"A4AAAAAAAGGOA4AAAAAAABNv","upper_bound":"A4AAAAAAAGTbA4AAAAAAAAz+","repeats":1,"ndv":0},{"count":106402,"lower_bound":"A4AAAAAAAGTcA4AAAAAAABa9","upper_bound":"A4AAAAAAAGfjA4AAAAAAACOK","repeats":1,"ndv":0},{"count":109531,"lower_bound":"A4AAAAAAAGfnA4AAAAAAAAZE","upper_bound":"A4AAAAAAAGrcA4AAAAAAACaD","repeats":1,"ndv":0},{"count":112661,"lower_bound":"A4AAAAAAAGrdA4AAAAAAABMA","upper_bound":"A4AAAAAAAG3nA4AAAAAAAB/I","repeats":1,"ndv":0},{"count":115790,"lower_bound":"A4AAAAAAAG3tA4AAAAAAAB/O","upper_bound":"A4AAAAAAAHElA4AAAAAAAAW8","repeats":1,"ndv":0},{"count":118920,"lower_bound":"A4AAAAAAAHEnA4AAAAAAABlK","upper_bound":"A4AAAAAAAHQYA4AAAAAAACX5","repeats":1,"ndv":0},{"count":122049,"lower_bound":"A4AAAAAAAHQZA4AAAAAAACX6","upper_bound":"A4AAAAAAAHclA4AAAAAAAB9L","repeats":1,"ndv":0},{"count":125179,"lower_bound":"A4AAAAAAAHcmA4AAAAAAAAu+","upper_bound":"A4AAAAAAAHokA4AAAAAAAAT1","repeats":1,"ndv":0},{"count":128308,"lower_bound":"A4AAAAAAAHokA4AAAAAAABiD","upper_bound":"A4AAAAAAAHz0A4AAAAAAABtT","repeats":1,"ndv":0},{"count":131438,"lower_bound":"A4AAAAAAAHz1A4AAAAAAAAfG","upper_bound":"A4AAAAAAAIBzA4AAAAAAAAGJ","repeats":1,"ndv":0},{"count":134567,"lower_bound":"A4AAAAAAAIB1A4AAAAAAAAtG","upper_bound":"A4AAAAAAAIOdA4AAAAAAABg1","repeats":1,"ndv":0},{"count":137697,"lower_bound":"A4AAAAAAAIOeA4AAAAAAABg2","upper_bound":"A4AAAAAAAIbsA4AAAAAAABuE","repeats":1,"ndv":0},{"count":140826,"lower_bound":"A4AAAAAAAIbtA4AAAAAAABG+","upper_bound":"A4AAAAAAAIn3A4AAAAAAAAsN","repeats":1,"ndv":0},{"count":143956,"lower_bound":"A4AAAAAAAIn6A4AAAAAAAAsQ","upper_bound":"A4AAAAAAAI0oA4AAAAAAACHA","repeats":1,"ndv":0},{"count":147085,"lower_bound":"A4AAAAAAAI0rA4AAAAAAAA5B","upper_bound":"A4AAAAAAAJBWA4AAAAAAABsn","repeats":1,"ndv":0},{"count":150215,"lower_bound":"A4AAAAAAAJBXA4AAAAAAAAem","upper_bound":"A4AAAAAAAJNVA4AAAAAAAAqk","repeats":1,"ndv":0},{"count":153344,"lower_bound":"A4AAAAAAAJNWA4AAAAAAAAql","upper_bound":"A4AAAAAAAJaXA4AAAAAAACFo","repeats":1,"ndv":0},{"count":156474,"lower_bound":"A4AAAAAAAJaYA4AAAAAAAAQg","upper_bound":"A4AAAAAAAJmrA4AAAAAAABrB","repeats":1,"ndv":0},{"count":159603,"lower_bound":"A4AAAAAAAJmrA4AAAAAAACR8","upper_bound":"A4AAAAAAAJx9A4AAAAAAAB2W","repeats":1,"ndv":0},{"count":162733,"lower_bound":"A4AAAAAAAJx/A4AAAAAAABPQ","upper_bound":"A4AAAAAAAJ+2A4AAAAAAACDP","repeats":1,"ndv":0},{"count":165862,"lower_bound":"A4AAAAAAAJ+3A4AAAAAAAAN4","upper_bound":"A4AAAAAAAKL+A4AAAAAAABpP","repeats":1,"ndv":0},{"count":168992,"lower_bound":"A4AAAAAAAKL/A4AAAAAAAAbA","upper_bound":"A4AAAAAAAKYLA4AAAAAAAAAU","repeats":1,"ndv":0},{"count":172121,"lower_bound":"A4AAAAAAAKYNA4AAAAAAABOW","upper_bound":"A4AAAAAAAKlUA4AAAAAAAA0V","repeats":1,"ndv":0},{"count":175251,"lower_bound":"A4AAAAAAAKlVA4AAAAAAAANe","upper_bound":"A4AAAAAAAKx5A4AAAAAAAAaC","repeats":1,"ndv":0},{"count":178380,"lower_bound":"A4AAAAAAAKx7A4AAAAAAAAaE","upper_bound":"A4AAAAAAAK+RA4AAAAAAACbi","repeats":1,"ndv":0},{"count":181510,"lower_bound":"A4AAAAAAAK+SA4AAAAAAACbj","upper_bound":"A4AAAAAAALKNA4AAAAAAABZO","repeats":1,"ndv":0},{"count":184639,"lower_bound":"A4AAAAAAALKPA4AAAAAAAALQ","upper_bound":"A4AAAAAAALWXA4AAAAAAACMg","repeats":1,"ndv":0},{"count":187769,"lower_bound":"A4AAAAAAALWZA4AAAAAAACMi","upper_bound":"A4AAAAAAALijA4AAAAAAABKs","repeats":1,"ndv":0},{"count":190898,"lower_bound":"A4AAAAAAALimA4AAAAAAACYv","upper_bound":"A4AAAAAAALuTA4AAAAAAAB9U","repeats":1,"ndv":0},{"count":194027,"lower_bound":"A4AAAAAAALuVA4AAAAAAAAvW","upper_bound":"A4AAAAAAAL6BA4AAAAAAABiK","repeats":1,"ndv":0},{"count":197157,"lower_bound":"A4AAAAAAAL6DA4AAAAAAACJE","upper_bound":"A4AAAAAAAMGUA4AAAAAAACVV","repeats":1,"ndv":0},{"count":200286,"lower_bound":"A4AAAAAAAMGmA4AAAAAAACVn","upper_bound":"A4AAAAAAAMTaA4AAAAAAAAtU","repeats":1,"ndv":0},{"count":203416,"lower_bound":"A4AAAAAAAMTdA4AAAAAAAAGO","upper_bound":"A4AAAAAAAMgTA4AAAAAAAATE","repeats":1,"ndv":0},{"count":206545,"lower_bound":"A4AAAAAAAMgTA4AAAAAAAA6N","upper_bound":"A4AAAAAAAMs+A4AAAAAAABuB","repeats":1,"ndv":0},{"count":209675,"lower_bound":"A4AAAAAAAMs+A4AAAAAAACVK","upper_bound":"A4AAAAAAAM5PA4AAAAAAAAsA","repeats":1,"ndv":0},{"count":212804,"lower_bound":"A4AAAAAAAM5QA4AAAAAAAAFM","upper_bound":"A4AAAAAAANFWA4AAAAAAABfQ","repeats":1,"ndv":0},{"count":215934,"lower_bound":"A4AAAAAAANFcA4AAAAAAAA4N","upper_bound":"A4AAAAAAANSHA4AAAAAAAAeD","repeats":1,"ndv":0},{"count":219063,"lower_bound":"A4AAAAAAANSQA4AAAAAAACTT","upper_bound":"A4AAAAAAANd2A4AAAAAAABQn","repeats":1,"ndv":0},{"count":222193,"lower_bound":"A4AAAAAAANd2A4AAAAAAAB3w","upper_bound":"A4AAAAAAANpqA4AAAAAAAA1m","repeats":1,"ndv":0},{"count":225322,"lower_bound":"A4AAAAAAANpwA4AAAAAAACDq","upper_bound":"A4AAAAAAAN17A4AAAAAAAAau","repeats":1,"ndv":0},{"count":228452,"lower_bound":"A4AAAAAAAN1+A4AAAAAAACP4","upper_bound":"A4AAAAAAAOCIA4AAAAAAABOE","repeats":1,"ndv":0},{"count":231581,"lower_bound":"A4AAAAAAAOCJA4AAAAAAABOF","upper_bound":"A4AAAAAAAOOuA4AAAAAAAAMY","repeats":1,"ndv":0},{"count":234711,"lower_bound":"A4AAAAAAAOOxA4AAAAAAABat","upper_bound":"A4AAAAAAAObWA4AAAAAAABAJ","repeats":1,"ndv":0},{"count":237840,"lower_bound":"A4AAAAAAAObYA4AAAAAAAAZC","upper_bound":"A4AAAAAAAOnpA4AAAAAAABMc","repeats":1,"ndv":0},{"count":240970,"lower_bound":"A4AAAAAAAOnrA4AAAAAAAAlV","upper_bound":"A4AAAAAAAOz5A4AAAAAAAAKa","repeats":1,"ndv":0},{"count":244099,"lower_bound":"A4AAAAAAAOz5A4AAAAAAABYu","upper_bound":"A4AAAAAAAPAcA4AAAAAAAAW9","repeats":1,"ndv":0},{"count":247229,"lower_bound":"A4AAAAAAAPAdA4AAAAAAAAW+","upper_bound":"A4AAAAAAAPN0A4AAAAAAABLf","repeats":1,"ndv":0},{"count":250358,"lower_bound":"A4AAAAAAAPN0A4AAAAAAAByp","upper_bound":"A4AAAAAAAPazA4AAAAAAABYe","repeats":1,"ndv":0},{"count":253488,"lower_bound":"A4AAAAAAAPa2A4AAAAAAAAKl","upper_bound":"A4AAAAAAAPmnA4AAAAAAAA9I","repeats":1,"ndv":0},{"count":256617,"lower_bound":"A4AAAAAAAPmqA4AAAAAAAA9L","upper_bound":"A4AAAAAAAPy3A4AAAAAAABJY","repeats":1,"ndv":0},{"count":259747,"lower_bound":"A4AAAAAAAPy3A4AAAAAAABwi","upper_bound":"A4AAAAAAAP/0A4AAAAAAAAvj","repeats":1,"ndv":0},{"count":262876,"lower_bound":"A4AAAAAAAP/3A4AAAAAAAAvm","upper_bound":"A4AAAAAAAQNYA4AAAAAAAAV9","repeats":1,"ndv":0},{"count":266006,"lower_bound":"A4AAAAAAAQNZA4AAAAAAAA9I","upper_bound":"A4AAAAAAAQZGA4AAAAAAABI1","repeats":1,"ndv":0},{"count":269135,"lower_bound":"A4AAAAAAAQZGA4AAAAAAABvn","upper_bound":"A4AAAAAAAQkeA4AAAAAAABUN","repeats":1,"ndv":0},{"count":272265,"lower_bound":"A4AAAAAAAQklA4AAAAAAAAGA","upper_bound":"A4AAAAAAAQw5A4AAAAAAAA5e","repeats":1,"ndv":0},{"count":275394,"lower_bound":"A4AAAAAAAQw6A4AAAAAAABgp","upper_bound":"A4AAAAAAAQ97A4AAAAAAAAfW","repeats":1,"ndv":0},{"count":278524,"lower_bound":"A4AAAAAAAQ98A4AAAAAAABGh","upper_bound":"A4AAAAAAARKrA4AAAAAAAB6d","repeats":1,"ndv":0},{"count":281653,"lower_bound":"A4AAAAAAARKuA4AAAAAAABTV","upper_bound":"A4AAAAAAARW2A4AAAAAAABfd","repeats":1,"ndv":0},{"count":284782,"lower_bound":"A4AAAAAAARW4A4AAAAAAAARJ","upper_bound":"A4AAAAAAARjTA4AAAAAAAAdk","repeats":1,"ndv":0},{"count":287912,"lower_bound":"A4AAAAAAARjUA4AAAAAAACTG","upper_bound":"A4AAAAAAARwiA4AAAAAAAAqz","repeats":1,"ndv":0},{"count":291041,"lower_bound":"A4AAAAAAARwoA4AAAAAAABSE","upper_bound":"A4AAAAAAAR7rA4AAAAAAACES","repeats":1,"ndv":0},{"count":294171,"lower_bound":"A4AAAAAAAR7wA4AAAAAAABdM","upper_bound":"A4AAAAAAASHvA4AAAAAAAAbR","repeats":1,"ndv":0},{"count":297300,"lower_bound":"A4AAAAAAASHwA4AAAAAAABpM","upper_bound":"A4AAAAAAASUjA4AAAAAAABO0","repeats":1,"ndv":0},{"count":300430,"lower_bound":"A4AAAAAAASUjA4AAAAAAAB1/","upper_bound":"A4AAAAAAAShYA4AAAAAAABbp","repeats":1,"ndv":0},{"count":303559,"lower_bound":"A4AAAAAAAShZA4AAAAAAABbq","upper_bound":"A4AAAAAAASuTA4AAAAAAABB1","repeats":1,"ndv":0},{"count":306689,"lower_bound":"A4AAAAAAASuTA4AAAAAAACPv","upper_bound":"A4AAAAAAAS6nA4AAAAAAAAm+","repeats":1,"ndv":0},{"count":309818,"lower_bound":"A4AAAAAAAS6qA4AAAAAAAAnB","upper_bound":"A4AAAAAAATHVA4AAAAAAABa3","repeats":1,"ndv":0},{"count":312948,"lower_bound":"A4AAAAAAATHVA4AAAAAAACBm","upper_bound":"A4AAAAAAATSaA4AAAAAAAAXm","repeats":1,"ndv":0},{"count":316077,"lower_bound":"A4AAAAAAATSbA4AAAAAAABl9","upper_bound":"A4AAAAAAATd4A4AAAAAAABKP","repeats":1,"ndv":0},{"count":319207,"lower_bound":"A4AAAAAAATd6A4AAAAAAABKR","upper_bound":"A4AAAAAAATqNA4AAAAAAAAIO","repeats":1,"ndv":0},{"count":322336,"lower_bound":"A4AAAAAAATqPA4AAAAAAAAIQ","upper_bound":"A4AAAAAAAT2nA4AAAAAAAAUo","repeats":1,"ndv":0},{"count":325466,"lower_bound":"A4AAAAAAAT2nA4AAAAAAACKM","upper_bound":"A4AAAAAAAUCWA4AAAAAAAAgX","repeats":1,"ndv":0},{"count":328595,"lower_bound":"A4AAAAAAAUCZA4AAAAAAAAga","upper_bound":"A4AAAAAAAUO0A4AAAAAAAAGJ","repeats":1,"ndv":0},{"count":331725,"lower_bound":"A4AAAAAAAUO1A4AAAAAAABUC","upper_bound":"A4AAAAAAAUb+A4AAAAAAAA5/","repeats":1,"ndv":0},{"count":334854,"lower_bound":"A4AAAAAAAUb/A4AAAAAAACIY","upper_bound":"A4AAAAAAAUnnA4AAAAAAAAe8","repeats":1,"ndv":0},{"count":337984,"lower_bound":"A4AAAAAAAUnpA4AAAAAAABFq","upper_bound":"A4AAAAAAAUzcA4AAAAAAAADl","repeats":1,"ndv":0},{"count":341113,"lower_bound":"A4AAAAAAAUzdA4AAAAAAAADm","upper_bound":"A4AAAAAAAU/nA4AAAAAAACE0","repeats":1,"ndv":0},{"count":344243,"lower_bound":"A4AAAAAAAU/oA4AAAAAAACE1","upper_bound":"A4AAAAAAAVLwA4AAAAAAAAb5","repeats":1,"ndv":0},{"count":347372,"lower_bound":"A4AAAAAAAVLwA4AAAAAAABDF","upper_bound":"A4AAAAAAAVYbA4AAAAAAAAok","repeats":1,"ndv":0},{"count":350502,"lower_bound":"A4AAAAAAAVYcA4AAAAAAABPx","upper_bound":"A4AAAAAAAVkkA4AAAAAAAA0t","repeats":1,"ndv":0},{"count":353631,"lower_bound":"A4AAAAAAAVklA4AAAAAAAA0u","upper_bound":"A4AAAAAAAVwXA4AAAAAAABAg","repeats":1,"ndv":0},{"count":356761,"lower_bound":"A4AAAAAAAVwZA4AAAAAAAAZW","upper_bound":"A4AAAAAAAV8iA4AAAAAAACaj","repeats":1,"ndv":0},{"count":359890,"lower_bound":"A4AAAAAAAV8jA4AAAAAAACak","upper_bound":"A4AAAAAAAWIcA4AAAAAAAAKN","repeats":1,"ndv":0},{"count":363020,"lower_bound":"A4AAAAAAAWIhA4AAAAAAAB/5","upper_bound":"A4AAAAAAAWT/A4AAAAAAACLX","repeats":1,"ndv":0},{"count":366149,"lower_bound":"A4AAAAAAAWUDA4AAAAAAACLb","upper_bound":"A4AAAAAAAWf2A4AAAAAAACXO","repeats":1,"ndv":0},{"count":369279,"lower_bound":"A4AAAAAAAWf7A4AAAAAAABwG","upper_bound":"A4AAAAAAAWrkA4AAAAAAABUi","repeats":1,"ndv":0},{"count":372408,"lower_bound":"A4AAAAAAAWrlA4AAAAAAAAGt","upper_bound":"A4AAAAAAAW4KA4AAAAAAAATS","repeats":1,"ndv":0},{"count":375538,"lower_bound":"A4AAAAAAAW4KA4AAAAAAABhI","upper_bound":"A4AAAAAAAXDEA4AAAAAAABsC","repeats":1,"ndv":0},{"count":378667,"lower_bound":"A4AAAAAAAXDGA4AAAAAAACTR","upper_bound":"A4AAAAAAAXOdA4AAAAAAABQO","repeats":1,"ndv":0},{"count":381796,"lower_bound":"A4AAAAAAAXOeA4AAAAAAAACZ","upper_bound":"A4AAAAAAAXaVA4AAAAAAAA1d","repeats":1,"ndv":0},{"count":384926,"lower_bound":"A4AAAAAAAXaYA4AAAAAAACDW","upper_bound":"A4AAAAAAAXlTA4AAAAAAAAZO","repeats":1,"ndv":0},{"count":388055,"lower_bound":"A4AAAAAAAXlTA4AAAAAAABAb","upper_bound":"A4AAAAAAAXyrA4AAAAAAAAmm","repeats":1,"ndv":0},{"count":391185,"lower_bound":"A4AAAAAAAXyrA4AAAAAAAB0c","upper_bound":"A4AAAAAAAX/IA4AAAAAAAAzD","repeats":1,"ndv":0},{"count":394314,"lower_bound":"A4AAAAAAAX/IA4AAAAAAABaQ","upper_bound":"A4AAAAAAAYKzA4AAAAAAAAXh","repeats":1,"ndv":0},{"count":397444,"lower_bound":"A4AAAAAAAYK1A4AAAAAAAA+w","upper_bound":"A4AAAAAAAYXiA4AAAAAAAAkQ","repeats":1,"ndv":0},{"count":400573,"lower_bound":"A4AAAAAAAYXiA4AAAAAAAByq","upper_bound":"A4AAAAAAAYi0A4AAAAAAAAIV","repeats":1,"ndv":0},{"count":403703,"lower_bound":"A4AAAAAAAYi1A4AAAAAAAAIW","upper_bound":"A4AAAAAAAYvMA4AAAAAAAA77","repeats":1,"ndv":0},{"count":406832,"lower_bound":"A4AAAAAAAYvUA4AAAAAAAA8D","upper_bound":"A4AAAAAAAY67A4AAAAAAACWG","repeats":1,"ndv":0},{"count":409962,"lower_bound":"A4AAAAAAAY68A4AAAAAAACWH","upper_bound":"A4AAAAAAAZHoA4AAAAAAABUX","repeats":1,"ndv":0},{"count":413091,"lower_bound":"A4AAAAAAAZHtA4AAAAAAAAtO","upper_bound":"A4AAAAAAAZT8A4AAAAAAABgr","repeats":1,"ndv":0},{"count":416221,"lower_bound":"A4AAAAAAAZT/A4AAAAAAAA5g","upper_bound":"A4AAAAAAAZgVA4AAAAAAACUS","repeats":1,"ndv":0},{"count":419350,"lower_bound":"A4AAAAAAAZgZA4AAAAAAAAfU","upper_bound":"A4AAAAAAAZsUA4AAAAAAAB5D","repeats":1,"ndv":0},{"count":422480,"lower_bound":"A4AAAAAAAZsWA4AAAAAAAArR","upper_bound":"A4AAAAAAAZ46A4AAAAAAABeb","repeats":1,"ndv":0},{"count":425609,"lower_bound":"A4AAAAAAAZ48A4AAAAAAAA33","upper_bound":"A4AAAAAAAaEBA4AAAAAAACQw","repeats":1,"ndv":0},{"count":428739,"lower_bound":"A4AAAAAAAaEDA4AAAAAAACQy","upper_bound":"A4AAAAAAAaPoA4AAAAAAAAAH","repeats":1,"ndv":0},{"count":431868,"lower_bound":"A4AAAAAAAaPrA4AAAAAAABOm","upper_bound":"A4AAAAAAAabtA4AAAAAAABao","repeats":1,"ndv":0},{"count":434998,"lower_bound":"A4AAAAAAAabwA4AAAAAAAAMP","upper_bound":"A4AAAAAAAaneA4AAAAAAAAX9","repeats":1,"ndv":0},{"count":438127,"lower_bound":"A4AAAAAAAaneA4AAAAAAACM/","upper_bound":"A4AAAAAAAa0UA4AAAAAAABMB","repeats":1,"ndv":0},{"count":441257,"lower_bound":"A4AAAAAAAa0VA4AAAAAAAAk0","upper_bound":"A4AAAAAAAa//A4AAAAAAAB+9","repeats":1,"ndv":0},{"count":444386,"lower_bound":"A4AAAAAAAbABA4AAAAAAAAwh","upper_bound":"A4AAAAAAAbMIA4AAAAAAACLG","repeats":1,"ndv":0},{"count":447516,"lower_bound":"A4AAAAAAAbMJA4AAAAAAAAVa","upper_bound":"A4AAAAAAAbY0A4AAAAAAABJU","repeats":1,"ndv":0},{"count":450645,"lower_bound":"A4AAAAAAAbY0A4AAAAAAABwj","upper_bound":"A4AAAAAAAbk6A4AAAAAAABVa","repeats":1,"ndv":0},{"count":453775,"lower_bound":"A4AAAAAAAbk7A4AAAAAAAAHp","upper_bound":"A4AAAAAAAbxhA4AAAAAAAA6y","repeats":1,"ndv":0},{"count":456904,"lower_bound":"A4AAAAAAAbxjA4AAAAAAAAUR","upper_bound":"A4AAAAAAAb9NA4AAAAAAAAf7","repeats":1,"ndv":0},{"count":460034,"lower_bound":"A4AAAAAAAb9NA4AAAAAAABGe","upper_bound":"A4AAAAAAAcIgA4AAAAAAAAD/","repeats":1,"ndv":0},{"count":463163,"lower_bound":"A4AAAAAAAcIgA4AAAAAAABRx","upper_bound":"A4AAAAAAAcU6A4AAAAAAABeL","repeats":1,"ndv":0},{"count":466293,"lower_bound":"A4AAAAAAAcU7A4AAAAAAAA3p","upper_bound":"A4AAAAAAAchvA4AAAAAAACSP","repeats":1,"ndv":0},{"count":469422,"lower_bound":"A4AAAAAAAchxA4AAAAAAAAdQ","upper_bound":"A4AAAAAAAcuAA4AAAAAAAB3R","repeats":1,"ndv":0},{"count":472552,"lower_bound":"A4AAAAAAAcuBA4AAAAAAAB3S","upper_bound":"A4AAAAAAAc5UA4AAAAAAAANk","repeats":1,"ndv":0},{"count":475681,"lower_bound":"A4AAAAAAAc5YA4AAAAAAABcG","upper_bound":"A4AAAAAAAdEbA4AAAAAAAAYr","repeats":1,"ndv":0},{"count":478810,"lower_bound":"A4AAAAAAAdEbA4AAAAAAAA/6","upper_bound":"A4AAAAAAAdR1A4AAAAAAAAmF","repeats":1,"ndv":0},{"count":481940,"lower_bound":"A4AAAAAAAdR1A4AAAAAAABNU","upper_bound":"A4AAAAAAAde6A4AAAAAAACBr","repeats":1,"ndv":0},{"count":485069,"lower_bound":"A4AAAAAAAdfAA4AAAAAAACBx","upper_bound":"A4AAAAAAAdrkA4AAAAAAAA/1","repeats":1,"ndv":0},{"count":488199,"lower_bound":"A4AAAAAAAdrnA4AAAAAAAA/4","upper_bound":"A4AAAAAAAd4AA4AAAAAAACax","repeats":1,"ndv":0},{"count":491328,"lower_bound":"A4AAAAAAAd4BA4AAAAAAACay","upper_bound":"A4AAAAAAAeDkA4AAAAAAAAwl","repeats":1,"ndv":0},{"count":494458,"lower_bound":"A4AAAAAAAeDnA4AAAAAAAAwo","upper_bound":"A4AAAAAAAeOuA4AAAAAAACKP","repeats":1,"ndv":0},{"count":497587,"lower_bound":"A4AAAAAAAeOvA4AAAAAAAAVQ","upper_bound":"A4AAAAAAAebCA4AAAAAAAAhj","repeats":1,"ndv":0},{"count":500717,"lower_bound":"A4AAAAAAAebEA4AAAAAAABIF","upper_bound":"A4AAAAAAAem3A4AAAAAAAB7I","repeats":1,"ndv":0},{"count":503846,"lower_bound":"A4AAAAAAAem4A4AAAAAAABT5","upper_bound":"A4AAAAAAAeylA4AAAAAAAAR2","repeats":1,"ndv":0},{"count":506976,"lower_bound":"A4AAAAAAAeymA4AAAAAAABfn","upper_bound":"A4AAAAAAAe/MA4AAAAAAAAed","repeats":1,"ndv":0},{"count":510105,"lower_bound":"A4AAAAAAAe/MA4AAAAAAACTd","upper_bound":"A4AAAAAAAfK+A4AAAAAAAAC/","repeats":1,"ndv":0},{"count":513235,"lower_bound":"A4AAAAAAAfLAA4AAAAAAAADB","upper_bound":"A4AAAAAAAfYBA4AAAAAAAA3S","repeats":1,"ndv":0},{"count":516364,"lower_bound":"A4AAAAAAAfYBA4AAAAAAACFC","upper_bound":"A4AAAAAAAfjrA4AAAAAAABC8","repeats":1,"ndv":0},{"count":519494,"lower_bound":"A4AAAAAAAfjuA4AAAAAAAAbv","upper_bound":"A4AAAAAAAfwUA4AAAAAAAABF","repeats":1,"ndv":0},{"count":522623,"lower_bound":"A4AAAAAAAfwUA4AAAAAAABPn","upper_bound":"A4AAAAAAAf8dA4AAAAAAAANO","repeats":1,"ndv":0},{"count":525753,"lower_bound":"A4AAAAAAAf8fA4AAAAAAAA0h","upper_bound":"A4AAAAAAAgJaA4AAAAAAAAaL","repeats":1,"ndv":0},{"count":528882,"lower_bound":"A4AAAAAAAgJdA4AAAAAAABow","upper_bound":"A4AAAAAAAgV/A4AAAAAAAAAT","repeats":1,"ndv":0},{"count":532012,"lower_bound":"A4AAAAAAAgWBA4AAAAAAAAAV","upper_bound":"A4AAAAAAAgiqA4AAAAAAABas","repeats":1,"ndv":0},{"count":535141,"lower_bound":"A4AAAAAAAgirA4AAAAAAACB+","upper_bound":"A4AAAAAAAgt0A4AAAAAAABl2","repeats":1,"ndv":0},{"count":538271,"lower_bound":"A4AAAAAAAgt3A4AAAAAAAA+o","upper_bound":"A4AAAAAAAg6DA4AAAAAAAByF","repeats":1,"ndv":0},{"count":541400,"lower_bound":"A4AAAAAAAg6MA4AAAAAAAAkg","upper_bound":"A4AAAAAAAhGUA4AAAAAAAAJX","repeats":1,"ndv":0},{"count":544530,"lower_bound":"A4AAAAAAAhGVA4AAAAAAAAJY","upper_bound":"A4AAAAAAAhTjA4AAAAAAAA93","repeats":1,"ndv":0},{"count":547659,"lower_bound":"A4AAAAAAAhTkA4AAAAAAAA94","upper_bound":"A4AAAAAAAhfuA4AAAAAAABKC","repeats":1,"ndv":0},{"count":550789,"lower_bound":"A4AAAAAAAhfwA4AAAAAAACXy","upper_bound":"A4AAAAAAAhsWA4AAAAAAABWq","repeats":1,"ndv":0},{"count":553918,"lower_bound":"A4AAAAAAAhsXA4AAAAAAAB9I","upper_bound":"A4AAAAAAAh38A4AAAAAAAA6/","repeats":1,"ndv":0},{"count":557048,"lower_bound":"A4AAAAAAAh3+A4AAAAAAABiS","upper_bound":"A4AAAAAAAiFUA4AAAAAAAAhG","repeats":1,"ndv":0},{"count":560177,"lower_bound":"A4AAAAAAAiFWA4AAAAAAACWH","upper_bound":"A4AAAAAAAiQ7A4AAAAAAAAsu","repeats":1,"ndv":0},{"count":563307,"lower_bound":"A4AAAAAAAiQ7A4AAAAAAABUA","upper_bound":"A4AAAAAAAic/A4AAAAAAAARg","repeats":1,"ndv":0},{"count":566436,"lower_bound":"A4AAAAAAAic/A4AAAAAAABgE","upper_bound":"A4AAAAAAAip+A4AAAAAAABFx","repeats":1,"ndv":0},{"count":569565,"lower_bound":"A4AAAAAAAiqBA4AAAAAAABtG","upper_bound":"A4AAAAAAAi2MA4AAAAAAABR/","repeats":1,"ndv":0},{"count":572695,"lower_bound":"A4AAAAAAAi2PA4AAAAAAAAEW","upper_bound":"A4AAAAAAAjCRA4AAAAAAAAQY","repeats":1,"ndv":0},{"count":575824,"lower_bound":"A4AAAAAAAjCVA4AAAAAAACFa","upper_bound":"A4AAAAAAAjN7A4AAAAAAACRA","repeats":1,"ndv":0},{"count":578954,"lower_bound":"A4AAAAAAAjN9A4AAAAAAAAcE","upper_bound":"A4AAAAAAAjaoA4AAAAAAABPJ","repeats":1,"ndv":0},{"count":582083,"lower_bound":"A4AAAAAAAjapA4AAAAAAAB2c","upper_bound":"A4AAAAAAAjnZA4AAAAAAABb6","repeats":1,"ndv":0},{"count":585213,"lower_bound":"A4AAAAAAAjnbA4AAAAAAAAOQ","upper_bound":"A4AAAAAAAjzcA4AAAAAAACPP","repeats":1,"ndv":0},{"count":588342,"lower_bound":"A4AAAAAAAjzlA4AAAAAAACPY","upper_bound":"A4AAAAAAAj/dA4AAAAAAABNk","repeats":1,"ndv":0},{"count":591472,"lower_bound":"A4AAAAAAAj/gA4AAAAAAAB0B","upper_bound":"A4AAAAAAAkL6A4AAAAAAAAyv","repeats":1,"ndv":0},{"count":594601,"lower_bound":"A4AAAAAAAkL/A4AAAAAAAALi","upper_bound":"A4AAAAAAAkXYA4AAAAAAAAW7","repeats":1,"ndv":0},{"count":597731,"lower_bound":"A4AAAAAAAkXaA4AAAAAAAAW9","upper_bound":"A4AAAAAAAkjPA4AAAAAAABKE","repeats":1,"ndv":0},{"count":600860,"lower_bound":"A4AAAAAAAkjPA4AAAAAAACXw","upper_bound":"A4AAAAAAAkv1A4AAAAAAAAvZ","repeats":1,"ndv":0},{"count":603990,"lower_bound":"A4AAAAAAAkv1A4AAAAAAABWs","upper_bound":"A4AAAAAAAk7qA4AAAAAAAAT7","repeats":1,"ndv":0},{"count":607119,"lower_bound":"A4AAAAAAAk7qA4AAAAAAAA7O","upper_bound":"A4AAAAAAAlG+A4AAAAAAAAfP","repeats":1,"ndv":0},{"count":610249,"lower_bound":"A4AAAAAAAlHKA4AAAAAAAAfb","upper_bound":"A4AAAAAAAlSdA4AAAAAAABSB","repeats":1,"ndv":0},{"count":613378,"lower_bound":"A4AAAAAAAlSdA4AAAAAAAB5U","upper_bound":"A4AAAAAAAleOA4AAAAAAAAQI","repeats":1,"ndv":0},{"count":616508,"lower_bound":"A4AAAAAAAleQA4AAAAAAAA2h","upper_bound":"A4AAAAAAAlq/A4AAAAAAABDQ","repeats":1,"ndv":0},{"count":619637,"lower_bound":"A4AAAAAAAlrBA4AAAAAAAAc7","upper_bound":"A4AAAAAAAl3eA4AAAAAAAACF","repeats":1,"ndv":0},{"count":622767,"lower_bound":"A4AAAAAAAl3eA4AAAAAAAApY","upper_bound":"A4AAAAAAAmDlA4AAAAAAAA1f","repeats":1,"ndv":0},{"count":625896,"lower_bound":"A4AAAAAAAmDnA4AAAAAAAAOO","upper_bound":"A4AAAAAAAmO4A4AAAAAAACOc","repeats":1,"ndv":0},{"count":629026,"lower_bound":"A4AAAAAAAmO5A4AAAAAAAAZg","upper_bound":"A4AAAAAAAmbJA4AAAAAAAAlw","repeats":1,"ndv":0},{"count":632155,"lower_bound":"A4AAAAAAAmbKA4AAAAAAABzb","upper_bound":"A4AAAAAAAmnMA4AAAAAAABZG","repeats":1,"ndv":0},{"count":635285,"lower_bound":"A4AAAAAAAmnNA4AAAAAAAB/e","upper_bound":"A4AAAAAAAm0OA4AAAAAAABmI","repeats":1,"ndv":0},{"count":638414,"lower_bound":"A4AAAAAAAm0XA4AAAAAAABmR","upper_bound":"A4AAAAAAAm/kA4AAAAAAAAi4","repeats":1,"ndv":0},{"count":641544,"lower_bound":"A4AAAAAAAm/tA4AAAAAAABxn","upper_bound":"A4AAAAAAAnMsA4AAAAAAAAwB","repeats":1,"ndv":0},{"count":644673,"lower_bound":"A4AAAAAAAnMtA4AAAAAAAB+q","upper_bound":"A4AAAAAAAnXMA4AAAAAAABh1","repeats":1,"ndv":0},{"count":647803,"lower_bound":"A4AAAAAAAnXNA4AAAAAAAA6i","upper_bound":"A4AAAAAAAniKA4AAAAAAABFf","repeats":1,"ndv":0},{"count":650932,"lower_bound":"A4AAAAAAAniMA4AAAAAAAAeN","upper_bound":"A4AAAAAAAnvEA4AAAAAAABSZ","repeats":1,"ndv":0},{"count":654062,"lower_bound":"A4AAAAAAAnvFA4AAAAAAAArG","upper_bound":"A4AAAAAAAn7gA4AAAAAAAARN","repeats":1,"ndv":0},{"count":657191,"lower_bound":"A4AAAAAAAn7rA4AAAAAAABfA","upper_bound":"A4AAAAAAAoITA4AAAAAAABEU","repeats":1,"ndv":0},{"count":660321,"lower_bound":"A4AAAAAAAoIYA4AAAAAAABrt","upper_bound":"A4AAAAAAAoT4A4AAAAAAAApl","repeats":1,"ndv":0},{"count":663450,"lower_bound":"A4AAAAAAAoT7A4AAAAAAAApo","upper_bound":"A4AAAAAAAohaA4AAAAAAABdb","repeats":1,"ndv":0},{"count":666579,"lower_bound":"A4AAAAAAAoheA4AAAAAAACEz","upper_bound":"A4AAAAAAAotbA4AAAAAAABDI","repeats":1,"ndv":0},{"count":669709,"lower_bound":"A4AAAAAAAotbA4AAAAAAACQw","upper_bound":"A4AAAAAAAo5qA4AAAAAAAB1r","repeats":1,"ndv":0},{"count":672838,"lower_bound":"A4AAAAAAAo5rA4AAAAAAAAAw","upper_bound":"A4AAAAAAApGHA4AAAAAAAANM","repeats":1,"ndv":0},{"count":675968,"lower_bound":"A4AAAAAAApGIA4AAAAAAABb1","upper_bound":"A4AAAAAAApR8A4AAAAAAAAZB","repeats":1,"ndv":0},{"count":679097,"lower_bound":"A4AAAAAAApR8A4AAAAAAABnp","upper_bound":"A4AAAAAAApdNA4AAAAAAAAkS","repeats":1,"ndv":0},{"count":682227,"lower_bound":"A4AAAAAAApdRA4AAAAAAAAkW","upper_bound":"A4AAAAAAAppyA4AAAAAAAAJj","repeats":1,"ndv":0},{"count":685356,"lower_bound":"A4AAAAAAApp1A4AAAAAAAB/l","upper_bound":"A4AAAAAAAp2AA4AAAAAAACLw","repeats":1,"ndv":0},{"count":688486,"lower_bound":"A4AAAAAAAp2CA4AAAAAAAAVz","upper_bound":"A4AAAAAAAqBZA4AAAAAAAAhK","repeats":1,"ndv":0},{"count":691615,"lower_bound":"A4AAAAAAAqBbA4AAAAAAAAhM","upper_bound":"A4AAAAAAAqNgA4AAAAAAABUm","repeats":1,"ndv":0},{"count":694745,"lower_bound":"A4AAAAAAAqNhA4AAAAAAAAHB","upper_bound":"A4AAAAAAAqaRA4AAAAAAACIs","repeats":1,"ndv":0},{"count":697874,"lower_bound":"A4AAAAAAAqaSA4AAAAAAABhY","upper_bound":"A4AAAAAAAqm4A4AAAAAAABGp","repeats":1,"ndv":0},{"count":701004,"lower_bound":"A4AAAAAAAqm6A4AAAAAAABGr","upper_bound":"A4AAAAAAAqzcA4AAAAAAAB6i","repeats":1,"ndv":0},{"count":704133,"lower_bound":"A4AAAAAAAqzdA4AAAAAAAAFo","upper_bound":"A4AAAAAAAq/2A4AAAAAAAA5W","repeats":1,"ndv":0},{"count":707263,"lower_bound":"A4AAAAAAAq/6A4AAAAAAACHA","upper_bound":"A4AAAAAAArMAA4AAAAAAACTG","repeats":1,"ndv":0},{"count":710392,"lower_bound":"A4AAAAAAArMDA4AAAAAAAAeO","upper_bound":"A4AAAAAAArY7A4AAAAAAABSb","repeats":1,"ndv":0},{"count":713522,"lower_bound":"A4AAAAAAArY7A4AAAAAAAB4s","upper_bound":"A4AAAAAAArkFA4AAAAAAAAO7","repeats":1,"ndv":0},{"count":716651,"lower_bound":"A4AAAAAAArkFA4AAAAAAABdl","upper_bound":"A4AAAAAAArvWA4AAAAAAABBh","repeats":1,"ndv":0},{"count":719781,"lower_bound":"A4AAAAAAArvXA4AAAAAAAAaN","upper_bound":"A4AAAAAAAr7FA4AAAAAAACa2","repeats":1,"ndv":0},{"count":722910,"lower_bound":"A4AAAAAAAr7HA4AAAAAAABNS","upper_bound":"A4AAAAAAAsHEA4AAAAAAACAn","repeats":1,"ndv":0},{"count":726040,"lower_bound":"A4AAAAAAAsHFA4AAAAAAAAx8","upper_bound":"A4AAAAAAAsTaA4AAAAAAABln","repeats":1,"ndv":0},{"count":729169,"lower_bound":"A4AAAAAAAsTeA4AAAAAAAA+V","upper_bound":"A4AAAAAAAseiA4AAAAAAABJZ","repeats":1,"ndv":0},{"count":732299,"lower_bound":"A4AAAAAAAsekA4AAAAAAABJb","upper_bound":"A4AAAAAAAsrHA4AAAAAAAAIa","repeats":1,"ndv":0},{"count":735428,"lower_bound":"A4AAAAAAAsrHA4AAAAAAAB9U","upper_bound":"A4AAAAAAAs3jA4AAAAAAAA7E","repeats":1,"ndv":0},{"count":738558,"lower_bound":"A4AAAAAAAs3mA4AAAAAAACJz","upper_bound":"A4AAAAAAAtDQA4AAAAAAABGx","repeats":1,"ndv":0},{"count":741687,"lower_bound":"A4AAAAAAAtDQA4AAAAAAACVd","upper_bound":"A4AAAAAAAtO/A4AAAAAAAB52","repeats":1,"ndv":0},{"count":744817,"lower_bound":"A4AAAAAAAtPAA4AAAAAAAAE9","upper_bound":"A4AAAAAAAtbxA4AAAAAAAA5E","repeats":1,"ndv":0},{"count":747946,"lower_bound":"A4AAAAAAAtb2A4AAAAAAAARz","upper_bound":"A4AAAAAAAtoYA4AAAAAAABr5","repeats":1,"ndv":0},{"count":751076,"lower_bound":"A4AAAAAAAtoZA4AAAAAAACTQ","upper_bound":"A4AAAAAAAtzTA4AAAAAAABQm","repeats":1,"ndv":0},{"count":754205,"lower_bound":"A4AAAAAAAtzUA4AAAAAAAB21","upper_bound":"A4AAAAAAAt/gA4AAAAAAAA1d","repeats":1,"ndv":0},{"count":757335,"lower_bound":"A4AAAAAAAt/gA4AAAAAAACDB","upper_bound":"A4AAAAAAAuLnA4AAAAAAACPI","repeats":1,"ndv":0},{"count":760464,"lower_bound":"A4AAAAAAAuLoA4AAAAAAAAaP","upper_bound":"A4AAAAAAAuYFA4AAAAAAAAms","repeats":1,"ndv":0},{"count":763593,"lower_bound":"A4AAAAAAAuYGA4AAAAAAAB1Z","upper_bound":"A4AAAAAAAujkA4AAAAAAACA6","repeats":1,"ndv":0},{"count":766723,"lower_bound":"A4AAAAAAAujlA4AAAAAAACA7","upper_bound":"A4AAAAAAAuv9A4AAAAAAAAXO","repeats":1,"ndv":0},{"count":769852,"lower_bound":"A4AAAAAAAuv9A4AAAAAAAA+l","upper_bound":"A4AAAAAAAu7tA4AAAAAAABKV","repeats":1,"ndv":0},{"count":772982,"lower_bound":"A4AAAAAAAu7tA4AAAAAAABxs","upper_bound":"A4AAAAAAAvH3A4AAAAAAAAvI","repeats":1,"ndv":0},{"count":776111,"lower_bound":"A4AAAAAAAvH5A4AAAAAAAB94","upper_bound":"A4AAAAAAAvUwA4AAAAAAABjY","repeats":1,"ndv":0},{"count":779241,"lower_bound":"A4AAAAAAAvU2A4AAAAAAABje","upper_bound":"A4AAAAAAAvhZA4AAAAAAACXY","repeats":1,"ndv":0},{"count":782370,"lower_bound":"A4AAAAAAAvhgA4AAAAAAACXf","upper_bound":"A4AAAAAAAvuAA4AAAAAAAB8o","repeats":1,"ndv":0},{"count":785500,"lower_bound":"A4AAAAAAAvuDA4AAAAAAAAHy","upper_bound":"A4AAAAAAAv5wA4AAAAAAAA62","repeats":1,"ndv":0},{"count":788629,"lower_bound":"A4AAAAAAAv5zA4AAAAAAABhE","upper_bound":"A4AAAAAAAwGzA4AAAAAAAAgi","repeats":1,"ndv":0},{"count":791759,"lower_bound":"A4AAAAAAAwG0A4AAAAAAACVc","upper_bound":"A4AAAAAAAwThA4AAAAAAAAtQ","repeats":1,"ndv":0},{"count":794888,"lower_bound":"A4AAAAAAAwThA4AAAAAAABUn","upper_bound":"A4AAAAAAAwf8A4AAAAAAAA5r","repeats":1,"ndv":0},{"count":798018,"lower_bound":"A4AAAAAAAwf9A4AAAAAAACHO","upper_bound":"A4AAAAAAAwtGA4AAAAAAABuM","repeats":1,"ndv":0},{"count":800000,"lower_bound":"A4AAAAAAAwtIA4AAAAAAAAfg","upper_bound":"A4AAAAAAAw08A4AAAAAAACcN","repeats":1,"ndv":0}]},"cm_sketch":null,"fm_sketch":null,"stats_ver":2,"null_count":0,"tot_col_size":0,"last_update_version":455768134457229312,"correlation":0}},"partitions":null,"database_name":"tuner_db","table_name":"partsupp","ext_stats":null,"predicate_columns":[{"last_used_at":"2025-02-03 22:27:34","last_analyzed_at":null,"id":3},{"last_used_at":"2025-02-03 22:27:34","last_analyzed_at":null,"id":4},{"last_used_at":"2025-02-03 22:27:39","last_analyzed_at":"2025-02-03 21:17:36","id":1},{"last_used_at":"2025-02-03 22:27:39","last_analyzed_at":"2025-02-03 21:17:36","id":2}],"count":800000,"modify_count":0,"version":455768134457229312,"is_historical_stats":false}