[{"Received Command":{"Command":"Query","ExecutedASTText":"explain analyze select\n\tl_shipmode,\n\tsum(case\n\t\twhen o_orderpriority = '1-URGENT'\n\t\t\tor o_orderpriority = '2-HIGH'\n\t\t\tthen 1\n\t\telse 0\n\tend) as high_line_count,\n\tsum(case\n\t\twhen o_orderpriority <> '1-URGENT'\n\t\t\tand o_orderpriority <> '2-HIGH'\n\t\t\tthen 1\n\t\telse 0\n\tend) as low_line_count\nfrom\n\torders,\n\tlineitem\nwhere\n\to_orderkey = l_orderkey\n\tand l_shipmode in ('RAIL', 'FOB')\n\tand l_commitdate < l_receiptdate\n\tand l_shipdate < l_commitdate\n\tand l_receiptdate >= '1997-01-01'\n\tand l_receiptdate < date_add('1997-01-01', interval '1' year)\ngroup by\n\tl_shipmode\norder by\n\tl_shipmode","ExecuteStmtInfo":null}},{"github.com/pingcap/tidb/pkg/planner.Optimize":{"github.com/pingcap/tidb/pkg/planner.optimize":{"github.com/pingcap/tidb/pkg/planner.Optimize":{"github.com/pingcap/tidb/pkg/planner.optimize":{"github.com/pingcap/tidb/pkg/planner/core.DoOptimize":[{"github.com/pingcap/tidb/pkg/planner/core.logicalOptimize":[{"github.com/pingcap/tidb/pkg/planner/core.getStatsTable":{"TableName":"orders","TblInfoID":254,"InputPhysicalID":254,"HandleIsNil":false,"UsePartitionStats":false,"CountIsZero":false,"Uninitialized":false,"Outdated":false,"StatsTblInfo":{"Columns":[{"CMSketchInfo":null,"Name":"O_ORDERKEY","LoadingStatus":"allLoaded","ID":1,"NDV":1500000,"NullCount":0,"LastUpdateVersion":455768135246544896,"TotColSize":5735795,"Correlation":1,"StatsVer":2,"HistogramSize":256,"TopNSize":-1},{"CMSketchInfo":null,"Name":"O_CUSTKEY","LoadingStatus":"unInitialized","ID":2,"NDV":0,"NullCount":0,"LastUpdateVersion":0,"TotColSize":0,"Correlation":0,"StatsVer":0,"HistogramSize":0,"TopNSize":-1},{"CMSketchInfo":null,"Name":"O_ORDERSTATUS","LoadingStatus":"unInitialized","ID":3,"NDV":0,"NullCount":0,"LastUpdateVersion":0,"TotColSize":0,"Correlation":0,"StatsVer":0,"HistogramSize":0,"TopNSize":-1},{"CMSketchInfo":null,"Name":"O_TOTALPRICE","LoadingStatus":"unInitialized","ID":4,"NDV":0,"NullCount":0,"LastUpdateVersion":0,"TotColSize":0,"Correlation":0,"StatsVer":0,"HistogramSize":0,"TopNSize":-1},{"CMSketchInfo":null,"Name":"O_ORDERDATE","LoadingStatus":"unInitialized","ID":5,"NDV":0,"NullCount":0,"LastUpdateVersion":0,"TotColSize":0,"Correlation":0,"StatsVer":0,"HistogramSize":0,"TopNSize":-1},{"CMSketchInfo":null,"Name":"O_ORDERPRIORITY","LoadingStatus":"unInitialized","ID":6,"NDV":0,"NullCount":0,"LastUpdateVersion":0,"TotColSize":0,"Correlation":0,"StatsVer":0,"HistogramSize":0,"TopNSize":-1},{"CMSketchInfo":null,"Name":"O_SHIPPRIORITY","LoadingStatus":"unInitialized","ID":8,"NDV":0,"NullCount":0,"LastUpdateVersion":0,"TotColSize":0,"Correlation":0,"StatsVer":0,"HistogramSize":0,"TopNSize":-1},{"CMSketchInfo":null,"Name":"O_COMMENT","LoadingStatus":"unInitialized","ID":9,"NDV":0,"NullCount":0,"LastUpdateVersion":0,"TotColSize":0,"Correlation":0,"StatsVer":0,"HistogramSize":0,"TopNSize":-1}],"Indexes":[],"PhysicalID":254,"Version":455768135246544896,"Count":1500000,"ModifyCount":0}}},{"github.com/pingcap/tidb/pkg/planner/core.deriveStats4DataSource":[{"github.com/pingcap/tidb/pkg/planner/core.deriveStatsByFilter":{"github.com/pingcap/tidb/pkg/planner/cardinality.Selectivity":[{"Input Expressions":[]},{"Result":1}]}},{"github.com/pingcap/tidb/pkg/planner/core.derivePathStatsAndTryHeuristics":{"github.com/pingcap/tidb/pkg/planner/core.deriveTablePathStats":null}},{"github.com/pingcap/tidb/pkg/planner/core.generateIndexMergePath":null},{"Access paths":[{"AccessConditions":[],"IndexFilters":[],"TableFilters":[],"CountAfterAccess":1500000,"CountAfterIndex":0}]}]},{"github.com/pingcap/tidb/pkg/planner/core.getStatsTable":{"TableName":"lineitem","TblInfoID":256,"InputPhysicalID":256,"HandleIsNil":false,"UsePartitionStats":false,"CountIsZero":false,"Uninitialized":false,"Outdated":false,"StatsTblInfo":{"Columns":[{"CMSketchInfo":null,"Name":"L_ORDERKEY","LoadingStatus":"allLoaded","ID":1,"NDV":1507328,"NullCount":0,"LastUpdateVersion":455768133660573696,"TotColSize":22947964,"Correlation":1,"StatsVer":2,"HistogramSize":256,"TopNSize":-1},{"CMSketchInfo":null,"Name":"L_PARTKEY","LoadingStatus":"unInitialized","ID":2,"NDV":0,"NullCount":0,"LastUpdateVersion":0,"TotColSize":0,"Correlation":0,"StatsVer":0,"HistogramSize":0,"TopNSize":-1},{"CMSketchInfo":null,"Name":"L_SUPPKEY","LoadingStatus":"unInitialized","ID":3,"NDV":0,"NullCount":0,"LastUpdateVersion":0,"TotColSize":0,"Correlation":0,"StatsVer":0,"HistogramSize":0,"TopNSize":-1},{"CMSketchInfo":null,"Name":"L_QUANTITY","LoadingStatus":"unInitialized","ID":5,"NDV":0,"NullCount":0,"LastUpdateVersion":0,"TotColSize":0,"Correlation":0,"StatsVer":0,"HistogramSize":0,"TopNSize":-1},{"CMSketchInfo":null,"Name":"L_EXTENDEDPRICE","LoadingStatus":"unInitialized","ID":6,"NDV":0,"NullCount":0,"LastUpdateVersion":0,"TotColSize":0,"Correlation":0,"StatsVer":0,"HistogramSize":0,"TopNSize":-1},{"CMSketchInfo":null,"Name":"L_DISCOUNT","LoadingStatus":"unInitialized","ID":7,"NDV":0,"NullCount":0,"LastUpdateVersion":0,"TotColSize":0,"Correlation":0,"StatsVer":0,"HistogramSize":0,"TopNSize":-1},{"CMSketchInfo":null,"Name":"L_RETURNFLAG","LoadingStatus":"unInitialized","ID":9,"NDV":0,"NullCount":0,"LastUpdateVersion":0,"TotColSize":0,"Correlation":0,"StatsVer":0,"HistogramSize":0,"TopNSize":-1},{"CMSketchInfo":null,"Name":"L_LINESTATUS","LoadingStatus":"unInitialized","ID":10,"NDV":0,"NullCount":0,"LastUpdateVersion":0,"TotColSize":0,"Correlation":0,"StatsVer":0,"HistogramSize":0,"TopNSize":-1},{"CMSketchInfo":null,"Name":"L_SHIPDATE","LoadingStatus":"unInitialized","ID":11,"NDV":0,"NullCount":0,"LastUpdateVersion":0,"TotColSize":0,"Correlation":0,"StatsVer":0,"HistogramSize":0,"TopNSize":-1},{"CMSketchInfo":null,"Name":"L_COMMITDATE","LoadingStatus":"unInitialized","ID":12,"NDV":0,"NullCount":0,"LastUpdateVersion":0,"TotColSize":0,"Correlation":0,"StatsVer":0,"HistogramSize":0,"TopNSize":-1},{"CMSketchInfo":null,"Name":"L_RECEIPTDATE","LoadingStatus":"unInitialized","ID":13,"NDV":0,"NullCount":0,"LastUpdateVersion":0,"TotColSize":0,"Correlation":0,"StatsVer":0,"HistogramSize":0,"TopNSize":-1},{"CMSketchInfo":null,"Name":"L_SHIPINSTRUCT","LoadingStatus":"unInitialized","ID":14,"NDV":0,"NullCount":0,"LastUpdateVersion":0,"TotColSize":0,"Correlation":0,"StatsVer":0,"HistogramSize":0,"TopNSize":-1},{"CMSketchInfo":null,"Name":"L_SHIPMODE","LoadingStatus":"unInitialized","ID":15,"NDV":0,"NullCount":0,"LastUpdateVersion":0,"TotColSize":0,"Correlation":0,"StatsVer":0,"HistogramSize":0,"TopNSize":-1}],"Indexes":[{"CMSketchInfo":null,"Name":"PRIMARY","LoadingStatus":"allLoaded","ID":1,"NDV":5982208,"NullCount":0,"LastUpdateVersion":455768133660573696,"TotColSize":0,"Correlation":0,"StatsVer":2,"HistogramSize":256,"TopNSize":-1}],"PhysicalID":256,"Version":455768133660573696,"Count":6001215,"ModifyCount":0}}},{"github.com/pingcap/tidb/pkg/planner/core.deriveStats4DataSource":[{"github.com/pingcap/tidb/pkg/planner/core.deriveStatsByFilter":{"github.com/pingcap/tidb/pkg/planner/cardinality.Selectivity":[{"Input Expressions":["in(tuner_db.lineitem.l_shipmode, RAIL, FOB)","lt(tuner_db.lineitem.l_commitdate, tuner_db.lineitem.l_receiptdate)","lt(tuner_db.lineitem.l_shipdate, tuner_db.lineitem.l_commitdate)","ge(tuner_db.lineitem.l_receiptdate, 1997-01-01 00:00:00.000000)","lt(tuner_db.lineitem.l_receiptdate, 1998-01-01 00:00:00.000000)"]},{"github.com/pingcap/tidb/pkg/planner/cardinality.GetRowCountByColumnRanges":[{"Ranges":["[NULL,+inf]"],"ID":20},{"github.com/pingcap/tidb/pkg/statistics.ColumnStatsIsInvalid":{"EssentialLoaded":false,"InValidForCollPseudo":false,"IsInvalid":true,"NDV":0,"TotalCount":0}},{"Name":"L_SHIPDATE","Result":6001215}]},{"github.com/pingcap/tidb/pkg/planner/cardinality.GetRowCountByColumnRanges":[{"Ranges":["[NULL,+inf]"],"ID":21},{"github.com/pingcap/tidb/pkg/statistics.ColumnStatsIsInvalid":{"EssentialLoaded":false,"InValidForCollPseudo":false,"IsInvalid":true,"NDV":0,"TotalCount":0}},{"Name":"L_COMMITDATE","Result":6001215}]},{"github.com/pingcap/tidb/pkg/planner/cardinality.GetRowCountByColumnRanges":[{"Ranges":["[1997-01-01,1998-01-01)"],"ID":22},{"github.com/pingcap/tidb/pkg/statistics.ColumnStatsIsInvalid":{"EssentialLoaded":false,"InValidForCollPseudo":false,"IsInvalid":true,"NDV":0,"TotalCount":0}},{"Name":"L_RECEIPTDATE","Result":150030.375}]},{"github.com/pingcap/tidb/pkg/planner/cardinality.GetRowCountByColumnRanges":[{"Ranges":["[\"FOB\",\"FOB\"]","[\"RAIL\",\"RAIL\"]"],"ID":24},{"github.com/pingcap/tidb/pkg/statistics.ColumnStatsIsInvalid":{"EssentialLoaded":false,"InValidForCollPseudo":false,"IsInvalid":true,"NDV":0,"TotalCount":0}},{"Name":"L_SHIPMODE","Result":12002.43}]},{"Expressions":["ge(tuner_db.lineitem.l_receiptdate, 1997-01-01 00:00:00.000000)","lt(tuner_db.lineitem.l_receiptdate, 1998-01-01 00:00:00.000000)"],"Selectivity":0.025,"partial cover":false},{"Expressions":["in(tuner_db.lineitem.l_shipmode, RAIL, FOB)"],"Selectivity":0.002,"partial cover":false},{"Default Selectivity":0.8},{"Result":0.00004}]}},{"github.com/pingcap/tidb/pkg/planner/core.derivePathStatsAndTryHeuristics":{"github.com/pingcap/tidb/pkg/planner/core.deriveTablePathStats":{"github.com/pingcap/tidb/pkg/planner/cardinality.GetRowCountByIndexRanges":[{"Ranges":["[NULL,+inf]"],"ID":1},{"github.com/pingcap/tidb/pkg/statistics.IndexStatsIsInvalid":{"CollPseudo":false,"IsInvalid":false,"TotalCount":6001215}},{"Histogram NotNull Count":6001215,"Increase Factor":1,"TopN total count":0},{"github.com/pingcap/tidb/pkg/planner/cardinality.getIndexRowCountForStatsV2":[{"Start estimate range":{"Range":"[NULL,+inf]","LowValueEncoded":"AA==","HighValueEncoded":"+g==","CurrentRowCount":0}},{"github.com/pingcap/tidb/pkg/statistics.(*Histogram).LessRowCountWithBktIdx":[{"Locate value in buckets":{"Value":"KindBytes \\x00","BucketIdx":0,"Exceed":false,"InBucket":false,"MatchLastValue":false}},{"Related Buckets in Histogram":[{"Index":-1,"Count":-1,"Repeat":-1},{"Index":0,"Count":23450,"Repeat":1}]},{"Bucket idx":0,"Result":0}]},{"github.com/pingcap/tidb/pkg/statistics.(*Histogram).LessRowCountWithBktIdx":[{"Locate value in buckets":{"Value":"KindBytes \\xfb","BucketIdx":255,"Exceed":true,"InBucket":false,"MatchLastValue":false}},{"Bucket idx":255,"Result":6001215}]},{"github.com/pingcap/tidb/pkg/statistics.(*Histogram).EqualRowCount":[{"Locate value in buckets":{"Value":"KindBytes \\x00","BucketIdx":0,"Exceed":false,"InBucket":false,"MatchLastValue":false}},{"Count":0,"Matched":false}]},{"github.com/pingcap/tidb/pkg/statistics.(*TopN).BetweenCount":{"Result":0}},{"github.com/pingcap/tidb/pkg/statistics.(*Histogram).OutOfRangeRowCount":[{"lDatum":"KindBytes \\x00","modifyCount":0,"rDatum":"KindBytes \\xfb","realtimeRowCount":6001215},{"Result":0}]},{"End estimate range":{"RowCount":6001215,"Type":"Range"}}]},{"Name":"PRIMARY","Result":6001215}]}}},{"github.com/pingcap/tidb/pkg/planner/core.generateIndexMergePath":null},{"Access paths":[{"IndexName":"PRIMARY","AccessConditions":[],"IndexFilters":[],"TableFilters":["in(tuner_db.lineitem.l_shipmode, RAIL, FOB)","lt(tuner_db.lineitem.l_commitdate, tuner_db.lineitem.l_receiptdate)","lt(tuner_db.lineitem.l_shipdate, tuner_db.lineitem.l_commitdate)","ge(tuner_db.lineitem.l_receiptdate, 1997-01-01 00:00:00.000000)","lt(tuner_db.lineitem.l_receiptdate, 1998-01-01 00:00:00.000000)"],"CountAfterAccess":6001215,"CountAfterIndex":0}]}]}]},{"github.com/pingcap/tidb/pkg/planner/core.physicalOptimize":[{"github.com/pingcap/tidb/pkg/planner/cardinality.Selectivity":[{"Input Expressions":["in(tuner_db.lineitem.l_shipmode, RAIL, FOB)","lt(tuner_db.lineitem.l_commitdate, tuner_db.lineitem.l_receiptdate)","lt(tuner_db.lineitem.l_shipdate, tuner_db.lineitem.l_commitdate)","ge(tuner_db.lineitem.l_receiptdate, 1997-01-01 00:00:00.000000)","lt(tuner_db.lineitem.l_receiptdate, 1998-01-01 00:00:00.000000)"]},{"github.com/pingcap/tidb/pkg/planner/cardinality.GetRowCountByColumnRanges":[{"Ranges":["[NULL,+inf]"],"ID":20},{"github.com/pingcap/tidb/pkg/statistics.ColumnStatsIsInvalid":{"EssentialLoaded":false,"InValidForCollPseudo":false,"IsInvalid":true,"NDV":0,"TotalCount":0}},{"Name":"L_SHIPDATE","Result":6001215}]},{"github.com/pingcap/tidb/pkg/planner/cardinality.GetRowCountByColumnRanges":[{"Ranges":["[NULL,+inf]"],"ID":21},{"github.com/pingcap/tidb/pkg/statistics.ColumnStatsIsInvalid":{"EssentialLoaded":false,"InValidForCollPseudo":false,"IsInvalid":true,"NDV":0,"TotalCount":0}},{"Name":"L_COMMITDATE","Result":6001215}]},{"github.com/pingcap/tidb/pkg/planner/cardinality.GetRowCountByColumnRanges":[{"Ranges":["[1997-01-01,1998-01-01)"],"ID":22},{"github.com/pingcap/tidb/pkg/statistics.ColumnStatsIsInvalid":{"EssentialLoaded":false,"InValidForCollPseudo":false,"IsInvalid":true,"NDV":0,"TotalCount":0}},{"Name":"L_RECEIPTDATE","Result":150030.375}]},{"github.com/pingcap/tidb/pkg/planner/cardinality.GetRowCountByColumnRanges":[{"Ranges":["[\"FOB\",\"FOB\"]","[\"RAIL\",\"RAIL\"]"],"ID":24},{"github.com/pingcap/tidb/pkg/statistics.ColumnStatsIsInvalid":{"EssentialLoaded":false,"InValidForCollPseudo":false,"IsInvalid":true,"NDV":0,"TotalCount":0}},{"Name":"L_SHIPMODE","Result":12002.43}]},{"Expressions":["ge(tuner_db.lineitem.l_receiptdate, 1997-01-01 00:00:00.000000)","lt(tuner_db.lineitem.l_receiptdate, 1998-01-01 00:00:00.000000)"],"Selectivity":0.025,"partial cover":false},{"Expressions":["in(tuner_db.lineitem.l_shipmode, RAIL, FOB)"],"Selectivity":0.002,"partial cover":false},{"Default Selectivity":0.8},{"Result":0.00004}]},{"github.com/pingcap/tidb/pkg/planner/cardinality.Selectivity":[{"Input Expressions":["in(tuner_db.lineitem.l_shipmode, RAIL, FOB)","lt(tuner_db.lineitem.l_commitdate, tuner_db.lineitem.l_receiptdate)","lt(tuner_db.lineitem.l_shipdate, tuner_db.lineitem.l_commitdate)","ge(tuner_db.lineitem.l_receiptdate, 1997-01-01 00:00:00.000000)","lt(tuner_db.lineitem.l_receiptdate, 1998-01-01 00:00:00.000000)"]},{"github.com/pingcap/tidb/pkg/planner/cardinality.GetRowCountByColumnRanges":[{"Ranges":["[NULL,+inf]"],"ID":20},{"github.com/pingcap/tidb/pkg/statistics.ColumnStatsIsInvalid":{"EssentialLoaded":false,"InValidForCollPseudo":false,"IsInvalid":true,"NDV":0,"TotalCount":0}},{"Name":"L_SHIPDATE","Result":6001215}]},{"github.com/pingcap/tidb/pkg/planner/cardinality.GetRowCountByColumnRanges":[{"Ranges":["[NULL,+inf]"],"ID":21},{"github.com/pingcap/tidb/pkg/statistics.ColumnStatsIsInvalid":{"EssentialLoaded":false,"InValidForCollPseudo":false,"IsInvalid":true,"NDV":0,"TotalCount":0}},{"Name":"L_COMMITDATE","Result":6001215}]},{"github.com/pingcap/tidb/pkg/planner/cardinality.GetRowCountByColumnRanges":[{"Ranges":["[1997-01-01,1998-01-01)"],"ID":22},{"github.com/pingcap/tidb/pkg/statistics.ColumnStatsIsInvalid":{"EssentialLoaded":false,"InValidForCollPseudo":false,"IsInvalid":true,"NDV":0,"TotalCount":0}},{"Name":"L_RECEIPTDATE","Result":150030.375}]},{"github.com/pingcap/tidb/pkg/planner/cardinality.GetRowCountByColumnRanges":[{"Ranges":["[\"FOB\",\"FOB\"]","[\"RAIL\",\"RAIL\"]"],"ID":24},{"github.com/pingcap/tidb/pkg/statistics.ColumnStatsIsInvalid":{"EssentialLoaded":false,"InValidForCollPseudo":false,"IsInvalid":true,"NDV":0,"TotalCount":0}},{"Name":"L_SHIPMODE","Result":12002.43}]},{"Expressions":["ge(tuner_db.lineitem.l_receiptdate, 1997-01-01 00:00:00.000000)","lt(tuner_db.lineitem.l_receiptdate, 1998-01-01 00:00:00.000000)"],"Selectivity":0.025,"partial cover":false},{"Expressions":["in(tuner_db.lineitem.l_shipmode, RAIL, FOB)"],"Selectivity":0.002,"partial cover":false},{"Default Selectivity":0.8},{"Result":0.00004}]}]}]}}}}}]
