[{"Received Command":{"Command":"Query","ExecutedASTText":"explain analyze select\n\tsum(l_extendedprice * l_discount) as revenue\nfrom\n\tlineitem\nwhere\n\tl_shipdate >= '1994-01-01'\n\tand l_shipdate < date_add('1994-01-01', interval '1' year)\n\tand l_discount between 0.06 - 0.01 and 0.06 + 0.01\n\tand l_quantity < 24","ExecuteStmtInfo":null}},{"github.com/pingcap/tidb/pkg/planner.Optimize":{"github.com/pingcap/tidb/pkg/planner.optimize":{"github.com/pingcap/tidb/pkg/planner.Optimize":{"github.com/pingcap/tidb/pkg/planner.optimize":{"github.com/pingcap/tidb/pkg/planner/core.DoOptimize":[{"github.com/pingcap/tidb/pkg/planner/core.logicalOptimize":null},{"github.com/pingcap/tidb/pkg/planner/core.physicalOptimize":[{"github.com/pingcap/tidb/pkg/planner/core.getStatsTable":{"TableName":"lineitem","TblInfoID":256,"InputPhysicalID":256,"HandleIsNil":false,"UsePartitionStats":false,"CountIsZero":false,"Uninitialized":false,"Outdated":false,"StatsTblInfo":{"Columns":[{"CMSketchInfo":null,"Name":"L_ORDERKEY","LoadingStatus":"allLoaded","ID":1,"NDV":1507328,"NullCount":0,"LastUpdateVersion":455768133660573696,"TotColSize":22947964,"Correlation":1,"StatsVer":2,"HistogramSize":256,"TopNSize":-1},{"CMSketchInfo":null,"Name":"L_PARTKEY","LoadingStatus":"unInitialized","ID":2,"NDV":0,"NullCount":0,"LastUpdateVersion":0,"TotColSize":0,"Correlation":0,"StatsVer":0,"HistogramSize":0,"TopNSize":-1},{"CMSketchInfo":null,"Name":"L_SUPPKEY","LoadingStatus":"unInitialized","ID":3,"NDV":0,"NullCount":0,"LastUpdateVersion":0,"TotColSize":0,"Correlation":0,"StatsVer":0,"HistogramSize":0,"TopNSize":-1},{"CMSketchInfo":null,"Name":"L_QUANTITY","LoadingStatus":"unInitialized","ID":5,"NDV":0,"NullCount":0,"LastUpdateVersion":0,"TotColSize":0,"Correlation":0,"StatsVer":0,"HistogramSize":0,"TopNSize":-1},{"CMSketchInfo":null,"Name":"L_EXTENDEDPRICE","LoadingStatus":"unInitialized","ID":6,"NDV":0,"NullCount":0,"LastUpdateVersion":0,"TotColSize":0,"Correlation":0,"StatsVer":0,"HistogramSize":0,"TopNSize":-1},{"CMSketchInfo":null,"Name":"L_DISCOUNT","LoadingStatus":"unInitialized","ID":7,"NDV":0,"NullCount":0,"LastUpdateVersion":0,"TotColSize":0,"Correlation":0,"StatsVer":0,"HistogramSize":0,"TopNSize":-1},{"CMSketchInfo":null,"Name":"L_RETURNFLAG","LoadingStatus":"unInitialized","ID":9,"NDV":0,"NullCount":0,"LastUpdateVersion":0,"TotColSize":0,"Correlation":0,"StatsVer":0,"HistogramSize":0,"TopNSize":-1},{"CMSketchInfo":null,"Name":"L_LINESTATUS","LoadingStatus":"unInitialized","ID":10,"NDV":0,"NullCount":0,"LastUpdateVersion":0,"TotColSize":0,"Correlation":0,"StatsVer":0,"HistogramSize":0,"TopNSize":-1},{"CMSketchInfo":null,"Name":"L_SHIPDATE","LoadingStatus":"unInitialized","ID":11,"NDV":0,"NullCount":0,"LastUpdateVersion":0,"TotColSize":0,"Correlation":0,"StatsVer":0,"HistogramSize":0,"TopNSize":-1},{"CMSketchInfo":null,"Name":"L_COMMITDATE","LoadingStatus":"unInitialized","ID":12,"NDV":0,"NullCount":0,"LastUpdateVersion":0,"TotColSize":0,"Correlation":0,"StatsVer":0,"HistogramSize":0,"TopNSize":-1},{"CMSketchInfo":null,"Name":"L_RECEIPTDATE","LoadingStatus":"unInitialized","ID":13,"NDV":0,"NullCount":0,"LastUpdateVersion":0,"TotColSize":0,"Correlation":0,"StatsVer":0,"HistogramSize":0,"TopNSize":-1},{"CMSketchInfo":null,"Name":"L_SHIPINSTRUCT","LoadingStatus":"unInitialized","ID":14,"NDV":0,"NullCount":0,"LastUpdateVersion":0,"TotColSize":0,"Correlation":0,"StatsVer":0,"HistogramSize":0,"TopNSize":-1},{"CMSketchInfo":null,"Name":"L_SHIPMODE","LoadingStatus":"unInitialized","ID":15,"NDV":0,"NullCount":0,"LastUpdateVersion":0,"TotColSize":0,"Correlation":0,"StatsVer":0,"HistogramSize":0,"TopNSize":-1}],"Indexes":[{"CMSketchInfo":null,"Name":"PRIMARY","LoadingStatus":"allLoaded","ID":1,"NDV":5982208,"NullCount":0,"LastUpdateVersion":455768133660573696,"TotColSize":0,"Correlation":0,"StatsVer":2,"HistogramSize":256,"TopNSize":-1}],"PhysicalID":256,"Version":455768133660573696,"Count":6001215,"ModifyCount":0}}},{"github.com/pingcap/tidb/pkg/planner/core.deriveStats4DataSource":[{"github.com/pingcap/tidb/pkg/planner/core.deriveStatsByFilter":{"github.com/pingcap/tidb/pkg/planner/cardinality.Selectivity":[{"Input Expressions":["ge(tuner_db.lineitem.l_shipdate, 1994-01-01 00:00:00.000000)","lt(tuner_db.lineitem.l_shipdate, 1995-01-01 00:00:00.000000)","ge(tuner_db.lineitem.l_discount, 0.05)","le(tuner_db.lineitem.l_discount, 0.07)","lt(tuner_db.lineitem.l_quantity, 24)"]},{"github.com/pingcap/tidb/pkg/planner/cardinality.GetRowCountByColumnRanges":[{"Ranges":["[-inf,24.00)"],"ID":5},{"github.com/pingcap/tidb/pkg/statistics.ColumnStatsIsInvalid":{"EssentialLoaded":false,"InValidForCollPseudo":false,"IsInvalid":true,"NDV":0,"TotalCount":0}},{"Name":"L_QUANTITY","Result":1994403.785}]},{"github.com/pingcap/tidb/pkg/planner/cardinality.GetRowCountByColumnRanges":[{"Ranges":["[0.05,0.07]"],"ID":7},{"github.com/pingcap/tidb/pkg/statistics.ColumnStatsIsInvalid":{"EssentialLoaded":false,"InValidForCollPseudo":false,"IsInvalid":true,"NDV":0,"TotalCount":0}},{"Name":"L_DISCOUNT","Result":150030.375}]},{"github.com/pingcap/tidb/pkg/planner/cardinality.GetRowCountByColumnRanges":[{"Ranges":["[1994-01-01,1995-01-01)"],"ID":11},{"github.com/pingcap/tidb/pkg/statistics.ColumnStatsIsInvalid":{"EssentialLoaded":false,"InValidForCollPseudo":false,"IsInvalid":true,"NDV":0,"TotalCount":0}},{"Name":"L_SHIPDATE","Result":150030.375}]},{"Expressions":["ge(tuner_db.lineitem.l_discount, 0.05)","le(tuner_db.lineitem.l_discount, 0.07)"],"Selectivity":0.025,"partial cover":false},{"Expressions":["ge(tuner_db.lineitem.l_shipdate, 1994-01-01 00:00:00.000000)","lt(tuner_db.lineitem.l_shipdate, 1995-01-01 00:00:00.000000)"],"Selectivity":0.025,"partial cover":false},{"Expressions":["lt(tuner_db.lineitem.l_quantity, 24)"],"Selectivity":0.3323333333333333,"partial cover":false},{"Result":0.00020770833333333337}]}},{"github.com/pingcap/tidb/pkg/planner/core.derivePathStatsAndTryHeuristics":{"github.com/pingcap/tidb/pkg/planner/core.deriveTablePathStats":null}},{"github.com/pingcap/tidb/pkg/planner/core.generateIndexMergePath":null},{"Access paths":[{"IndexName":"PRIMARY","AccessConditions":[],"IndexFilters":[],"TableFilters":["ge(tuner_db.lineitem.l_shipdate, 1994-01-01 00:00:00.000000)","lt(tuner_db.lineitem.l_shipdate, 1995-01-01 00:00:00.000000)","ge(tuner_db.lineitem.l_discount, 0.05)","le(tuner_db.lineitem.l_discount, 0.07)","lt(tuner_db.lineitem.l_quantity, 24)"],"CountAfterAccess":6001215,"CountAfterIndex":0}]}]}]}]}}}}}]
