{"columns":{"l_comment":{"histogram":{"ndv":0},"cm_sketch":null,"fm_sketch":null,"stats_ver":0,"null_count":0,"tot_col_size":0,"last_update_version":455768101172543491,"correlation":0},"l_commitdate":{"histogram":{"ndv":0},"cm_sketch":null,"fm_sketch":null,"stats_ver":0,"null_count":0,"tot_col_size":0,"last_update_version":455768101172543491,"correlation":0},"l_discount":{"histogram":{"ndv":0},"cm_sketch":null,"fm_sketch":null,"stats_ver":0,"null_count":0,"tot_col_size":0,"last_update_version":455768101172543491,"correlation":0},"l_extendedprice":{"histogram":{"ndv":0},"cm_sketch":null,"fm_sketch":null,"stats_ver":0,"null_count":0,"tot_col_size":0,"last_update_version":455768101172543491,"correlation":0},"l_linenumber":{"histogram":{"ndv":7},"cm_sketch":{"top_n":[{"data":"A4AAAAAAAAAB","count":1515296},{"data":"A4AAAAAAAAAC","count":1278773},{"data":"A4AAAAAAAAAD","count":1074733},{"data":"A4AAAAAAAAAE","count":854311},{"data":"A4AAAAAAAAAF","count":645894},{"data":"A4AAAAAAAAAG","count":417057},{"data":"A4AAAAAAAAAH","count":215148}],"default_value":0},"fm_sketch":null,"stats_ver":2,"null_count":0,"tot_col_size":6001215,"last_update_version":455768133660573696,"correlation":0.18165550151657753},"l_linestatus":{"histogram":{"ndv":0},"cm_sketch":null,"fm_sketch":null,"stats_ver":0,"null_count":0,"tot_col_size":0,"last_update_version":455768101172543491,"correlation":0},"l_orderkey":{"histogram":{"ndv":1507328,"buckets":[{"count":23450,"lower_bound":"NzE=","upper_bound":"MjQ2NDA=","repeats":3,"ndv":0},{"count":46900,"lower_bound":"MjQ2NDc=","upper_bound":"NDk0NDE=","repeats":3,"ndv":0},{"count":70351,"lower_bound":"NDk0NDQ=","upper_bound":"NzM1NzI=","repeats":3,"ndv":0},{"count":93801,"lower_bound":"NzM2MDQ=","upper_bound":"OTgxNzc=","repeats":3,"ndv":0},{"count":117251,"lower_bound":"OTgyNzI=","upper_bound":"MTIyMjQy","repeats":3,"ndv":0},{"count":140702,"lower_bound":"MTIyMjQz","upper_bound":"MTQ2NTY3","repeats":3,"ndv":0},{"count":164152,"lower_bound":"MTQ2NTkz","upper_bound":"MTY4MDA1","repeats":3,"ndv":0},{"count":187602,"lower_bound":"MTY4MTI4","upper_bound":"MTkwOTE3","repeats":3,"ndv":0},{"count":211053,"lower_bound":"MTkxMDE0","upper_bound":"MjEyNTQ0","repeats":3,"ndv":0},{"count":234503,"lower_bound":"MjEyNTc4","upper_bound":"MjM2NjQ0","repeats":3,"ndv":0},{"count":257953,"lower_bound":"MjM2Njcy","upper_bound":"MjYxNTM5","repeats":3,"ndv":0},{"count":281404,"lower_bound":"MjYxNjA1","upper_bound":"Mjg2MDg2","repeats":3,"ndv":0},{"count":304854,"lower_bound":"Mjg2MTQ5","upper_bound":"MzA5NzYx","repeats":3,"ndv":0},{"count":328304,"lower_bound":"MzA5NzYz","upper_bound":"MzMxODQ0","repeats":3,"ndv":0},{"count":351755,"lower_bound":"MzMxOTA2","upper_bound":"MzU1MTc0","repeats":3,"ndv":0},{"count":375205,"lower_bound":"MzU1MzAz","upper_bound":"Mzc2NjQ0","repeats":3,"ndv":0},{"count":398656,"lower_bound":"Mzc2NzM2","upper_bound":"NDAwMTAz","repeats":3,"ndv":0},{"count":422106,"lower_bound":"NDAwMTYy","upper_bound":"NDIzMzAy","repeats":3,"ndv":0},{"count":445556,"lower_bound":"NDIzMzMx","upper_bound":"NDQ3MTQw","repeats":3,"ndv":0},{"count":469007,"lower_bound":"NDQ3MjA2","upper_bound":"NDcwOTgw","repeats":3,"ndv":0},{"count":492457,"lower_bound":"NDcxMTM3","upper_bound":"NDk0Mzc0","repeats":3,"ndv":0},{"count":515963,"lower_bound":"NDk0NDM5","upper_bound":"NTE4NzI3","repeats":112,"ndv":0},{"count":539414,"lower_bound":"NTE4NzUy","upper_bound":"NTQyMzQy","repeats":3,"ndv":0},{"count":562864,"lower_bound":"NTQyMzQz","upper_bound":"NTY1NDEz","repeats":3,"ndv":0},{"count":586314,"lower_bound":"NTY1NDQ0","upper_bound":"NTg5MDI2","repeats":3,"ndv":0},{"count":609821,"lower_bound":"NTg5MDg5","upper_bound":"NjEwOTgz","repeats":112,"ndv":0},{"count":633271,"lower_bound":"NjExMDEy","upper_bound":"NjM1MTcx","repeats":3,"ndv":0},{"count":656722,"lower_bound":"NjM1MjAw","upper_bound":"NjU3NjAz","repeats":3,"ndv":0},{"count":680172,"lower_bound":"NjU3Njcw","upper_bound":"NjgwNzY5","repeats":3,"ndv":0},{"count":703622,"lower_bound":"NjgwODAz","upper_bound":"NzA2MDU1","repeats":3,"ndv":0},{"count":727073,"lower_bound":"NzA2MDg1","upper_bound":"NzI5NDc0","repeats":3,"ndv":0},{"count":750523,"lower_bound":"NzI5NTA0","upper_bound":"NzUxNzE1","repeats":3,"ndv":0},{"count":773973,"lower_bound":"NzUxNzc4","upper_bound":"Nzc1NTg2","repeats":3,"ndv":0},{"count":797424,"lower_bound":"Nzc1NjE4","upper_bound":"Nzk5NTU5","repeats":3,"ndv":0},{"count":820874,"lower_bound":"Nzk5NjUw","upper_bound":"ODI0MzI1","repeats":3,"ndv":0},{"count":844324,"lower_bound":"ODI0MzU1","upper_bound":"ODQ4ODM0","repeats":3,"ndv":0},{"count":867775,"lower_bound":"ODQ4ODM1","upper_bound":"ODcyNTgw","repeats":3,"ndv":0},{"count":891225,"lower_bound":"ODcyNjE1","upper_bound":"ODk2Mzkx","repeats":3,"ndv":0},{"count":914732,"lower_bound":"ODk2NDIx","upper_bound":"OTIwNjQy","repeats":112,"ndv":0},{"count":938182,"lower_bound":"OTIwNzA4","upper_bound":"OTQ0ODY4","repeats":3,"ndv":0},{"count":961632,"lower_bound":"OTQ0ODk5","upper_bound":"OTY3NzQ5","repeats":112,"ndv":0},{"count":985083,"lower_bound":"OTY3Nzc5","upper_bound":"OTkwODg2","repeats":3,"ndv":0},{"count":1008533,"lower_bound":"OTkwOTQ0","upper_bound":"MTAxMzE4NA==","repeats":3,"ndv":0},{"count":1031983,"lower_bound":"MTAxMzE4NQ==","upper_bound":"MTAzODQzNg==","repeats":3,"ndv":0},{"count":1055434,"lower_bound":"MTAzODQ2OA==","upper_bound":"MTA2MjIxMQ==","repeats":3,"ndv":0},{"count":1078884,"lower_bound":"MTA2MjM2OA==","upper_bound":"MTA4NDYxMA==","repeats":3,"ndv":0},{"count":1102334,"lower_bound":"MTA4NDYxNQ==","upper_bound":"MTEwNzQ5Mw==","repeats":3,"ndv":0},{"count":1125785,"lower_bound":"MTEwNzQ5NQ==","upper_bound":"MTEyOTU0Mg==","repeats":3,"ndv":0},{"count":1149235,"lower_bound":"MTEyOTYwMw==","upper_bound":"MTE1MjM4OA==","repeats":3,"ndv":0},{"count":1172686,"lower_bound":"MTE1MjQ4Nw==","upper_bound":"MTE3NzUwNQ==","repeats":3,"ndv":0},{"count":1196136,"lower_bound":"MTE3NzYzOA==","upper_bound":"MTIwMTI4NA==","repeats":3,"ndv":0},{"count":1219586,"lower_bound":"MTIwMTI4Ng==","upper_bound":"MTIyMjI0Mw==","repeats":3,"ndv":0},{"count":1243037,"lower_bound":"MTIyMjI0NA==","upper_bound":"MTI0NTMxNw==","repeats":3,"ndv":0},{"count":1266487,"lower_bound":"MTI0NTQ3Mw==","upper_bound":"MTI2ODM4NQ==","repeats":3,"ndv":0},{"count":1289937,"lower_bound":"MTI2ODUxNw==","upper_bound":"MTI5MjUxNQ==","repeats":3,"ndv":0},{"count":1313388,"lower_bound":"MTI5MjUxOA==","upper_bound":"MTMxNTA3Nw==","repeats":3,"ndv":0},{"count":1336838,"lower_bound":"MTMxNTIzMw==","upper_bound":"MTMzOTIzNQ==","repeats":3,"ndv":0},{"count":1360288,"lower_bound":"MTMzOTI5OA==","upper_bound":"MTM2MTE1OA==","repeats":3,"ndv":0},{"count":1383739,"lower_bound":"MTM2MTI4Mg==","upper_bound":"MTM4NTc2Nw==","repeats":112,"ndv":0},{"count":1407189,"lower_bound":"MTM4NTgyNQ==","upper_bound":"MTQwOTk4Ng==","repeats":3,"ndv":0},{"count":1430639,"lower_bound":"MTQwOTk4OQ==","upper_bound":"MTQzNTUyNw==","repeats":3,"ndv":0},{"count":1454090,"lower_bound":"MTQzNTU1Mw==","upper_bound":"MTQ2MDEwMg==","repeats":3,"ndv":0},{"count":1477540,"lower_bound":"MTQ2MDIyOQ==","upper_bound":"MTQ4MzEzNw==","repeats":3,"ndv":0},{"count":1500990,"lower_bound":"MTQ4MzE0Mg==","upper_bound":"MTUwODU4MA==","repeats":3,"ndv":0},{"count":1524441,"lower_bound":"MTUwODcwNQ==","upper_bound":"MTUzMzU3Mw==","repeats":3,"ndv":0},{"count":1547891,"lower_bound":"MTUzMzYwMw==","upper_bound":"MTU1ODMxMQ==","repeats":3,"ndv":0},{"count":1571342,"lower_bound":"MTU1ODM3NA==","upper_bound":"MTU4MjE0Ng==","repeats":3,"ndv":0},{"count":1594792,"lower_bound":"MTU4MjI0Ng==","upper_bound":"MTYwNTA5Mw==","repeats":3,"ndv":0},{"count":1618242,"lower_bound":"MTYwNTE1OQ==","upper_bound":"MTYyODI5NA==","repeats":3,"ndv":0},{"count":1641693,"lower_bound":"MTYyODM1NQ==","upper_bound":"MTY0OTc5Nw==","repeats":3,"ndv":0},{"count":1665143,"lower_bound":"MTY0OTg1Nw==","upper_bound":"MTY3MzE5MQ==","repeats":112,"ndv":0},{"count":1688593,"lower_bound":"MTY3MzI1Mg==","upper_bound":"MTY5NTg3Nw==","repeats":3,"ndv":0},{"count":1712044,"lower_bound":"MTY5NTk3NA==","upper_bound":"MTcxOTc4MQ==","repeats":3,"ndv":0},{"count":1735494,"lower_bound":"MTcxOTgwOQ==","upper_bound":"MTc0MzI5Ng==","repeats":3,"ndv":0},{"count":1758944,"lower_bound":"MTc0MzMzMg==","upper_bound":"MTc2NzMzMQ==","repeats":3,"ndv":0},{"count":1782395,"lower_bound":"MTc2NzM2MQ==","upper_bound":"MTc5MDQzMg==","repeats":3,"ndv":0},{"count":1805845,"lower_bound":"MTc5MDU2Mw==","upper_bound":"MTgxMzQ0MA==","repeats":3,"ndv":0},{"count":1829295,"lower_bound":"MTgxMzQ0MQ==","upper_bound":"MTgzNDYyNA==","repeats":3,"ndv":0},{"count":1852746,"lower_bound":"MTgzNDYyOQ==","upper_bound":"MTg1NjcwOQ==","repeats":3,"ndv":0},{"count":1876196,"lower_bound":"MTg1NjgwMA==","upper_bound":"MTg4MDI1OA==","repeats":3,"ndv":0},{"count":1899647,"lower_bound":"MTg4MDI5MA==","upper_bound":"MTkwNTIyMw==","repeats":3,"ndv":0},{"count":1923097,"lower_bound":"MTkwNTI1MQ==","upper_bound":"MTkzMDExOA==","repeats":3,"ndv":0},{"count":1946547,"lower_bound":"MTkzMDI0Mg==","upper_bound":"MTk1MzIxOQ==","repeats":3,"ndv":0},{"count":1969998,"lower_bound":"MTk1MzMxMw==","upper_bound":"MTk3NjQyMA==","repeats":3,"ndv":0},{"count":1993448,"lower_bound":"MTk3NjU4Mw==","upper_bound":"MTk5Njk5OA==","repeats":3,"ndv":0},{"count":2016898,"lower_bound":"MTk5NzAyNA==","upper_bound":"MjAyMDgzNg==","repeats":3,"ndv":0},{"count":2040349,"lower_bound":"MjAyMDgzNw==","upper_bound":"MjA0NTA5Mg==","repeats":3,"ndv":0},{"count":2063799,"lower_bound":"MjA0NTE1Mw==","upper_bound":"MjA2ODgzNA==","repeats":3,"ndv":0},{"count":2087249,"lower_bound":"MjA2ODg2Ng==","upper_bound":"MjA5MjI5MA==","repeats":3,"ndv":0},{"count":2110700,"lower_bound":"MjA5MjMyMQ==","upper_bound":"MjExNjI2Mg==","repeats":3,"ndv":0},{"count":2134150,"lower_bound":"MjExNjM1OA==","upper_bound":"MjEzOTA0Nw==","repeats":3,"ndv":0},{"count":2157600,"lower_bound":"MjEzOTE0MA==","upper_bound":"MjE2MjQzNg==","repeats":3,"ndv":0},{"count":2181051,"lower_bound":"MjE2MjU2MA==","upper_bound":"MjE4NjM2OQ==","repeats":3,"ndv":0},{"count":2204501,"lower_bound":"MjE4NjQwNQ==","upper_bound":"MjIwODg5Nw==","repeats":3,"ndv":0},{"count":2227951,"lower_bound":"MjIwODkwMg==","upper_bound":"MjIzMjA3MQ==","repeats":3,"ndv":0},{"count":2251402,"lower_bound":"MjIzMjIzMA==","upper_bound":"MjI1NzQxMw==","repeats":3,"ndv":0},{"count":2274852,"lower_bound":"MjI1NzQ0MA==","upper_bound":"MjI3ODQzNQ==","repeats":3,"ndv":0},{"count":2298303,"lower_bound":"MjI3ODQ5Ng==","upper_bound":"MjMwMTk5MA==","repeats":3,"ndv":0},{"count":2321753,"lower_bound":"MjMwMjAxOQ==","upper_bound":"MjMyNDc3Mw==","repeats":3,"ndv":0},{"count":2345203,"lower_bound":"MjMyNDc3NA==","upper_bound":"MjM0Njg4MQ==","repeats":3,"ndv":0},{"count":2368654,"lower_bound":"MjM0Njk0OA==","upper_bound":"MjM3MTA3NA==","repeats":3,"ndv":0},{"count":2392160,"lower_bound":"MjM3MTE0Mg==","upper_bound":"MjM5MjY0MA==","repeats":112,"ndv":0},{"count":2415610,"lower_bound":"MjM5MjY0NA==","upper_bound":"MjQxNTgxMw==","repeats":3,"ndv":0},{"count":2439061,"lower_bound":"MjQxNTgxNA==","upper_bound":"MjQzODg1MA==","repeats":3,"ndv":0},{"count":2462511,"lower_bound":"MjQzODk0NA==","upper_bound":"MjQ2NDAwNQ==","repeats":3,"ndv":0},{"count":2485961,"lower_bound":"MjQ2NDA3MA==","upper_bound":"MjQ4ODgwMw==","repeats":3,"ndv":0},{"count":2509412,"lower_bound":"MjQ4ODg2OQ==","upper_bound":"MjUxMTE3Mg==","repeats":3,"ndv":0},{"count":2532862,"lower_bound":"MjUxMTE3NA==","upper_bound":"MjUzNDA0OA==","repeats":3,"ndv":0},{"count":2556313,"lower_bound":"MjUzNDA0OQ==","upper_bound":"MjU1NzMxNw==","repeats":3,"ndv":0},{"count":2579763,"lower_bound":"MjU1NzQxNQ==","upper_bound":"MjU4MTQ3OQ==","repeats":3,"ndv":0},{"count":2603213,"lower_bound":"MjU4MTUwNg==","upper_bound":"MjYwNTAyNg==","repeats":3,"ndv":0},{"count":2626664,"lower_bound":"MjYwNTE1NA==","upper_bound":"MjYyODIyNA==","repeats":3,"ndv":0},{"count":2650114,"lower_bound":"MjYyODI5NQ==","upper_bound":"MjY0ODc3MA==","repeats":3,"ndv":0},{"count":2673564,"lower_bound":"MjY0ODg2Nw==","upper_bound":"MjY3MjU0Ng==","repeats":3,"ndv":0},{"count":2697015,"lower_bound":"MjY3MjYwOQ==","upper_bound":"MjY5NjQ4Nw==","repeats":3,"ndv":0},{"count":2720465,"lower_bound":"MjY5NjU0Ng==","upper_bound":"MjcyMTc5NQ==","repeats":3,"ndv":0},{"count":2743915,"lower_bound":"MjcyMTc5OQ==","upper_bound":"Mjc0Njk3Nw==","repeats":3,"ndv":0},{"count":2767366,"lower_bound":"Mjc0Njk4MA==","upper_bound":"Mjc3MTY1Mw==","repeats":3,"ndv":0},{"count":2790816,"lower_bound":"Mjc3MTc0OQ==","upper_bound":"Mjc5Mzg5MA==","repeats":3,"ndv":0},{"count":2814266,"lower_bound":"Mjc5Mzk1OA==","upper_bound":"MjgxNzI1Mg==","repeats":3,"ndv":0},{"count":2837717,"lower_bound":"MjgxNzI4NA==","upper_bound":"MjgzOTE3NA==","repeats":3,"ndv":0},{"count":2861167,"lower_bound":"MjgzOTE3NQ==","upper_bound":"Mjg2MjU2NA==","repeats":112,"ndv":0},{"count":2884618,"lower_bound":"Mjg2MjU5OA==","upper_bound":"Mjg4Njk0Ng==","repeats":3,"ndv":0},{"count":2908068,"lower_bound":"Mjg4Njk4MQ==","upper_bound":"MjkwODkyOA==","repeats":3,"ndv":0},{"count":2931518,"lower_bound":"MjkwODkzMA==","upper_bound":"MjkzMzQ0Nw==","repeats":3,"ndv":0},{"count":2954969,"lower_bound":"MjkzMzUwNw==","upper_bound":"Mjk1NzI4Mg==","repeats":3,"ndv":0},{"count":2978419,"lower_bound":"Mjk1NzM0OQ==","upper_bound":"Mjk4MTQ3OA==","repeats":3,"ndv":0},{"count":3001869,"lower_bound":"Mjk4MTUwNQ==","upper_bound":"MzAwNTgzMQ==","repeats":3,"ndv":0},{"count":3025320,"lower_bound":"MzAwNTg5MQ==","upper_bound":"MzAyODI2Mg==","repeats":3,"ndv":0},{"count":3048770,"lower_bound":"MzAyODMyMA==","upper_bound":"MzA1MzIyMw==","repeats":3,"ndv":0},{"count":3072220,"lower_bound":"MzA1MzMxMw==","upper_bound":"MzA3NjgwMw==","repeats":3,"ndv":0},{"count":3095671,"lower_bound":"MzA3NjkwMA==","upper_bound":"MzEwMDcxMA==","repeats":3,"ndv":0},{"count":3119121,"lower_bound":"MzEwMDc2OQ==","upper_bound":"MzEyNTI4Ng==","repeats":3,"ndv":0},{"count":3142571,"lower_bound":"MzEyNTUwOA==","upper_bound":"MzE1MDcyNw==","repeats":3,"ndv":0},{"count":3166022,"lower_bound":"MzE1MDg4NA==","upper_bound":"MzE3NDIwOA==","repeats":3,"ndv":0},{"count":3189472,"lower_bound":"MzE3NDI0NA==","upper_bound":"MzE5NzMxNA==","repeats":3,"ndv":0},{"count":3212922,"lower_bound":"MzE5NzM3Nw==","upper_bound":"MzIyMTc5Ng==","repeats":3,"ndv":0},{"count":3236373,"lower_bound":"MzIyMTkyMw==","upper_bound":"MzI0NTcyOQ==","repeats":3,"ndv":0},{"count":3259823,"lower_bound":"MzI0NTczMg==","upper_bound":"MzI2OTU3MA==","repeats":3,"ndv":0},{"count":3283274,"lower_bound":"MzI2OTczMw==","upper_bound":"MzI5MzEyMg==","repeats":3,"ndv":0},{"count":3306724,"lower_bound":"MzI5MzI0OQ==","upper_bound":"MzMxNTA0NQ==","repeats":3,"ndv":0},{"count":3330174,"lower_bound":"MzMxNTEwNg==","upper_bound":"MzMzODYyNg==","repeats":3,"ndv":0},{"count":3353625,"lower_bound":"MzMzODY1OA==","upper_bound":"MzM2MTUxMQ==","repeats":3,"ndv":0},{"count":3377075,"lower_bound":"MzM2MTUzOQ==","upper_bound":"MzM4NTg2MA==","repeats":3,"ndv":0},{"count":3400525,"lower_bound":"MzM4NTg5Mg==","upper_bound":"MzQwOTA5NQ==","repeats":3,"ndv":0},{"count":3423976,"lower_bound":"MzQwOTIxNw==","upper_bound":"MzQzMzMxNw==","repeats":3,"ndv":0},{"count":3447426,"lower_bound":"MzQzMzM4MQ==","upper_bound":"MzQ1NTgxNA==","repeats":3,"ndv":0},{"count":3470876,"lower_bound":"MzQ1NjAwNw==","upper_bound":"MzQ3NzkyMQ==","repeats":3,"ndv":0},{"count":3494327,"lower_bound":"MzQ3NzkyNg==","upper_bound":"MzUwMjg4NA==","repeats":3,"ndv":0},{"count":3517777,"lower_bound":"MzUwMzAwOA==","upper_bound":"MzUyNTgyNA==","repeats":3,"ndv":0},{"count":3541227,"lower_bound":"MzUyNTg5MA==","upper_bound":"MzU0NzU1Ng==","repeats":3,"ndv":0},{"count":3564678,"lower_bound":"MzU0NzcxMg==","upper_bound":"MzU3MDYzMA==","repeats":3,"ndv":0},{"count":3588128,"lower_bound":"MzU3MDY1Nw==","upper_bound":"MzU5MjE5Mg==","repeats":3,"ndv":0},{"count":3611578,"lower_bound":"MzU5MjE5OQ==","upper_bound":"MzYxNDUwMA==","repeats":3,"ndv":0},{"count":3635029,"lower_bound":"MzYxNDU5Nw==","upper_bound":"MzYzNzkyNg==","repeats":3,"ndv":0},{"count":3658479,"lower_bound":"MzYzNzk1NQ==","upper_bound":"MzY2MTM3Ng==","repeats":3,"ndv":0},{"count":3681930,"lower_bound":"MzY2MTM3Nw==","upper_bound":"MzY4NDAwMA==","repeats":3,"ndv":0},{"count":3705380,"lower_bound":"MzY4NDAzNQ==","upper_bound":"MzcwODk2Mg==","repeats":3,"ndv":0},{"count":3728830,"lower_bound":"MzcwODk2NA==","upper_bound":"MzczMTA0Mg==","repeats":3,"ndv":0},{"count":3752281,"lower_bound":"MzczMTA3Ng==","upper_bound":"Mzc1MzI4NQ==","repeats":3,"ndv":0},{"count":3775731,"lower_bound":"Mzc1MzQ0NQ==","upper_bound":"Mzc3ODAxNw==","repeats":3,"ndv":0},{"count":3799181,"lower_bound":"Mzc3ODA0OA==","upper_bound":"MzgwMDIyNw==","repeats":3,"ndv":0},{"count":3822632,"lower_bound":"MzgwMDIyOA==","upper_bound":"MzgyMzEwNg==","repeats":112,"ndv":0},{"count":3846082,"lower_bound":"MzgyMzExMA==","upper_bound":"Mzg0Njg4Ng==","repeats":3,"ndv":0},{"count":3869532,"lower_bound":"Mzg0NjkxOA==","upper_bound":"Mzg2OTAyOQ==","repeats":3,"ndv":0},{"count":3892983,"lower_bound":"Mzg2OTA2Mg==","upper_bound":"Mzg5MjkyOA==","repeats":3,"ndv":0},{"count":3916433,"lower_bound":"Mzg5MjkzMQ==","upper_bound":"MzkxNjU1MA==","repeats":3,"ndv":0},{"count":3939883,"lower_bound":"MzkxNjYwOA==","upper_bound":"Mzk0MjA4NA==","repeats":3,"ndv":0},{"count":3963334,"lower_bound":"Mzk0MjExOA==","upper_bound":"Mzk2NTYwMg==","repeats":112,"ndv":0},{"count":3986784,"lower_bound":"Mzk2NTYwNA==","upper_bound":"Mzk4ODA5OQ==","repeats":3,"ndv":0},{"count":4010235,"lower_bound":"Mzk4ODE2NQ==","upper_bound":"NDAxMzY3MA==","repeats":112,"ndv":0},{"count":4033685,"lower_bound":"NDAxMzY3MQ==","upper_bound":"NDAzNzc5Mg==","repeats":3,"ndv":0},{"count":4057135,"lower_bound":"NDAzNzg2MQ==","upper_bound":"NDA2MDgwNQ==","repeats":112,"ndv":0},{"count":4080586,"lower_bound":"NDA2MDkwMQ==","upper_bound":"NDA4MzU1Ng==","repeats":3,"ndv":0},{"count":4104036,"lower_bound":"NDA4MzYyMg==","upper_bound":"NDEwNjE0OQ==","repeats":3,"ndv":0},{"count":4127486,"lower_bound":"NDEwNjMxMQ==","upper_bound":"NDEzMTc0Nw==","repeats":3,"ndv":0},{"count":4150937,"lower_bound":"NDEzMTgwOA==","upper_bound":"NDE1NTc3OQ==","repeats":3,"ndv":0},{"count":4174443,"lower_bound":"NDE1NTc4MA==","upper_bound":"NDE4MDE5Nw==","repeats":112,"ndv":0},{"count":4197893,"lower_bound":"NDE4MDI5Mw==","upper_bound":"NDIwMjY5MA==","repeats":3,"ndv":0},{"count":4221400,"lower_bound":"NDIwMjcyNQ==","upper_bound":"NDIyNzAxMA==","repeats":112,"ndv":0},{"count":4244850,"lower_bound":"NDIyNzA3Ng==","upper_bound":"NDI1MDYyOA==","repeats":3,"ndv":0},{"count":4268301,"lower_bound":"NDI1MDY5MA==","upper_bound":"NDI3MjY0Mg==","repeats":3,"ndv":0},{"count":4291751,"lower_bound":"NDI3MjY3NA==","upper_bound":"NDI5NDY5NQ==","repeats":3,"ndv":0},{"count":4315201,"lower_bound":"NDI5NDcyMQ==","upper_bound":"NDMxODAxNw==","repeats":3,"ndv":0},{"count":4338652,"lower_bound":"NDMxODE4MA==","upper_bound":"NDM0MjU5Ng==","repeats":3,"ndv":0},{"count":4362102,"lower_bound":"NDM0MjYyOQ==","upper_bound":"NDM2NTE4Nw==","repeats":3,"ndv":0},{"count":4385552,"lower_bound":"NDM2NTM3OQ==","upper_bound":"NDM4ODAwNA==","repeats":3,"ndv":0},{"count":4409003,"lower_bound":"NDM4ODE2MA==","upper_bound":"NDQxMTgxMQ==","repeats":3,"ndv":0},{"count":4432453,"lower_bound":"NDQxMTg0NA==","upper_bound":"NDQzNTQzMA==","repeats":3,"ndv":0},{"count":4455903,"lower_bound":"NDQzNTQ2Mg==","upper_bound":"NDQ2MDE2MA==","repeats":3,"ndv":0},{"count":4479354,"lower_bound":"NDQ2MDE5Mw==","upper_bound":"NDQ4Mjc1Mg==","repeats":3,"ndv":0},{"count":4502804,"lower_bound":"NDQ4Mjk3OA==","upper_bound":"NDUwNzQ1OA==","repeats":3,"ndv":0},{"count":4526255,"lower_bound":"NDUwNzY1MA==","upper_bound":"NDUzMTU1Mg==","repeats":3,"ndv":0},{"count":4549705,"lower_bound":"NDUzMTU1OQ==","upper_bound":"NDU1NDA4NQ==","repeats":3,"ndv":0},{"count":4573155,"lower_bound":"NDU1NDExNQ==","upper_bound":"NDU3ODQ2NQ==","repeats":3,"ndv":0},{"count":4596606,"lower_bound":"NDU3ODQ2Ng==","upper_bound":"NDU5ODAxOA==","repeats":3,"ndv":0},{"count":4620056,"lower_bound":"NDU5ODExNA==","upper_bound":"NDYyMTI4MQ==","repeats":3,"ndv":0},{"count":4643506,"lower_bound":"NDYyMTI4NA==","upper_bound":"NDY0NDEwMw==","repeats":3,"ndv":0},{"count":4666957,"lower_bound":"NDY0NDE5NQ==","upper_bound":"NDY2Njg4Nw==","repeats":3,"ndv":0},{"count":4690407,"lower_bound":"NDY2Njk1MA==","upper_bound":"NDY5MDE0OA==","repeats":3,"ndv":0},{"count":4713857,"lower_bound":"NDY5MDE1MQ==","upper_bound":"NDcxMTQzMA==","repeats":3,"ndv":0},{"count":4737308,"lower_bound":"NDcxMTQ4OQ==","upper_bound":"NDczMzk4NA==","repeats":3,"ndv":0},{"count":4760758,"lower_bound":"NDczMzk4Ng==","upper_bound":"NDc1NTY4Ng==","repeats":3,"ndv":0},{"count":4784208,"lower_bound":"NDc1NTc0NA==","upper_bound":"NDc3OTYyMQ==","repeats":3,"ndv":0},{"count":4807659,"lower_bound":"NDc3OTcxNA==","upper_bound":"NDgwMzIzNA==","repeats":3,"ndv":0},{"count":4831109,"lower_bound":"NDgwMzMwMg==","upper_bound":"NDgyNzYxNg==","repeats":3,"ndv":0},{"count":4854559,"lower_bound":"NDgyNzY1NA==","upper_bound":"NDg1MTU4OQ==","repeats":3,"ndv":0},{"count":4878010,"lower_bound":"NDg1MTYyMQ==","upper_bound":"NDg3NjYwOA==","repeats":3,"ndv":0},{"count":4901460,"lower_bound":"NDg3NjY0Ng==","upper_bound":"NDg5OTkwNA==","repeats":3,"ndv":0},{"count":4924911,"lower_bound":"NDkwMDAzNQ==","upper_bound":"NDkyMTQxMw==","repeats":3,"ndv":0},{"count":4948361,"lower_bound":"NDkyMTQxNA==","upper_bound":"NDk0NzA0NA==","repeats":3,"ndv":0},{"count":4971811,"lower_bound":"NDk0NzEwNA==","upper_bound":"NDk2OTIxNg==","repeats":3,"ndv":0},{"count":4995262,"lower_bound":"NDk2OTI4NQ==","upper_bound":"NDk5MTY1Mg==","repeats":3,"ndv":0},{"count":5018712,"lower_bound":"NDk5MTY1NQ==","upper_bound":"NTAxNTcxMg==","repeats":3,"ndv":0},{"count":5042162,"lower_bound":"NTAxNTc0OA==","upper_bound":"NTAzNzMxNQ==","repeats":3,"ndv":0},{"count":5065613,"lower_bound":"NTAzNzM0NQ==","upper_bound":"NTA2MTEyMg==","repeats":3,"ndv":0},{"count":5089063,"lower_bound":"NTA2MTE1OA==","upper_bound":"NTA4Mjc5MA==","repeats":3,"ndv":0},{"count":5112513,"lower_bound":"NTA4MjkxNg==","upper_bound":"NTEwNTMxNg==","repeats":3,"ndv":0},{"count":5135964,"lower_bound":"NTEwNTQ0MQ==","upper_bound":"NTEyOTE1NQ==","repeats":3,"ndv":0},{"count":5159414,"lower_bound":"NTEyOTIxNg==","upper_bound":"NTE1NDA4NQ==","repeats":3,"ndv":0},{"count":5182864,"lower_bound":"NTE1NDExMw==","upper_bound":"NTE3NjA5Ng==","repeats":3,"ndv":0},{"count":5206315,"lower_bound":"NTE3NjE5Mg==","upper_bound":"NTIwMDY0Mg==","repeats":3,"ndv":0},{"count":5229765,"lower_bound":"NTIwMDY3OA==","upper_bound":"NTIyNDI4OQ==","repeats":3,"ndv":0},{"count":5253216,"lower_bound":"NTIyNDMyMA==","upper_bound":"NTI0ODc2OA==","repeats":3,"ndv":0},{"count":5276666,"lower_bound":"NTI0ODg2OQ==","upper_bound":"NTI3MzQwOQ==","repeats":3,"ndv":0},{"count":5300116,"lower_bound":"NTI3MzQ3NQ==","upper_bound":"NTI5Njc3MA==","repeats":3,"ndv":0},{"count":5323567,"lower_bound":"NTI5Njg2OQ==","upper_bound":"NTMyMTYzNg==","repeats":3,"ndv":0},{"count":5347017,"lower_bound":"NTMyMTY5Nw==","upper_bound":"NTM0Mzk3NQ==","repeats":3,"ndv":0},{"count":5370467,"lower_bound":"NTM0NDAzNg==","upper_bound":"NTM2ODAwNg==","repeats":3,"ndv":0},{"count":5393918,"lower_bound":"NTM2ODAzNA==","upper_bound":"NTM4OTMxOQ==","repeats":3,"ndv":0},{"count":5417368,"lower_bound":"NTM4OTQ0NA==","upper_bound":"NTQxMjAwNg==","repeats":3,"ndv":0},{"count":5440818,"lower_bound":"NTQxMjI5Mg==","upper_bound":"NTQzNTQ2Mg==","repeats":3,"ndv":0},{"count":5464269,"lower_bound":"NTQzNTU1OQ==","upper_bound":"NTQ1ODgyMA==","repeats":3,"ndv":0},{"count":5487719,"lower_bound":"NTQ1ODgyMw==","upper_bound":"NTQ4MjA4Ng==","repeats":3,"ndv":0},{"count":5511169,"lower_bound":"NTQ4MjExOQ==","upper_bound":"NTUwNDI4OQ==","repeats":3,"ndv":0},{"count":5534620,"lower_bound":"NTUwNDI5NQ==","upper_bound":"NTUyNzcxMw==","repeats":3,"ndv":0},{"count":5558070,"lower_bound":"NTUyNzc4Mw==","upper_bound":"NTU0OTczMw==","repeats":3,"ndv":0},{"count":5581520,"lower_bound":"NTU0OTczNA==","upper_bound":"NTU3MzY5Ng==","repeats":3,"ndv":0},{"count":5604971,"lower_bound":"NTU3Mzc5NQ==","upper_bound":"NTU5Nzc2Ng==","repeats":3,"ndv":0},{"count":5628421,"lower_bound":"NTU5NzgyNg==","upper_bound":"NTYyMDk2NA==","repeats":3,"ndv":0},{"count":5651872,"lower_bound":"NTYyMTAzMA==","upper_bound":"NTY0NjQ5OQ==","repeats":3,"ndv":0},{"count":5675322,"lower_bound":"NTY0NjUzMQ==","upper_bound":"NTY3MDExNQ==","repeats":3,"ndv":0},{"count":5698772,"lower_bound":"NTY3MDExNg==","upper_bound":"NTY5NDA1Mg==","repeats":3,"ndv":0},{"count":5722223,"lower_bound":"NTY5NDI0Ng==","upper_bound":"NTcxNzE1Nw==","repeats":3,"ndv":0},{"count":5745673,"lower_bound":"NTcxNzIyMw==","upper_bound":"NTczOTQyNA==","repeats":3,"ndv":0},{"count":5769123,"lower_bound":"NTczOTQ1OA==","upper_bound":"NTc2MjgxOA==","repeats":3,"ndv":0},{"count":5792574,"lower_bound":"NTc2MjgyMA==","upper_bound":"NTc4NjkxNg==","repeats":3,"ndv":0},{"count":5816024,"lower_bound":"NTc4NjkxOQ==","upper_bound":"NTgxMTY0OQ==","repeats":3,"ndv":0},{"count":5839474,"lower_bound":"NTgxMTY1NA==","upper_bound":"NTgzNTIwMQ==","repeats":3,"ndv":0},{"count":5862925,"lower_bound":"NTgzNTI2OA==","upper_bound":"NTg1NzY5OQ==","repeats":3,"ndv":0},{"count":5886375,"lower_bound":"NTg1Nzc2MQ==","upper_bound":"NTg4MDA5Nw==","repeats":3,"ndv":0},{"count":5909825,"lower_bound":"NTg4MDEzMw==","upper_bound":"NTkwNjA4Mg==","repeats":3,"ndv":0},{"count":5933276,"lower_bound":"NTkwNjE3OQ==","upper_bound":"NTkyODc2OQ==","repeats":3,"ndv":0},{"count":5956726,"lower_bound":"NTkyODkzMA==","upper_bound":"NTk1NDA1NA==","repeats":3,"ndv":0},{"count":5980177,"lower_bound":"NTk1NDExOA==","upper_bound":"NTk3NzUxMQ==","repeats":3,"ndv":0},{"count":6001215,"lower_bound":"NTk3NzYzNQ==","upper_bound":"NTk5OTkwNw==","repeats":3,"ndv":0}]},"cm_sketch":null,"fm_sketch":null,"stats_ver":2,"null_count":0,"tot_col_size":22947964,"last_update_version":455768133660573696,"correlation":1},"l_partkey":{"histogram":{"ndv":0},"cm_sketch":null,"fm_sketch":null,"stats_ver":0,"null_count":0,"tot_col_size":0,"last_update_version":455768101172543491,"correlation":0},"l_quantity":{"histogram":{"ndv":0},"cm_sketch":null,"fm_sketch":null,"stats_ver":0,"null_count":0,"tot_col_size":0,"last_update_version":455768101172543491,"correlation":0},"l_receiptdate":{"histogram":{"ndv":0},"cm_sketch":null,"fm_sketch":null,"stats_ver":0,"null_count":0,"tot_col_size":0,"last_update_version":455768101172543491,"correlation":0},"l_returnflag":{"histogram":{"ndv":0},"cm_sketch":null,"fm_sketch":null,"stats_ver":0,"null_count":0,"tot_col_size":0,"last_update_version":455768101172543491,"correlation":0},"l_shipdate":{"histogram":{"ndv":0},"cm_sketch":null,"fm_sketch":null,"stats_ver":0,"null_count":0,"tot_col_size":0,"last_update_version":455768101172543491,"correlation":0},"l_shipinstruct":{"histogram":{"ndv":0},"cm_sketch":null,"fm_sketch":null,"stats_ver":0,"null_count":0,"tot_col_size":0,"last_update_version":455768101172543491,"correlation":0},"l_shipmode":{"histogram":{"ndv":0},"cm_sketch":null,"fm_sketch":null,"stats_ver":0,"null_count":0,"tot_col_size":0,"last_update_version":455768101172543491,"correlation":0},"l_suppkey":{"histogram":{"ndv":0},"cm_sketch":null,"fm_sketch":null,"stats_ver":0,"null_count":0,"tot_col_size":0,"last_update_version":455768101172543491,"correlation":0},"l_tax":{"histogram":{"ndv":0},"cm_sketch":null,"fm_sketch":null,"stats_ver":0,"null_count":0,"tot_col_size":0,"last_update_version":455768101172543491,"correlation":0}},"indices":{"primary":{"histogram":{"ndv":5982208,"buckets":[{"count":23450,"lower_bound":"A4AAAAAAAABHA4AAAAAAAAAD","upper_bound":"A4AAAAAAAGBAA4AAAAAAAAAB","repeats":1,"ndv":0},{"count":46900,"lower_bound":"A4AAAAAAAGBHA4AAAAAAAAAD","upper_bound":"A4AAAAAAAMEhA4AAAAAAAAAE","repeats":1,"ndv":0},{"count":70351,"lower_bound":"A4AAAAAAAMEkA4AAAAAAAAAB","upper_bound":"A4AAAAAAAR9kA4AAAAAAAAAB","repeats":1,"ndv":0},{"count":93801,"lower_bound":"A4AAAAAAAR+EA4AAAAAAAAAB","upper_bound":"A4AAAAAAAX+BA4AAAAAAAAAF","repeats":1,"ndv":0},{"count":117251,"lower_bound":"A4AAAAAAAX/gA4AAAAAAAAAE","upper_bound":"A4AAAAAAAd2CA4AAAAAAAAAG","repeats":1,"ndv":0},{"count":140702,"lower_bound":"A4AAAAAAAd2DA4AAAAAAAAAB","upper_bound":"A4AAAAAAAjyHA4AAAAAAAAAE","repeats":1,"ndv":0},{"count":164152,"lower_bound":"A4AAAAAAAjyhA4AAAAAAAAAD","upper_bound":"A4AAAAAAApBFA4AAAAAAAAAF","repeats":1,"ndv":0},{"count":187602,"lower_bound":"A4AAAAAAApDAA4AAAAAAAAAD","upper_bound":"A4AAAAAAAunFA4AAAAAAAAAF","repeats":1,"ndv":0},{"count":211053,"lower_bound":"A4AAAAAAAuomA4AAAAAAAAAC","upper_bound":"A4AAAAAAAz5AA4AAAAAAAAAC","repeats":1,"ndv":0},{"count":234503,"lower_bound":"A4AAAAAAAz5iA4AAAAAAAAAD","upper_bound":"A4AAAAAAA5xkA4AAAAAAAAAD","repeats":1,"ndv":0},{"count":257953,"lower_bound":"A4AAAAAAA5yAA4AAAAAAAAAD","upper_bound":"A4AAAAAAA/2jA4AAAAAAAAAD","repeats":1,"ndv":0},{"count":281404,"lower_bound":"A4AAAAAAA/3lA4AAAAAAAAAB","upper_bound":"A4AAAAAABF2GA4AAAAAAAAAG","repeats":1,"ndv":0},{"count":304854,"lower_bound":"A4AAAAAABF3FA4AAAAAAAAAC","upper_bound":"A4AAAAAABLoBA4AAAAAAAAAB","repeats":1,"ndv":0},{"count":328304,"lower_bound":"A4AAAAAABLoDA4AAAAAAAAAC","upper_bound":"A4AAAAAABRBEA4AAAAAAAAAB","repeats":1,"ndv":0},{"count":351755,"lower_bound":"A4AAAAAABRCCA4AAAAAAAAAD","upper_bound":"A4AAAAAABWtmA4AAAAAAAAAD","repeats":1,"ndv":0},{"count":375205,"lower_bound":"A4AAAAAABWvnA4AAAAAAAAAF","upper_bound":"A4AAAAAABb9EA4AAAAAAAAAD","repeats":1,"ndv":0},{"count":398656,"lower_bound":"A4AAAAAABb+gA4AAAAAAAAAE","upper_bound":"A4AAAAAABhrnA4AAAAAAAAAF","repeats":1,"ndv":0},{"count":422106,"lower_bound":"A4AAAAAABhsiA4AAAAAAAAAB","upper_bound":"A4AAAAAABnWGA4AAAAAAAAAH","repeats":1,"ndv":0},{"count":445556,"lower_bound":"A4AAAAAABnWjA4AAAAAAAAAE","upper_bound":"A4AAAAAABtKkA4AAAAAAAAAC","repeats":1,"ndv":0},{"count":469007,"lower_bound":"A4AAAAAABtLmA4AAAAAAAAAD","upper_bound":"A4AAAAAABy/EA4AAAAAAAAAC","repeats":1,"ndv":0},{"count":492457,"lower_bound":"A4AAAAAABzBhA4AAAAAAAAAD","upper_bound":"A4AAAAAAB4smA4AAAAAAAAAB","repeats":1,"ndv":0},{"count":515907,"lower_bound":"A4AAAAAAB4tnA4AAAAAAAAAC","upper_bound":"A4AAAAAAB+pHA4AAAAAAAAAB","repeats":1,"ndv":0},{"count":539358,"lower_bound":"A4AAAAAAB+pHA4AAAAAAAAAG","upper_bound":"A4AAAAAACEaCA4AAAAAAAAAC","repeats":1,"ndv":0},{"count":562808,"lower_bound":"A4AAAAAACEaGA4AAAAAAAAAG","upper_bound":"A4AAAAAACKCFA4AAAAAAAAAC","repeats":1,"ndv":0},{"count":586258,"lower_bound":"A4AAAAAACKClA4AAAAAAAAAB","upper_bound":"A4AAAAAACPwlA4AAAAAAAAAE","repeats":1,"ndv":0},{"count":609709,"lower_bound":"A4AAAAAACPziA4AAAAAAAAAB","upper_bound":"A4AAAAAACVJnA4AAAAAAAAAE","repeats":1,"ndv":0},{"count":633159,"lower_bound":"A4AAAAAACVKnA4AAAAAAAAAB","upper_bound":"A4AAAAAACbDDA4AAAAAAAAAC","repeats":1,"ndv":0},{"count":656609,"lower_bound":"A4AAAAAACbDkA4AAAAAAAAAC","upper_bound":"A4AAAAAACghkA4AAAAAAAAAB","repeats":1,"ndv":0},{"count":680060,"lower_bound":"A4AAAAAACghmA4AAAAAAAAAD","upper_bound":"A4AAAAAACmMhA4AAAAAAAAAC","repeats":1,"ndv":0},{"count":703510,"lower_bound":"A4AAAAAACmMjA4AAAAAAAAAC","upper_bound":"A4AAAAAACsVkA4AAAAAAAAAE","repeats":1,"ndv":0},{"count":726960,"lower_bound":"A4AAAAAACsYDA4AAAAAAAAAB","upper_bound":"A4AAAAAACyElA4AAAAAAAAAB","repeats":1,"ndv":0},{"count":750411,"lower_bound":"A4AAAAAACyFkA4AAAAAAAAAF","upper_bound":"A4AAAAAAC3ejA4AAAAAAAAAG","repeats":1,"ndv":0},{"count":773861,"lower_bound":"A4AAAAAAC3gFA4AAAAAAAAAF","upper_bound":"A4AAAAAAC9VFA4AAAAAAAAAF","repeats":1,"ndv":0},{"count":797312,"lower_bound":"A4AAAAAAC9WhA4AAAAAAAAAE","upper_bound":"A4AAAAAADDMFA4AAAAAAAAAF","repeats":1,"ndv":0},{"count":820762,"lower_bound":"A4AAAAAADDMGA4AAAAAAAAAC","upper_bound":"A4AAAAAADJNEA4AAAAAAAAAC","repeats":1,"ndv":0},{"count":844212,"lower_bound":"A4AAAAAADJQBA4AAAAAAAAAE","upper_bound":"A4AAAAAADPNnA4AAAAAAAAAG","repeats":1,"ndv":0},{"count":867663,"lower_bound":"A4AAAAAADPOiA4AAAAAAAAAF","upper_bound":"A4AAAAAADU/jA4AAAAAAAAAE","repeats":1,"ndv":0},{"count":891113,"lower_bound":"A4AAAAAADVBmA4AAAAAAAAAB","upper_bound":"A4AAAAAADa0nA4AAAAAAAAAC","repeats":1,"ndv":0},{"count":914563,"lower_bound":"A4AAAAAADa2DA4AAAAAAAAAC","upper_bound":"A4AAAAAADgwDA4AAAAAAAAAC","repeats":1,"ndv":0},{"count":938014,"lower_bound":"A4AAAAAADgwDA4AAAAAAAAAG","upper_bound":"A4AAAAAADmqFA4AAAAAAAAAG","repeats":1,"ndv":0},{"count":961464,"lower_bound":"A4AAAAAADmqlA4AAAAAAAAAC","upper_bound":"A4AAAAAADsQDA4AAAAAAAAAE","repeats":1,"ndv":0},{"count":984914,"lower_bound":"A4AAAAAADsQnA4AAAAAAAAAB","upper_bound":"A4AAAAAADx6EA4AAAAAAAAAE","repeats":1,"ndv":0},{"count":1008365,"lower_bound":"A4AAAAAADx6EA4AAAAAAAAAF","upper_bound":"A4AAAAAAD3VlA4AAAAAAAAAC","repeats":1,"ndv":0},{"count":1031815,"lower_bound":"A4AAAAAAD3WDA4AAAAAAAAAC","upper_bound":"A4AAAAAAD9ciA4AAAAAAAAAD","repeats":1,"ndv":0},{"count":1055265,"lower_bound":"A4AAAAAAD9glA4AAAAAAAAAD","upper_bound":"A4AAAAAAEDSHA4AAAAAAAAAB","repeats":1,"ndv":0},{"count":1078716,"lower_bound":"A4AAAAAAEDTCA4AAAAAAAAAC","upper_bound":"A4AAAAAAEIugA4AAAAAAAAAC","repeats":1,"ndv":0},{"count":1102166,"lower_bound":"A4AAAAAAEIvkA4AAAAAAAAAB","upper_bound":"A4AAAAAAEOYGA4AAAAAAAAAD","repeats":1,"ndv":0},{"count":1125617,"lower_bound":"A4AAAAAAEOYgA4AAAAAAAAAC","upper_bound":"A4AAAAAAETuCA4AAAAAAAAAB","repeats":1,"ndv":0},{"count":1149067,"lower_bound":"A4AAAAAAETukA4AAAAAAAAAB","upper_bound":"A4AAAAAAEZVmA4AAAAAAAAAG","repeats":1,"ndv":0},{"count":1172517,"lower_bound":"A4AAAAAAEZWBA4AAAAAAAAAC","upper_bound":"A4AAAAAAEfZCA4AAAAAAAAAB","repeats":1,"ndv":0},{"count":1195968,"lower_bound":"A4AAAAAAEfeBA4AAAAAAAAAB","upper_bound":"A4AAAAAAElOmA4AAAAAAAAAE","repeats":1,"ndv":0},{"count":1219418,"lower_bound":"A4AAAAAAElPjA4AAAAAAAAAB","upper_bound":"A4AAAAAAEqWlA4AAAAAAAAAH","repeats":1,"ndv":0},{"count":1242868,"lower_bound":"A4AAAAAAEqWmA4AAAAAAAAAC","upper_bound":"A4AAAAAAEv9FA4AAAAAAAAAG","repeats":1,"ndv":0},{"count":1266319,"lower_bound":"A4AAAAAAEv+AA4AAAAAAAAAF","upper_bound":"A4AAAAAAE1olA4AAAAAAAAAF","repeats":1,"ndv":0},{"count":1289769,"lower_bound":"A4AAAAAAE1pAA4AAAAAAAAAB","upper_bound":"A4AAAAAAE7iCA4AAAAAAAAAB","repeats":1,"ndv":0},{"count":1313219,"lower_bound":"A4AAAAAAE7inA4AAAAAAAAAB","upper_bound":"A4AAAAAAFBAGA4AAAAAAAAAE","repeats":1,"ndv":0},{"count":1336670,"lower_bound":"A4AAAAAAFBBGA4AAAAAAAAAB","upper_bound":"A4AAAAAAFG6kA4AAAAAAAAAC","repeats":1,"ndv":0},{"count":1360120,"lower_bound":"A4AAAAAAFG7DA4AAAAAAAAAC","upper_bound":"A4AAAAAAFMTgA4AAAAAAAAAC","repeats":1,"ndv":0},{"count":1383570,"lower_bound":"A4AAAAAAFMTlA4AAAAAAAAAG","upper_bound":"A4AAAAAAFSQFA4AAAAAAAAAD","repeats":1,"ndv":0},{"count":1407021,"lower_bound":"A4AAAAAAFSUgA4AAAAAAAAAC","upper_bound":"A4AAAAAAFYNgA4AAAAAAAAAC","repeats":1,"ndv":0},{"count":1430471,"lower_bound":"A4AAAAAAFYNnA4AAAAAAAAAC","upper_bound":"A4AAAAAAFeYCA4AAAAAAAAAE","repeats":1,"ndv":0},{"count":1453921,"lower_bound":"A4AAAAAAFeakA4AAAAAAAAAC","upper_bound":"A4AAAAAAFkaiA4AAAAAAAAAE","repeats":1,"ndv":0},{"count":1477372,"lower_bound":"A4AAAAAAFkbCA4AAAAAAAAAE","upper_bound":"A4AAAAAAFqDlA4AAAAAAAAAG","repeats":1,"ndv":0},{"count":1500822,"lower_bound":"A4AAAAAAFqEFA4AAAAAAAAAC","upper_bound":"A4AAAAAAFwNGA4AAAAAAAAAD","repeats":1,"ndv":0},{"count":1524273,"lower_bound":"A4AAAAAAFwRjA4AAAAAAAAAG","upper_bound":"A4AAAAAAF2WkA4AAAAAAAAAB","repeats":1,"ndv":0},{"count":1547723,"lower_bound":"A4AAAAAAF2XjA4AAAAAAAAAC","upper_bound":"A4AAAAAAF8agA4AAAAAAAAAD","repeats":1,"ndv":0},{"count":1571173,"lower_bound":"A4AAAAAAF8bHA4AAAAAAAAAC","upper_bound":"A4AAAAAAGCOHA4AAAAAAAAAE","repeats":1,"ndv":0},{"count":1594624,"lower_bound":"A4AAAAAAGCQjA4AAAAAAAAAC","upper_bound":"A4AAAAAAGH1iA4AAAAAAAAAE","repeats":1,"ndv":0},{"count":1618074,"lower_bound":"A4AAAAAAGH1lA4AAAAAAAAAF","upper_bound":"A4AAAAAAGNdmA4AAAAAAAAAD","repeats":1,"ndv":0},{"count":1641524,"lower_bound":"A4AAAAAAGNfHA4AAAAAAAAAB","upper_bound":"A4AAAAAAGSvnA4AAAAAAAAAD","repeats":1,"ndv":0},{"count":1664975,"lower_bound":"A4AAAAAAGSwlA4AAAAAAAAAD","upper_bound":"A4AAAAAAGYfgA4AAAAAAAAAE","repeats":1,"ndv":0},{"count":1688425,"lower_bound":"A4AAAAAAGYfmA4AAAAAAAAAD","upper_bound":"A4AAAAAAGeAjA4AAAAAAAAAB","repeats":1,"ndv":0},{"count":1711875,"lower_bound":"A4AAAAAAGeAnA4AAAAAAAAAD","upper_bound":"A4AAAAAAGj2AA4AAAAAAAAAH","repeats":1,"ndv":0},{"count":1735326,"lower_bound":"A4AAAAAAGj3GA4AAAAAAAAAD","upper_bound":"A4AAAAAAGpigA4AAAAAAAAAE","repeats":1,"ndv":0},{"count":1758776,"lower_bound":"A4AAAAAAGpkEA4AAAAAAAAAG","upper_bound":"A4AAAAAAGvbDA4AAAAAAAAAC","repeats":1,"ndv":0},{"count":1782226,"lower_bound":"A4AAAAAAGvdlA4AAAAAAAAAE","upper_bound":"A4AAAAAAG1EjA4AAAAAAAAAB","repeats":1,"ndv":0},{"count":1805677,"lower_bound":"A4AAAAAAG1FDA4AAAAAAAAAC","upper_bound":"A4AAAAAAG6nCA4AAAAAAAAAC","repeats":1,"ndv":0},{"count":1829127,"lower_bound":"A4AAAAAAG6omA4AAAAAAAAAC","upper_bound":"A4AAAAAAG/4kA4AAAAAAAAAG","repeats":1,"ndv":0},{"count":1852578,"lower_bound":"A4AAAAAAG/5BA4AAAAAAAAAC","upper_bound":"A4AAAAAAHFSjA4AAAAAAAAAH","repeats":1,"ndv":0},{"count":1876028,"lower_bound":"A4AAAAAAHFSlA4AAAAAAAAAB","upper_bound":"A4AAAAAAHLBBA4AAAAAAAAAD","repeats":1,"ndv":0},{"count":1899478,"lower_bound":"A4AAAAAAHLBmA4AAAAAAAAAB","upper_bound":"A4AAAAAAHRIGA4AAAAAAAAAC","repeats":1,"ndv":0},{"count":1922929,"lower_bound":"A4AAAAAAHRIhA4AAAAAAAAAC","upper_bound":"A4AAAAAAHXNFA4AAAAAAAAAH","repeats":1,"ndv":0},{"count":1946379,"lower_bound":"A4AAAAAAHXOBA4AAAAAAAAAH","upper_bound":"A4AAAAAAHcyHA4AAAAAAAAAC","repeats":1,"ndv":0},{"count":1969829,"lower_bound":"A4AAAAAAHczkA4AAAAAAAAAB","upper_bound":"A4AAAAAAHihCA4AAAAAAAAAB","repeats":1,"ndv":0},{"count":1993280,"lower_bound":"A4AAAAAAHihiA4AAAAAAAAAB","upper_bound":"A4AAAAAAHnfmA4AAAAAAAAAC","repeats":1,"ndv":0},{"count":2016730,"lower_bound":"A4AAAAAAHniHA4AAAAAAAAAB","upper_bound":"A4AAAAAAHtXDA4AAAAAAAAAE","repeats":1,"ndv":0},{"count":2040180,"lower_bound":"A4AAAAAAHtXhA4AAAAAAAAAD","upper_bound":"A4AAAAAAHzREA4AAAAAAAAAE","repeats":1,"ndv":0},{"count":2063631,"lower_bound":"A4AAAAAAHzSBA4AAAAAAAAAB","upper_bound":"A4AAAAAAH5ElA4AAAAAAAAAB","repeats":1,"ndv":0},{"count":2087081,"lower_bound":"A4AAAAAAH5FCA4AAAAAAAAAC","upper_bound":"A4AAAAAAH+ylA4AAAAAAAAAE","repeats":1,"ndv":0},{"count":2110531,"lower_bound":"A4AAAAAAH+ylA4AAAAAAAAAF","upper_bound":"A4AAAAAAIEnHA4AAAAAAAAAE","repeats":1,"ndv":0},{"count":2133982,"lower_bound":"A4AAAAAAIEpCA4AAAAAAAAAG","upper_bound":"A4AAAAAAIKNmA4AAAAAAAAAB","repeats":1,"ndv":0},{"count":2157432,"lower_bound":"A4AAAAAAIKOHA4AAAAAAAAAF","upper_bound":"A4AAAAAAIP2lA4AAAAAAAAAC","repeats":1,"ndv":0},{"count":2180882,"lower_bound":"A4AAAAAAIP3hA4AAAAAAAAAG","upper_bound":"A4AAAAAAIVrCA4AAAAAAAAAC","repeats":1,"ndv":0},{"count":2204333,"lower_bound":"A4AAAAAAIVvGA4AAAAAAAAAB","upper_bound":"A4AAAAAAIbPjA4AAAAAAAAAD","repeats":1,"ndv":0},{"count":2227783,"lower_bound":"A4AAAAAAIbQlA4AAAAAAAAAG","upper_bound":"A4AAAAAAIg5EA4AAAAAAAAAB","repeats":1,"ndv":0},{"count":2251234,"lower_bound":"A4AAAAAAIg5kA4AAAAAAAAAC","upper_bound":"A4AAAAAAInGgA4AAAAAAAAAC","repeats":1,"ndv":0},{"count":2274684,"lower_bound":"A4AAAAAAInHDA4AAAAAAAAAC","upper_bound":"A4AAAAAAIsPjA4AAAAAAAAAH","repeats":1,"ndv":0},{"count":2298134,"lower_bound":"A4AAAAAAIsPmA4AAAAAAAAAE","upper_bound":"A4AAAAAAIx+EA4AAAAAAAAAE","repeats":1,"ndv":0},{"count":2321585,"lower_bound":"A4AAAAAAIx+lA4AAAAAAAAAD","upper_bound":"A4AAAAAAI3ihA4AAAAAAAAAG","repeats":1,"ndv":0},{"count":2345035,"lower_bound":"A4AAAAAAI3kBA4AAAAAAAAAF","upper_bound":"A4AAAAAAI86iA4AAAAAAAAAB","repeats":1,"ndv":0},{"count":2368485,"lower_bound":"A4AAAAAAI88kA4AAAAAAAAAF","upper_bound":"A4AAAAAAJC2FA4AAAAAAAAAD","repeats":1,"ndv":0},{"count":2391936,"lower_bound":"A4AAAAAAJC3kA4AAAAAAAAAE","upper_bound":"A4AAAAAAJIHDA4AAAAAAAAAD","repeats":1,"ndv":0},{"count":2415386,"lower_bound":"A4AAAAAAJIHEA4AAAAAAAAAE","upper_bound":"A4AAAAAAJNxCA4AAAAAAAAAB","repeats":1,"ndv":0},{"count":2438836,"lower_bound":"A4AAAAAAJNxEA4AAAAAAAAAB","upper_bound":"A4AAAAAAJTVBA4AAAAAAAAAD","repeats":1,"ndv":0},{"count":2462287,"lower_bound":"A4AAAAAAJTXnA4AAAAAAAAAB","upper_bound":"A4AAAAAAJZfjA4AAAAAAAAAB","repeats":1,"ndv":0},{"count":2485737,"lower_bound":"A4AAAAAAJZgDA4AAAAAAAAAG","upper_bound":"A4AAAAAAJfjgA4AAAAAAAAAF","repeats":1,"ndv":0},{"count":2509187,"lower_bound":"A4AAAAAAJfkCA4AAAAAAAAAD","upper_bound":"A4AAAAAAJk+nA4AAAAAAAAAD","repeats":1,"ndv":0},{"count":2532638,"lower_bound":"A4AAAAAAJk/CA4AAAAAAAAAE","upper_bound":"A4AAAAAAJqjDA4AAAAAAAAAB","repeats":1,"ndv":0},{"count":2556088,"lower_bound":"A4AAAAAAJqljA4AAAAAAAAAE","upper_bound":"A4AAAAAAJwTDA4AAAAAAAAAE","repeats":1,"ndv":0},{"count":2579538,"lower_bound":"A4AAAAAAJwVFA4AAAAAAAAAB","upper_bound":"A4AAAAAAJ2KFA4AAAAAAAAAE","repeats":1,"ndv":0},{"count":2602989,"lower_bound":"A4AAAAAAJ2NmA4AAAAAAAAAB","upper_bound":"A4AAAAAAJ79FA4AAAAAAAAAD","repeats":1,"ndv":0},{"count":2626439,"lower_bound":"A4AAAAAAJ79nA4AAAAAAAAAC","upper_bound":"A4AAAAAAKBniA4AAAAAAAAAE","repeats":1,"ndv":0},{"count":2649890,"lower_bound":"A4AAAAAAKBnjA4AAAAAAAAAC","upper_bound":"A4AAAAAAKGpBA4AAAAAAAAAD","repeats":1,"ndv":0},{"count":2673340,"lower_bound":"A4AAAAAAKGplA4AAAAAAAAAC","upper_bound":"A4AAAAAAKMamA4AAAAAAAAAC","repeats":1,"ndv":0},{"count":2696790,"lower_bound":"A4AAAAAAKMcAA4AAAAAAAAAB","upper_bound":"A4AAAAAAKSRGA4AAAAAAAAAF","repeats":1,"ndv":0},{"count":2720241,"lower_bound":"A4AAAAAAKSTAA4AAAAAAAAAB","upper_bound":"A4AAAAAAKYbhA4AAAAAAAAAD","repeats":1,"ndv":0},{"count":2743691,"lower_bound":"A4AAAAAAKYcAA4AAAAAAAAAG","upper_bound":"A4AAAAAAKelkA4AAAAAAAAAG","repeats":1,"ndv":0},{"count":2767141,"lower_bound":"A4AAAAAAKemAA4AAAAAAAAAD","upper_bound":"A4AAAAAAKklhA4AAAAAAAAAG","repeats":1,"ndv":0},{"count":2790592,"lower_bound":"A4AAAAAAKkmiA4AAAAAAAAAE","upper_bound":"A4AAAAAAKqDjA4AAAAAAAAAC","repeats":1,"ndv":0},{"count":2814042,"lower_bound":"A4AAAAAAKqDlA4AAAAAAAAAD","upper_bound":"A4AAAAAAKvwEA4AAAAAAAAAC","repeats":1,"ndv":0},{"count":2837492,"lower_bound":"A4AAAAAAKvxgA4AAAAAAAAAC","upper_bound":"A4AAAAAAK1ChA4AAAAAAAAAD","repeats":1,"ndv":0},{"count":2860943,"lower_bound":"A4AAAAAAK1ElA4AAAAAAAAAC","upper_bound":"A4AAAAAAK62lA4AAAAAAAAAD","repeats":1,"ndv":0},{"count":2884393,"lower_bound":"A4AAAAAAK63DA4AAAAAAAAAD","upper_bound":"A4AAAAAALAxnA4AAAAAAAAAD","repeats":1,"ndv":0},{"count":2907843,"lower_bound":"A4AAAAAALAyhA4AAAAAAAAAC","upper_bound":"A4AAAAAALGKDA4AAAAAAAAAB","repeats":1,"ndv":0},{"count":2931294,"lower_bound":"A4AAAAAALGKGA4AAAAAAAAAB","upper_bound":"A4AAAAAALMEkA4AAAAAAAAAD","repeats":1,"ndv":0},{"count":2954744,"lower_bound":"A4AAAAAALMHFA4AAAAAAAAAB","upper_bound":"A4AAAAAALR9gA4AAAAAAAAAC","repeats":1,"ndv":0},{"count":2978195,"lower_bound":"A4AAAAAALR+iA4AAAAAAAAAB","upper_bound":"A4AAAAAALX1EA4AAAAAAAAAF","repeats":1,"ndv":0},{"count":3001645,"lower_bound":"A4AAAAAALX1iA4AAAAAAAAAB","upper_bound":"A4AAAAAALdyiA4AAAAAAAAAB","repeats":1,"ndv":0},{"count":3025095,"lower_bound":"A4AAAAAALdzAA4AAAAAAAAAC","upper_bound":"A4AAAAAALjQjA4AAAAAAAAAF","repeats":1,"ndv":0},{"count":3048546,"lower_bound":"A4AAAAAALjRBA4AAAAAAAAAB","upper_bound":"A4AAAAAALpXhA4AAAAAAAAAC","repeats":1,"ndv":0},{"count":3071996,"lower_bound":"A4AAAAAALpYlA4AAAAAAAAAE","upper_bound":"A4AAAAAALvKBA4AAAAAAAAAB","repeats":1,"ndv":0},{"count":3095446,"lower_bound":"A4AAAAAALvKBA4AAAAAAAAAF","upper_bound":"A4AAAAAAL09BA4AAAAAAAAAB","repeats":1,"ndv":0},{"count":3118897,"lower_bound":"A4AAAAAAL0+HA4AAAAAAAAAB","upper_bound":"A4AAAAAAL67mA4AAAAAAAAAD","repeats":1,"ndv":0},{"count":3142347,"lower_bound":"A4AAAAAAL69EA4AAAAAAAAAE","upper_bound":"A4AAAAAAMBKlA4AAAAAAAAAG","repeats":1,"ndv":0},{"count":3165797,"lower_bound":"A4AAAAAAMBKlA4AAAAAAAAAH","upper_bound":"A4AAAAAAMG8AA4AAAAAAAAAE","repeats":1,"ndv":0},{"count":3189248,"lower_bound":"A4AAAAAAMG8GA4AAAAAAAAAB","upper_bound":"A4AAAAAAMMkGA4AAAAAAAAAF","repeats":1,"ndv":0},{"count":3212698,"lower_bound":"A4AAAAAAMMlGA4AAAAAAAAAB","upper_bound":"A4AAAAAAMShiA4AAAAAAAAAC","repeats":1,"ndv":0},{"count":3236148,"lower_bound":"A4AAAAAAMSiFA4AAAAAAAAAD","upper_bound":"A4AAAAAAMYXCA4AAAAAAAAAE","repeats":1,"ndv":0},{"count":3259599,"lower_bound":"A4AAAAAAMYYDA4AAAAAAAAAC","upper_bound":"A4AAAAAAMeOEA4AAAAAAAAAF","repeats":1,"ndv":0},{"count":3283049,"lower_bound":"A4AAAAAAMeOgA4AAAAAAAAAB","upper_bound":"A4AAAAAAMj9CA4AAAAAAAAAE","repeats":1,"ndv":0},{"count":3306499,"lower_bound":"A4AAAAAAMj9GA4AAAAAAAAAF","upper_bound":"A4AAAAAAMpTmA4AAAAAAAAAC","repeats":1,"ndv":0},{"count":3329950,"lower_bound":"A4AAAAAAMpTmA4AAAAAAAAAE","upper_bound":"A4AAAAAAMvBiA4AAAAAAAAAF","repeats":1,"ndv":0},{"count":3353400,"lower_bound":"A4AAAAAAMvDjA4AAAAAAAAAB","upper_bound":"A4AAAAAAM0ojA4AAAAAAAAAG","repeats":1,"ndv":0},{"count":3376851,"lower_bound":"A4AAAAAAM0qCA4AAAAAAAAAH","upper_bound":"A4AAAAAAM6iHA4AAAAAAAAAB","repeats":1,"ndv":0},{"count":3400301,"lower_bound":"A4AAAAAAM6mmA4AAAAAAAAAG","upper_bound":"A4AAAAAANAPHA4AAAAAAAAAH","repeats":1,"ndv":0},{"count":3423751,"lower_bound":"A4AAAAAANAQjA4AAAAAAAAAD","upper_bound":"A4AAAAAANGJFA4AAAAAAAAAH","repeats":1,"ndv":0},{"count":3447202,"lower_bound":"A4AAAAAANGKFA4AAAAAAAAAE","upper_bound":"A4AAAAAANLqGA4AAAAAAAAAD","repeats":1,"ndv":0},{"count":3470652,"lower_bound":"A4AAAAAANLqHA4AAAAAAAAAB","upper_bound":"A4AAAAAANRChA4AAAAAAAAAH","repeats":1,"ndv":0},{"count":3494102,"lower_bound":"A4AAAAAANRECA4AAAAAAAAAC","upper_bound":"A4AAAAAANXIhA4AAAAAAAAAB","repeats":1,"ndv":0},{"count":3517553,"lower_bound":"A4AAAAAANXJAA4AAAAAAAAAF","upper_bound":"A4AAAAAANcxkA4AAAAAAAAAC","repeats":1,"ndv":0},{"count":3541003,"lower_bound":"A4AAAAAANcxnA4AAAAAAAAAB","upper_bound":"A4AAAAAANiFAA4AAAAAAAAAB","repeats":1,"ndv":0},{"count":3564453,"lower_bound":"A4AAAAAANiFDA4AAAAAAAAAD","upper_bound":"A4AAAAAANntCA4AAAAAAAAAB","repeats":1,"ndv":0},{"count":3587904,"lower_bound":"A4AAAAAANnugA4AAAAAAAAAB","upper_bound":"A4AAAAAANs/BA4AAAAAAAAAE","repeats":1,"ndv":0},{"count":3611354,"lower_bound":"A4AAAAAANs/GA4AAAAAAAAAD","upper_bound":"A4AAAAAANyagA4AAAAAAAAAC","repeats":1,"ndv":0},{"count":3634804,"lower_bound":"A4AAAAAANyalA4AAAAAAAAAC","upper_bound":"A4AAAAAAN4HHA4AAAAAAAAAC","repeats":1,"ndv":0},{"count":3658255,"lower_bound":"A4AAAAAAN4HmA4AAAAAAAAAC","upper_bound":"A4AAAAAAN92gA4AAAAAAAAAG","repeats":1,"ndv":0},{"count":3681705,"lower_bound":"A4AAAAAAN92hA4AAAAAAAAAD","upper_bound":"A4AAAAAAODYkA4AAAAAAAAAB","repeats":1,"ndv":0},{"count":3705156,"lower_bound":"A4AAAAAAODYmA4AAAAAAAAAB","upper_bound":"A4AAAAAAOJfnA4AAAAAAAAAC","repeats":1,"ndv":0},{"count":3728606,"lower_bound":"A4AAAAAAOJgBA4AAAAAAAAAG","upper_bound":"A4AAAAAAOO4FA4AAAAAAAAAC","repeats":1,"ndv":0},{"count":3752056,"lower_bound":"A4AAAAAAOO4jA4AAAAAAAAAG","upper_bound":"A4AAAAAAOUTEA4AAAAAAAAAB","repeats":1,"ndv":0},{"count":3775507,"lower_bound":"A4AAAAAAOUTHA4AAAAAAAAAF","upper_bound":"A4AAAAAAOaUmA4AAAAAAAAAC","repeats":1,"ndv":0},{"count":3798957,"lower_bound":"A4AAAAAAOaVmA4AAAAAAAAAE","upper_bound":"A4AAAAAAOfrmA4AAAAAAAAAE","repeats":1,"ndv":0},{"count":3822407,"lower_bound":"A4AAAAAAOfsCA4AAAAAAAAAD","upper_bound":"A4AAAAAAOlTkA4AAAAAAAAAE","repeats":1,"ndv":0},{"count":3845858,"lower_bound":"A4AAAAAAOlVAA4AAAAAAAAAD","upper_bound":"A4AAAAAAOrIEA4AAAAAAAAAH","repeats":1,"ndv":0},{"count":3869308,"lower_bound":"A4AAAAAAOrJhA4AAAAAAAAAC","upper_bound":"A4AAAAAAOwjGA4AAAAAAAAAG","repeats":1,"ndv":0},{"count":3892758,"lower_bound":"A4AAAAAAOwkAA4AAAAAAAAAB","upper_bound":"A4AAAAAAO2VnA4AAAAAAAAAF","repeats":1,"ndv":0},{"count":3916209,"lower_bound":"A4AAAAAAO2YiA4AAAAAAAAAB","upper_bound":"A4AAAAAAO8HFA4AAAAAAAAAH","repeats":1,"ndv":0},{"count":3939659,"lower_bound":"A4AAAAAAO8IDA4AAAAAAAAAC","upper_bound":"A4AAAAAAPCYgA4AAAAAAAAAF","repeats":1,"ndv":0},{"count":3963109,"lower_bound":"A4AAAAAAPCYhA4AAAAAAAAAD","upper_bound":"A4AAAAAAPIIGA4AAAAAAAAAB","repeats":1,"ndv":0},{"count":3986560,"lower_bound":"A4AAAAAAPIIgA4AAAAAAAAAG","upper_bound":"A4AAAAAAPNolA4AAAAAAAAAB","repeats":1,"ndv":0},{"count":4010010,"lower_bound":"A4AAAAAAPNpAA4AAAAAAAAAE","upper_bound":"A4AAAAAAPTzkA4AAAAAAAAAB","repeats":1,"ndv":0},{"count":4033460,"lower_bound":"A4AAAAAAPT0iA4AAAAAAAAAF","upper_bound":"A4AAAAAAPZsnA4AAAAAAAAAB","repeats":1,"ndv":0},{"count":4056911,"lower_bound":"A4AAAAAAPZuEA4AAAAAAAAAH","upper_bound":"A4AAAAAAPfZAA4AAAAAAAAAD","repeats":1,"ndv":0},{"count":4080361,"lower_bound":"A4AAAAAAPfaBA4AAAAAAAAAB","upper_bound":"A4AAAAAAPk7AA4AAAAAAAAAD","repeats":1,"ndv":0},{"count":4103812,"lower_bound":"A4AAAAAAPk7gA4AAAAAAAAAB","upper_bound":"A4AAAAAAPqckA4AAAAAAAAAC","repeats":1,"ndv":0},{"count":4127262,"lower_bound":"A4AAAAAAPqdAA4AAAAAAAAAB","upper_bound":"A4AAAAAAPwrHA4AAAAAAAAAE","repeats":1,"ndv":0},{"count":4150712,"lower_bound":"A4AAAAAAPwsFA4AAAAAAAAAD","upper_bound":"A4AAAAAAP2iAA4AAAAAAAAAD","repeats":1,"ndv":0},{"count":4174163,"lower_bound":"A4AAAAAAP2jiA4AAAAAAAAAD","upper_bound":"A4AAAAAAP8fAA4AAAAAAAAAH","repeats":1,"ndv":0},{"count":4197613,"lower_bound":"A4AAAAAAP8iGA4AAAAAAAAAD","upper_bound":"A4AAAAAAQB8kA4AAAAAAAAAE","repeats":1,"ndv":0},{"count":4221063,"lower_bound":"A4AAAAAAQB9GA4AAAAAAAAAC","upper_bound":"A4AAAAAAQH2nA4AAAAAAAAAD","repeats":1,"ndv":0},{"count":4244514,"lower_bound":"A4AAAAAAQH3nA4AAAAAAAAAF","upper_bound":"A4AAAAAAQNqmA4AAAAAAAAAE","repeats":1,"ndv":0},{"count":4267964,"lower_bound":"A4AAAAAAQNsiA4AAAAAAAAAC","upper_bound":"A4AAAAAAQTCgA4AAAAAAAAAH","repeats":1,"ndv":0},{"count":4291414,"lower_bound":"A4AAAAAAQTDFA4AAAAAAAAAB","upper_bound":"A4AAAAAAQYbFA4AAAAAAAAAB","repeats":1,"ndv":0},{"count":4314865,"lower_bound":"A4AAAAAAQYbHA4AAAAAAAAAD","upper_bound":"A4AAAAAAQeIHA4AAAAAAAAAD","repeats":1,"ndv":0},{"count":4338315,"lower_bound":"A4AAAAAAQeJiA4AAAAAAAAAD","upper_bound":"A4AAAAAAQkKGA4AAAAAAAAAC","repeats":1,"ndv":0},{"count":4361765,"lower_bound":"A4AAAAAAQkKHA4AAAAAAAAAB","upper_bound":"A4AAAAAAQpkgA4AAAAAAAAAB","repeats":1,"ndv":0},{"count":4385216,"lower_bound":"A4AAAAAAQpkhA4AAAAAAAAAD","upper_bound":"A4AAAAAAQvMHA4AAAAAAAAAF","repeats":1,"ndv":0},{"count":4408666,"lower_bound":"A4AAAAAAQvOAA4AAAAAAAAAE","upper_bound":"A4AAAAAAQ0/DA4AAAAAAAAAC","repeats":1,"ndv":0},{"count":4432116,"lower_bound":"A4AAAAAAQ1AjA4AAAAAAAAAB","upper_bound":"A4AAAAAAQ6riA4AAAAAAAAAC","repeats":1,"ndv":0},{"count":4455567,"lower_bound":"A4AAAAAAQ6xhA4AAAAAAAAAF","upper_bound":"A4AAAAAARA0lA4AAAAAAAAAB","repeats":1,"ndv":0},{"count":4479017,"lower_bound":"A4AAAAAARA2CA4AAAAAAAAAC","upper_bound":"A4AAAAAARGYEA4AAAAAAAAAD","repeats":1,"ndv":0},{"count":4502468,"lower_bound":"A4AAAAAARGYhA4AAAAAAAAAF","upper_bound":"A4AAAAAARMYHA4AAAAAAAAAC","repeats":1,"ndv":0},{"count":4525918,"lower_bound":"A4AAAAAARMYnA4AAAAAAAAAE","upper_bound":"A4AAAAAARSOnA4AAAAAAAAAC","repeats":1,"ndv":0},{"count":4549368,"lower_bound":"A4AAAAAARSQAA4AAAAAAAAAC","upper_bound":"A4AAAAAARXyCA4AAAAAAAAAH","repeats":1,"ndv":0},{"count":4572819,"lower_bound":"A4AAAAAARXyjA4AAAAAAAAAC","upper_bound":"A4AAAAAARdxGA4AAAAAAAAAB","repeats":1,"ndv":0},{"count":4596269,"lower_bound":"A4AAAAAARdxhA4AAAAAAAAAG","upper_bound":"A4AAAAAARihFA4AAAAAAAAAF","repeats":1,"ndv":0},{"count":4619719,"lower_bound":"A4AAAAAARihkA4AAAAAAAAAD","upper_bound":"A4AAAAAARoMkA4AAAAAAAAAC","repeats":1,"ndv":0},{"count":4643170,"lower_bound":"A4AAAAAARoMmA4AAAAAAAAAE","upper_bound":"A4AAAAAARtuEA4AAAAAAAAAD","repeats":1,"ndv":0},{"count":4666620,"lower_bound":"A4AAAAAARtujA4AAAAAAAAAE","upper_bound":"A4AAAAAARzThA4AAAAAAAAAB","repeats":1,"ndv":0},{"count":4690070,"lower_bound":"A4AAAAAARzThA4AAAAAAAAAH","upper_bound":"A4AAAAAAR4/gA4AAAAAAAAAB","repeats":1,"ndv":0},{"count":4713521,"lower_bound":"A4AAAAAAR5BDA4AAAAAAAAAB","upper_bound":"A4AAAAAAR+MEA4AAAAAAAAAF","repeats":1,"ndv":0},{"count":4736971,"lower_bound":"A4AAAAAAR+NDA4AAAAAAAAAH","upper_bound":"A4AAAAAASDqHA4AAAAAAAAAD","repeats":1,"ndv":0},{"count":4760421,"lower_bound":"A4AAAAAASDrHA4AAAAAAAAAC","upper_bound":"A4AAAAAASJABA4AAAAAAAAAB","repeats":1,"ndv":0},{"count":4783872,"lower_bound":"A4AAAAAASJCAA4AAAAAAAAAE","upper_bound":"A4AAAAAASOyFA4AAAAAAAAAC","repeats":1,"ndv":0},{"count":4807322,"lower_bound":"A4AAAAAASOzHA4AAAAAAAAAC","upper_bound":"A4AAAAAASUliA4AAAAAAAAAG","repeats":1,"ndv":0},{"count":4830773,"lower_bound":"A4AAAAAASUlkA4AAAAAAAAAC","upper_bound":"A4AAAAAASaiBA4AAAAAAAAAD","repeats":1,"ndv":0},{"count":4854223,"lower_bound":"A4AAAAAASajgA4AAAAAAAAAB","upper_bound":"A4AAAAAASgZlA4AAAAAAAAAG","repeats":1,"ndv":0},{"count":4877673,"lower_bound":"A4AAAAAASgbCA4AAAAAAAAAB","upper_bound":"A4AAAAAASmeDA4AAAAAAAAAC","repeats":1,"ndv":0},{"count":4901124,"lower_bound":"A4AAAAAASmfCA4AAAAAAAAAB","upper_bound":"A4AAAAAASsHnA4AAAAAAAAAC","repeats":1,"ndv":0},{"count":4924574,"lower_bound":"A4AAAAAASsIlA4AAAAAAAAAD","upper_bound":"A4AAAAAASxegA4AAAAAAAAAF","repeats":1,"ndv":0},{"count":4948024,"lower_bound":"A4AAAAAASxeiA4AAAAAAAAAE","upper_bound":"A4AAAAAAS3rhA4AAAAAAAAAF","repeats":1,"ndv":0},{"count":4971475,"lower_bound":"A4AAAAAAS3riA4AAAAAAAAAB","upper_bound":"A4AAAAAAS9GgA4AAAAAAAAAF","repeats":1,"ndv":0},{"count":4994925,"lower_bound":"A4AAAAAAS9HlA4AAAAAAAAAE","upper_bound":"A4AAAAAATCmhA4AAAAAAAAAD","repeats":1,"ndv":0},{"count":5018375,"lower_bound":"A4AAAAAATCohA4AAAAAAAAAD","upper_bound":"A4AAAAAATIeFA4AAAAAAAAAD","repeats":1,"ndv":0},{"count":5041826,"lower_bound":"A4AAAAAATIfHA4AAAAAAAAAG","upper_bound":"A4AAAAAATNsiA4AAAAAAAAAF","repeats":1,"ndv":0},{"count":5065276,"lower_bound":"A4AAAAAATNthA4AAAAAAAAAE","upper_bound":"A4AAAAAATThGA4AAAAAAAAAC","repeats":1,"ndv":0},{"count":5088726,"lower_bound":"A4AAAAAATThlA4AAAAAAAAAE","upper_bound":"A4AAAAAATY1iA4AAAAAAAAAB","repeats":1,"ndv":0},{"count":5112177,"lower_bound":"A4AAAAAATY1mA4AAAAAAAAAD","upper_bound":"A4AAAAAATeVgA4AAAAAAAAAD","repeats":1,"ndv":0},{"count":5135627,"lower_bound":"A4AAAAAATeXEA4AAAAAAAAAG","upper_bound":"A4AAAAAATkKgA4AAAAAAAAAF","repeats":1,"ndv":0},{"count":5159077,"lower_bound":"A4AAAAAATkLgA4AAAAAAAAAF","upper_bound":"A4AAAAAATqQGA4AAAAAAAAAF","repeats":1,"ndv":0},{"count":5182528,"lower_bound":"A4AAAAAATqRmA4AAAAAAAAAB","upper_bound":"A4AAAAAATvqkA4AAAAAAAAAC","repeats":1,"ndv":0},{"count":5205978,"lower_bound":"A4AAAAAATvrDA4AAAAAAAAAG","upper_bound":"A4AAAAAAT1lhA4AAAAAAAAAB","repeats":1,"ndv":0},{"count":5229429,"lower_bound":"A4AAAAAAT1liA4AAAAAAAAAF","upper_bound":"A4AAAAAAT7WDA4AAAAAAAAAF","repeats":1,"ndv":0},{"count":5252879,"lower_bound":"A4AAAAAAT7XDA4AAAAAAAAAC","upper_bound":"A4AAAAAAUBUgA4AAAAAAAAAG","repeats":1,"ndv":0},{"count":5276329,"lower_bound":"A4AAAAAAUBWlA4AAAAAAAAAC","upper_bound":"A4AAAAAAUHZDA4AAAAAAAAAD","repeats":1,"ndv":0},{"count":5299780,"lower_bound":"A4AAAAAAUHahA4AAAAAAAAAC","upper_bound":"A4AAAAAAUNGlA4AAAAAAAAAD","repeats":1,"ndv":0},{"count":5323230,"lower_bound":"A4AAAAAAUNHkA4AAAAAAAAAC","upper_bound":"A4AAAAAAUTGCA4AAAAAAAAAD","repeats":1,"ndv":0},{"count":5346680,"lower_bound":"A4AAAAAAUTHHA4AAAAAAAAAD","upper_bound":"A4AAAAAAUYilA4AAAAAAAAAC","repeats":1,"ndv":0},{"count":5370131,"lower_bound":"A4AAAAAAUYlkA4AAAAAAAAAF","upper_bound":"A4AAAAAAUegDA4AAAAAAAAAC","repeats":1,"ndv":0},{"count":5393581,"lower_bound":"A4AAAAAAUehFA4AAAAAAAAAF","upper_bound":"A4AAAAAAUjrnA4AAAAAAAAAE","repeats":1,"ndv":0},{"count":5417031,"lower_bound":"A4AAAAAAUjsCA4AAAAAAAAAC","upper_bound":"A4AAAAAAUpPnA4AAAAAAAAAG","repeats":1,"ndv":0},{"count":5440482,"lower_bound":"A4AAAAAAUpQlA4AAAAAAAAAE","upper_bound":"A4AAAAAAUu/BA4AAAAAAAAAD","repeats":1,"ndv":0},{"count":5463932,"lower_bound":"A4AAAAAAUu/hA4AAAAAAAAAB","upper_bound":"A4AAAAAAU0qnA4AAAAAAAAAB","repeats":1,"ndv":0},{"count":5487382,"lower_bound":"A4AAAAAAU0rCA4AAAAAAAAAC","upper_bound":"A4AAAAAAU6UnA4AAAAAAAAAF","repeats":1,"ndv":0},{"count":5510833,"lower_bound":"A4AAAAAAU6VDA4AAAAAAAAAE","upper_bound":"A4AAAAAAU/uAA4AAAAAAAAAC","repeats":1,"ndv":0},{"count":5534283,"lower_bound":"A4AAAAAAU/unA4AAAAAAAAAC","upper_bound":"A4AAAAAAVFbDA4AAAAAAAAAB","repeats":1,"ndv":0},{"count":5557734,"lower_bound":"A4AAAAAAVFbFA4AAAAAAAAAB","upper_bound":"A4AAAAAAVK3FA4AAAAAAAAAE","repeats":1,"ndv":0},{"count":5581184,"lower_bound":"A4AAAAAAVK3gA4AAAAAAAAAC","upper_bound":"A4AAAAAAVQsBA4AAAAAAAAAC","repeats":1,"ndv":0},{"count":5604634,"lower_bound":"A4AAAAAAVQsDA4AAAAAAAAAE","upper_bound":"A4AAAAAAVWmCA4AAAAAAAAAE","repeats":1,"ndv":0},{"count":5628085,"lower_bound":"A4AAAAAAVWnDA4AAAAAAAAAC","upper_bound":"A4AAAAAAVcRCA4AAAAAAAAAB","repeats":1,"ndv":0},{"count":5651535,"lower_bound":"A4AAAAAAVcRlA4AAAAAAAAAC","upper_bound":"A4AAAAAAVifGA4AAAAAAAAAD","repeats":1,"ndv":0},{"count":5674985,"lower_bound":"A4AAAAAAVifHA4AAAAAAAAAB","upper_bound":"A4AAAAAAVoOgA4AAAAAAAAAH","repeats":1,"ndv":0},{"count":5698436,"lower_bound":"A4AAAAAAVoPAA4AAAAAAAAAD","upper_bound":"A4AAAAAAVuDmA4AAAAAAAAAC","repeats":1,"ndv":0},{"count":5721886,"lower_bound":"A4AAAAAAVuECA4AAAAAAAAAB","upper_bound":"A4AAAAAAVzvDA4AAAAAAAAAC","repeats":1,"ndv":0},{"count":5745336,"lower_bound":"A4AAAAAAVzwmA4AAAAAAAAAC","upper_bound":"A4AAAAAAV5IEA4AAAAAAAAAC","repeats":1,"ndv":0},{"count":5768787,"lower_bound":"A4AAAAAAV5IjA4AAAAAAAAAC","upper_bound":"A4AAAAAAV+4DA4AAAAAAAAAC","repeats":1,"ndv":0},{"count":5792237,"lower_bound":"A4AAAAAAV+5mA4AAAAAAAAAB","upper_bound":"A4AAAAAAWEtBA4AAAAAAAAAE","repeats":1,"ndv":0},{"count":5815687,"lower_bound":"A4AAAAAAWEtFA4AAAAAAAAAE","upper_bound":"A4AAAAAAWKylA4AAAAAAAAAC","repeats":1,"ndv":0},{"count":5839138,"lower_bound":"A4AAAAAAWKzgA4AAAAAAAAAE","upper_bound":"A4AAAAAAWQjlA4AAAAAAAAAB","repeats":1,"ndv":0},{"count":5862588,"lower_bound":"A4AAAAAAWQkiA4AAAAAAAAAD","upper_bound":"A4AAAAAAWWCAA4AAAAAAAAAB","repeats":1,"ndv":0},{"count":5886038,"lower_bound":"A4AAAAAAWWCjA4AAAAAAAAAD","upper_bound":"A4AAAAAAWbfDA4AAAAAAAAAF","repeats":1,"ndv":0},{"count":5909489,"lower_bound":"A4AAAAAAWbgGA4AAAAAAAAAB","upper_bound":"A4AAAAAAWh1AA4AAAAAAAAAD","repeats":1,"ndv":0},{"count":5932939,"lower_bound":"A4AAAAAAWh2jA4AAAAAAAAAE","upper_bound":"A4AAAAAAWnXjA4AAAAAAAAAC","repeats":1,"ndv":0},{"count":5956390,"lower_bound":"A4AAAAAAWnXlA4AAAAAAAAAF","upper_bound":"A4AAAAAAWtgkA4AAAAAAAAAF","repeats":1,"ndv":0},{"count":5979840,"lower_bound":"A4AAAAAAWtjgA4AAAAAAAAAD","upper_bound":"A4AAAAAAWzRDA4AAAAAAAAAC","repeats":1,"ndv":0},{"count":6001215,"lower_bound":"A4AAAAAAWzSCA4AAAAAAAAAD","upper_bound":"A4AAAAAAW40jA4AAAAAAAAAC","repeats":1,"ndv":0}]},"cm_sketch":null,"fm_sketch":null,"stats_ver":2,"null_count":0,"tot_col_size":0,"last_update_version":455768133660573696,"correlation":0}},"partitions":null,"database_name":"tuner_db","table_name":"lineitem","ext_stats":null,"predicate_columns":[{"last_used_at":"2025-02-03 22:27:39","last_analyzed_at":"2025-02-03 21:17:33","id":1},{"last_used_at":"2025-02-03 22:27:23","last_analyzed_at":null,"id":9},{"last_used_at":"2025-02-03 22:27:35","last_analyzed_at":null,"id":13},{"last_used_at":null,"last_analyzed_at":"2025-02-03 21:17:33","id":4},{"last_used_at":"2025-02-03 22:27:35","last_analyzed_at":null,"id":6},{"last_used_at":"2025-02-03 22:27:37","last_analyzed_at":null,"id":7},{"last_used_at":"2025-02-03 22:27:38","last_analyzed_at":null,"id":11},{"last_used_at":"2025-02-03 22:27:39","last_analyzed_at":null,"id":3},{"last_used_at":"2025-02-03 22:27:37","last_analyzed_at":null,"id":5},{"last_used_at":"2025-02-03 22:27:33","last_analyzed_at":null,"id":14},{"last_used_at":"2025-02-03 22:27:39","last_analyzed_at":null,"id":2},{"last_used_at":"2025-02-03 22:27:21","last_analyzed_at":null,"id":10},{"last_used_at":"2025-02-03 22:27:35","last_analyzed_at":null,"id":12},{"last_used_at":"2025-02-03 22:27:33","last_analyzed_at":null,"id":15}],"count":6001215,"modify_count":0,"version":455768133660573696,"is_historical_stats":false}