{"columns":{"c_acctbal":{"histogram":{"ndv":0},"cm_sketch":null,"fm_sketch":null,"stats_ver":0,"null_count":0,"tot_col_size":0,"last_update_version":455768099089285120,"correlation":0},"c_address":{"histogram":{"ndv":0},"cm_sketch":null,"fm_sketch":null,"stats_ver":0,"null_count":0,"tot_col_size":0,"last_update_version":455768099089285120,"correlation":0},"c_comment":{"histogram":{"ndv":0},"cm_sketch":null,"fm_sketch":null,"stats_ver":0,"null_count":0,"tot_col_size":0,"last_update_version":455768099089285120,"correlation":0},"c_custkey":{"histogram":{"ndv":150000,"buckets":[{"count":586,"lower_bound":"MQ==","upper_bound":"NTg2","repeats":1,"ndv":0},{"count":1172,"lower_bound":"NTg3","upper_bound":"MTE3Mg==","repeats":1,"ndv":0},{"count":1758,"lower_bound":"MTE3Mw==","upper_bound":"MTc1OA==","repeats":1,"ndv":0},{"count":2344,"lower_bound":"MTc1OQ==","upper_bound":"MjM0NA==","repeats":1,"ndv":0},{"count":2930,"lower_bound":"MjM0NQ==","upper_bound":"MjkzMA==","repeats":1,"ndv":0},{"count":3516,"lower_bound":"MjkzMQ==","upper_bound":"MzUxNg==","repeats":1,"ndv":0},{"count":4102,"lower_bound":"MzUxNw==","upper_bound":"NDEwMg==","repeats":1,"ndv":0},{"count":4688,"lower_bound":"NDEwMw==","upper_bound":"NDY4OA==","repeats":1,"ndv":0},{"count":5274,"lower_bound":"NDY4OQ==","upper_bound":"NTI3NA==","repeats":1,"ndv":0},{"count":5860,"lower_bound":"NTI3NQ==","upper_bound":"NTg2MA==","repeats":1,"ndv":0},{"count":6446,"lower_bound":"NTg2MQ==","upper_bound":"NjQ0Ng==","repeats":1,"ndv":0},{"count":7032,"lower_bound":"NjQ0Nw==","upper_bound":"NzAzMg==","repeats":1,"ndv":0},{"count":7618,"lower_bound":"NzAzMw==","upper_bound":"NzYxOA==","repeats":1,"ndv":0},{"count":8204,"lower_bound":"NzYxOQ==","upper_bound":"ODIwNA==","repeats":1,"ndv":0},{"count":8790,"lower_bound":"ODIwNQ==","upper_bound":"ODc5MA==","repeats":1,"ndv":0},{"count":9376,"lower_bound":"ODc5MQ==","upper_bound":"OTM3Ng==","repeats":1,"ndv":0},{"count":9962,"lower_bound":"OTM3Nw==","upper_bound":"OTk2Mg==","repeats":1,"ndv":0},{"count":10548,"lower_bound":"OTk2Mw==","upper_bound":"MTA1NDg=","repeats":1,"ndv":0},{"count":11134,"lower_bound":"MTA1NDk=","upper_bound":"MTExMzQ=","repeats":1,"ndv":0},{"count":11720,"lower_bound":"MTExMzU=","upper_bound":"MTE3MjA=","repeats":1,"ndv":0},{"count":12306,"lower_bound":"MTE3MjE=","upper_bound":"MTIzMDY=","repeats":1,"ndv":0},{"count":12892,"lower_bound":"MTIzMDc=","upper_bound":"MTI4OTI=","repeats":1,"ndv":0},{"count":13478,"lower_bound":"MTI4OTM=","upper_bound":"MTM0Nzg=","repeats":1,"ndv":0},{"count":14064,"lower_bound":"MTM0Nzk=","upper_bound":"MTQwNjQ=","repeats":1,"ndv":0},{"count":14650,"lower_bound":"MTQwNjU=","upper_bound":"MTQ2NTA=","repeats":1,"ndv":0},{"count":15236,"lower_bound":"MTQ2NTE=","upper_bound":"MTUyMzY=","repeats":1,"ndv":0},{"count":15822,"lower_bound":"MTUyMzc=","upper_bound":"MTU4MjI=","repeats":1,"ndv":0},{"count":16408,"lower_bound":"MTU4MjM=","upper_bound":"MTY0MDg=","repeats":1,"ndv":0},{"count":16994,"lower_bound":"MTY0MDk=","upper_bound":"MTY5OTQ=","repeats":1,"ndv":0},{"count":17580,"lower_bound":"MTY5OTU=","upper_bound":"MTc1ODA=","repeats":1,"ndv":0},{"count":18166,"lower_bound":"MTc1ODE=","upper_bound":"MTgxNjY=","repeats":1,"ndv":0},{"count":18752,"lower_bound":"MTgxNjc=","upper_bound":"MTg3NTI=","repeats":1,"ndv":0},{"count":19338,"lower_bound":"MTg3NTM=","upper_bound":"MTkzMzg=","repeats":1,"ndv":0},{"count":19924,"lower_bound":"MTkzMzk=","upper_bound":"MTk5MjQ=","repeats":1,"ndv":0},{"count":20510,"lower_bound":"MTk5MjU=","upper_bound":"MjA1MTA=","repeats":1,"ndv":0},{"count":21096,"lower_bound":"MjA1MTE=","upper_bound":"MjEwOTY=","repeats":1,"ndv":0},{"count":21682,"lower_bound":"MjEwOTc=","upper_bound":"MjE2ODI=","repeats":1,"ndv":0},{"count":22268,"lower_bound":"MjE2ODM=","upper_bound":"MjIyNjg=","repeats":1,"ndv":0},{"count":22854,"lower_bound":"MjIyNjk=","upper_bound":"MjI4NTQ=","repeats":1,"ndv":0},{"count":23440,"lower_bound":"MjI4NTU=","upper_bound":"MjM0NDA=","repeats":1,"ndv":0},{"count":24026,"lower_bound":"MjM0NDE=","upper_bound":"MjQwMjY=","repeats":1,"ndv":0},{"count":24612,"lower_bound":"MjQwMjc=","upper_bound":"MjQ2MTI=","repeats":1,"ndv":0},{"count":25198,"lower_bound":"MjQ2MTM=","upper_bound":"MjUxOTg=","repeats":1,"ndv":0},{"count":25784,"lower_bound":"MjUxOTk=","upper_bound":"MjU3ODQ=","repeats":1,"ndv":0},{"count":26370,"lower_bound":"MjU3ODU=","upper_bound":"MjYzNzA=","repeats":1,"ndv":0},{"count":26956,"lower_bound":"MjYzNzE=","upper_bound":"MjY5NTY=","repeats":1,"ndv":0},{"count":27542,"lower_bound":"MjY5NTc=","upper_bound":"Mjc1NDI=","repeats":1,"ndv":0},{"count":28128,"lower_bound":"Mjc1NDM=","upper_bound":"MjgxMjg=","repeats":1,"ndv":0},{"count":28714,"lower_bound":"MjgxMjk=","upper_bound":"Mjg3MTQ=","repeats":1,"ndv":0},{"count":29300,"lower_bound":"Mjg3MTU=","upper_bound":"MjkzMDA=","repeats":1,"ndv":0},{"count":29886,"lower_bound":"MjkzMDE=","upper_bound":"Mjk4ODY=","repeats":1,"ndv":0},{"count":30472,"lower_bound":"Mjk4ODc=","upper_bound":"MzA0NzI=","repeats":1,"ndv":0},{"count":31058,"lower_bound":"MzA0NzM=","upper_bound":"MzEwNTg=","repeats":1,"ndv":0},{"count":31644,"lower_bound":"MzEwNTk=","upper_bound":"MzE2NDQ=","repeats":1,"ndv":0},{"count":32230,"lower_bound":"MzE2NDU=","upper_bound":"MzIyMzA=","repeats":1,"ndv":0},{"count":32816,"lower_bound":"MzIyMzE=","upper_bound":"MzI4MTY=","repeats":1,"ndv":0},{"count":33402,"lower_bound":"MzI4MTc=","upper_bound":"MzM0MDI=","repeats":1,"ndv":0},{"count":33988,"lower_bound":"MzM0MDM=","upper_bound":"MzM5ODg=","repeats":1,"ndv":0},{"count":34574,"lower_bound":"MzM5ODk=","upper_bound":"MzQ1NzQ=","repeats":1,"ndv":0},{"count":35160,"lower_bound":"MzQ1NzU=","upper_bound":"MzUxNjA=","repeats":1,"ndv":0},{"count":35746,"lower_bound":"MzUxNjE=","upper_bound":"MzU3NDY=","repeats":1,"ndv":0},{"count":36332,"lower_bound":"MzU3NDc=","upper_bound":"MzYzMzI=","repeats":1,"ndv":0},{"count":36918,"lower_bound":"MzYzMzM=","upper_bound":"MzY5MTg=","repeats":1,"ndv":0},{"count":37504,"lower_bound":"MzY5MTk=","upper_bound":"Mzc1MDQ=","repeats":1,"ndv":0},{"count":38090,"lower_bound":"Mzc1MDU=","upper_bound":"MzgwOTA=","repeats":1,"ndv":0},{"count":38676,"lower_bound":"MzgwOTE=","upper_bound":"Mzg2NzY=","repeats":1,"ndv":0},{"count":39262,"lower_bound":"Mzg2Nzc=","upper_bound":"MzkyNjI=","repeats":1,"ndv":0},{"count":39848,"lower_bound":"MzkyNjM=","upper_bound":"Mzk4NDg=","repeats":1,"ndv":0},{"count":40434,"lower_bound":"Mzk4NDk=","upper_bound":"NDA0MzQ=","repeats":1,"ndv":0},{"count":41020,"lower_bound":"NDA0MzU=","upper_bound":"NDEwMjA=","repeats":1,"ndv":0},{"count":41606,"lower_bound":"NDEwMjE=","upper_bound":"NDE2MDY=","repeats":1,"ndv":0},{"count":42192,"lower_bound":"NDE2MDc=","upper_bound":"NDIxOTI=","repeats":1,"ndv":0},{"count":42778,"lower_bound":"NDIxOTM=","upper_bound":"NDI3Nzg=","repeats":1,"ndv":0},{"count":43364,"lower_bound":"NDI3Nzk=","upper_bound":"NDMzNjQ=","repeats":1,"ndv":0},{"count":43950,"lower_bound":"NDMzNjU=","upper_bound":"NDM5NTA=","repeats":1,"ndv":0},{"count":44536,"lower_bound":"NDM5NTE=","upper_bound":"NDQ1MzY=","repeats":1,"ndv":0},{"count":45122,"lower_bound":"NDQ1Mzc=","upper_bound":"NDUxMjI=","repeats":1,"ndv":0},{"count":45708,"lower_bound":"NDUxMjM=","upper_bound":"NDU3MDg=","repeats":1,"ndv":0},{"count":46294,"lower_bound":"NDU3MDk=","upper_bound":"NDYyOTQ=","repeats":1,"ndv":0},{"count":46880,"lower_bound":"NDYyOTU=","upper_bound":"NDY4ODA=","repeats":1,"ndv":0},{"count":47466,"lower_bound":"NDY4ODE=","upper_bound":"NDc0NjY=","repeats":1,"ndv":0},{"count":48052,"lower_bound":"NDc0Njc=","upper_bound":"NDgwNTI=","repeats":1,"ndv":0},{"count":48638,"lower_bound":"NDgwNTM=","upper_bound":"NDg2Mzg=","repeats":1,"ndv":0},{"count":49224,"lower_bound":"NDg2Mzk=","upper_bound":"NDkyMjQ=","repeats":1,"ndv":0},{"count":49810,"lower_bound":"NDkyMjU=","upper_bound":"NDk4MTA=","repeats":1,"ndv":0},{"count":50396,"lower_bound":"NDk4MTE=","upper_bound":"NTAzOTY=","repeats":1,"ndv":0},{"count":50982,"lower_bound":"NTAzOTc=","upper_bound":"NTA5ODI=","repeats":1,"ndv":0},{"count":51568,"lower_bound":"NTA5ODM=","upper_bound":"NTE1Njg=","repeats":1,"ndv":0},{"count":52154,"lower_bound":"NTE1Njk=","upper_bound":"NTIxNTQ=","repeats":1,"ndv":0},{"count":52740,"lower_bound":"NTIxNTU=","upper_bound":"NTI3NDA=","repeats":1,"ndv":0},{"count":53326,"lower_bound":"NTI3NDE=","upper_bound":"NTMzMjY=","repeats":1,"ndv":0},{"count":53912,"lower_bound":"NTMzMjc=","upper_bound":"NTM5MTI=","repeats":1,"ndv":0},{"count":54498,"lower_bound":"NTM5MTM=","upper_bound":"NTQ0OTg=","repeats":1,"ndv":0},{"count":55084,"lower_bound":"NTQ0OTk=","upper_bound":"NTUwODQ=","repeats":1,"ndv":0},{"count":55670,"lower_bound":"NTUwODU=","upper_bound":"NTU2NzA=","repeats":1,"ndv":0},{"count":56256,"lower_bound":"NTU2NzE=","upper_bound":"NTYyNTY=","repeats":1,"ndv":0},{"count":56842,"lower_bound":"NTYyNTc=","upper_bound":"NTY4NDI=","repeats":1,"ndv":0},{"count":57428,"lower_bound":"NTY4NDM=","upper_bound":"NTc0Mjg=","repeats":1,"ndv":0},{"count":58014,"lower_bound":"NTc0Mjk=","upper_bound":"NTgwMTQ=","repeats":1,"ndv":0},{"count":58600,"lower_bound":"NTgwMTU=","upper_bound":"NTg2MDA=","repeats":1,"ndv":0},{"count":59186,"lower_bound":"NTg2MDE=","upper_bound":"NTkxODY=","repeats":1,"ndv":0},{"count":59772,"lower_bound":"NTkxODc=","upper_bound":"NTk3NzI=","repeats":1,"ndv":0},{"count":60358,"lower_bound":"NTk3NzM=","upper_bound":"NjAzNTg=","repeats":1,"ndv":0},{"count":60944,"lower_bound":"NjAzNTk=","upper_bound":"NjA5NDQ=","repeats":1,"ndv":0},{"count":61530,"lower_bound":"NjA5NDU=","upper_bound":"NjE1MzA=","repeats":1,"ndv":0},{"count":62116,"lower_bound":"NjE1MzE=","upper_bound":"NjIxMTY=","repeats":1,"ndv":0},{"count":62702,"lower_bound":"NjIxMTc=","upper_bound":"NjI3MDI=","repeats":1,"ndv":0},{"count":63288,"lower_bound":"NjI3MDM=","upper_bound":"NjMyODg=","repeats":1,"ndv":0},{"count":63874,"lower_bound":"NjMyODk=","upper_bound":"NjM4NzQ=","repeats":1,"ndv":0},{"count":64460,"lower_bound":"NjM4NzU=","upper_bound":"NjQ0NjA=","repeats":1,"ndv":0},{"count":65046,"lower_bound":"NjQ0NjE=","upper_bound":"NjUwNDY=","repeats":1,"ndv":0},{"count":65632,"lower_bound":"NjUwNDc=","upper_bound":"NjU2MzI=","repeats":1,"ndv":0},{"count":66218,"lower_bound":"NjU2MzM=","upper_bound":"NjYyMTg=","repeats":1,"ndv":0},{"count":66804,"lower_bound":"NjYyMTk=","upper_bound":"NjY4MDQ=","repeats":1,"ndv":0},{"count":67390,"lower_bound":"NjY4MDU=","upper_bound":"NjczOTA=","repeats":1,"ndv":0},{"count":67976,"lower_bound":"NjczOTE=","upper_bound":"Njc5NzY=","repeats":1,"ndv":0},{"count":68562,"lower_bound":"Njc5Nzc=","upper_bound":"Njg1NjI=","repeats":1,"ndv":0},{"count":69148,"lower_bound":"Njg1NjM=","upper_bound":"NjkxNDg=","repeats":1,"ndv":0},{"count":69734,"lower_bound":"NjkxNDk=","upper_bound":"Njk3MzQ=","repeats":1,"ndv":0},{"count":70320,"lower_bound":"Njk3MzU=","upper_bound":"NzAzMjA=","repeats":1,"ndv":0},{"count":70906,"lower_bound":"NzAzMjE=","upper_bound":"NzA5MDY=","repeats":1,"ndv":0},{"count":71492,"lower_bound":"NzA5MDc=","upper_bound":"NzE0OTI=","repeats":1,"ndv":0},{"count":72078,"lower_bound":"NzE0OTM=","upper_bound":"NzIwNzg=","repeats":1,"ndv":0},{"count":72664,"lower_bound":"NzIwNzk=","upper_bound":"NzI2NjQ=","repeats":1,"ndv":0},{"count":73250,"lower_bound":"NzI2NjU=","upper_bound":"NzMyNTA=","repeats":1,"ndv":0},{"count":73836,"lower_bound":"NzMyNTE=","upper_bound":"NzM4MzY=","repeats":1,"ndv":0},{"count":74422,"lower_bound":"NzM4Mzc=","upper_bound":"NzQ0MjI=","repeats":1,"ndv":0},{"count":75008,"lower_bound":"NzQ0MjM=","upper_bound":"NzUwMDg=","repeats":1,"ndv":0},{"count":75594,"lower_bound":"NzUwMDk=","upper_bound":"NzU1OTQ=","repeats":1,"ndv":0},{"count":76180,"lower_bound":"NzU1OTU=","upper_bound":"NzYxODA=","repeats":1,"ndv":0},{"count":76766,"lower_bound":"NzYxODE=","upper_bound":"NzY3NjY=","repeats":1,"ndv":0},{"count":77352,"lower_bound":"NzY3Njc=","upper_bound":"NzczNTI=","repeats":1,"ndv":0},{"count":77938,"lower_bound":"NzczNTM=","upper_bound":"Nzc5Mzg=","repeats":1,"ndv":0},{"count":78524,"lower_bound":"Nzc5Mzk=","upper_bound":"Nzg1MjQ=","repeats":1,"ndv":0},{"count":79110,"lower_bound":"Nzg1MjU=","upper_bound":"NzkxMTA=","repeats":1,"ndv":0},{"count":79696,"lower_bound":"NzkxMTE=","upper_bound":"Nzk2OTY=","repeats":1,"ndv":0},{"count":80282,"lower_bound":"Nzk2OTc=","upper_bound":"ODAyODI=","repeats":1,"ndv":0},{"count":80868,"lower_bound":"ODAyODM=","upper_bound":"ODA4Njg=","repeats":1,"ndv":0},{"count":81454,"lower_bound":"ODA4Njk=","upper_bound":"ODE0NTQ=","repeats":1,"ndv":0},{"count":82040,"lower_bound":"ODE0NTU=","upper_bound":"ODIwNDA=","repeats":1,"ndv":0},{"count":82626,"lower_bound":"ODIwNDE=","upper_bound":"ODI2MjY=","repeats":1,"ndv":0},{"count":83212,"lower_bound":"ODI2Mjc=","upper_bound":"ODMyMTI=","repeats":1,"ndv":0},{"count":83798,"lower_bound":"ODMyMTM=","upper_bound":"ODM3OTg=","repeats":1,"ndv":0},{"count":84384,"lower_bound":"ODM3OTk=","upper_bound":"ODQzODQ=","repeats":1,"ndv":0},{"count":84970,"lower_bound":"ODQzODU=","upper_bound":"ODQ5NzA=","repeats":1,"ndv":0},{"count":85556,"lower_bound":"ODQ5NzE=","upper_bound":"ODU1NTY=","repeats":1,"ndv":0},{"count":86142,"lower_bound":"ODU1NTc=","upper_bound":"ODYxNDI=","repeats":1,"ndv":0},{"count":86728,"lower_bound":"ODYxNDM=","upper_bound":"ODY3Mjg=","repeats":1,"ndv":0},{"count":87314,"lower_bound":"ODY3Mjk=","upper_bound":"ODczMTQ=","repeats":1,"ndv":0},{"count":87900,"lower_bound":"ODczMTU=","upper_bound":"ODc5MDA=","repeats":1,"ndv":0},{"count":88486,"lower_bound":"ODc5MDE=","upper_bound":"ODg0ODY=","repeats":1,"ndv":0},{"count":89072,"lower_bound":"ODg0ODc=","upper_bound":"ODkwNzI=","repeats":1,"ndv":0},{"count":89658,"lower_bound":"ODkwNzM=","upper_bound":"ODk2NTg=","repeats":1,"ndv":0},{"count":90244,"lower_bound":"ODk2NTk=","upper_bound":"OTAyNDQ=","repeats":1,"ndv":0},{"count":90830,"lower_bound":"OTAyNDU=","upper_bound":"OTA4MzA=","repeats":1,"ndv":0},{"count":91416,"lower_bound":"OTA4MzE=","upper_bound":"OTE0MTY=","repeats":1,"ndv":0},{"count":92002,"lower_bound":"OTE0MTc=","upper_bound":"OTIwMDI=","repeats":1,"ndv":0},{"count":92588,"lower_bound":"OTIwMDM=","upper_bound":"OTI1ODg=","repeats":1,"ndv":0},{"count":93174,"lower_bound":"OTI1ODk=","upper_bound":"OTMxNzQ=","repeats":1,"ndv":0},{"count":93760,"lower_bound":"OTMxNzU=","upper_bound":"OTM3NjA=","repeats":1,"ndv":0},{"count":94346,"lower_bound":"OTM3NjE=","upper_bound":"OTQzNDY=","repeats":1,"ndv":0},{"count":94932,"lower_bound":"OTQzNDc=","upper_bound":"OTQ5MzI=","repeats":1,"ndv":0},{"count":95518,"lower_bound":"OTQ5MzM=","upper_bound":"OTU1MTg=","repeats":1,"ndv":0},{"count":96104,"lower_bound":"OTU1MTk=","upper_bound":"OTYxMDQ=","repeats":1,"ndv":0},{"count":96690,"lower_bound":"OTYxMDU=","upper_bound":"OTY2OTA=","repeats":1,"ndv":0},{"count":97276,"lower_bound":"OTY2OTE=","upper_bound":"OTcyNzY=","repeats":1,"ndv":0},{"count":97862,"lower_bound":"OTcyNzc=","upper_bound":"OTc4NjI=","repeats":1,"ndv":0},{"count":98448,"lower_bound":"OTc4NjM=","upper_bound":"OTg0NDg=","repeats":1,"ndv":0},{"count":99034,"lower_bound":"OTg0NDk=","upper_bound":"OTkwMzQ=","repeats":1,"ndv":0},{"count":99620,"lower_bound":"OTkwMzU=","upper_bound":"OTk2MjA=","repeats":1,"ndv":0},{"count":100206,"lower_bound":"OTk2MjE=","upper_bound":"MTAwMjA2","repeats":1,"ndv":0},{"count":100792,"lower_bound":"MTAwMjA3","upper_bound":"MTAwNzky","repeats":1,"ndv":0},{"count":101378,"lower_bound":"MTAwNzkz","upper_bound":"MTAxMzc4","repeats":1,"ndv":0},{"count":101964,"lower_bound":"MTAxMzc5","upper_bound":"MTAxOTY0","repeats":1,"ndv":0},{"count":102550,"lower_bound":"MTAxOTY1","upper_bound":"MTAyNTUw","repeats":1,"ndv":0},{"count":103136,"lower_bound":"MTAyNTUx","upper_bound":"MTAzMTM2","repeats":1,"ndv":0},{"count":103722,"lower_bound":"MTAzMTM3","upper_bound":"MTAzNzIy","repeats":1,"ndv":0},{"count":104308,"lower_bound":"MTAzNzIz","upper_bound":"MTA0MzA4","repeats":1,"ndv":0},{"count":104894,"lower_bound":"MTA0MzA5","upper_bound":"MTA0ODk0","repeats":1,"ndv":0},{"count":105480,"lower_bound":"MTA0ODk1","upper_bound":"MTA1NDgw","repeats":1,"ndv":0},{"count":106066,"lower_bound":"MTA1NDgx","upper_bound":"MTA2MDY2","repeats":1,"ndv":0},{"count":106652,"lower_bound":"MTA2MDY3","upper_bound":"MTA2NjUy","repeats":1,"ndv":0},{"count":107238,"lower_bound":"MTA2NjUz","upper_bound":"MTA3MjM4","repeats":1,"ndv":0},{"count":107824,"lower_bound":"MTA3MjM5","upper_bound":"MTA3ODI0","repeats":1,"ndv":0},{"count":108410,"lower_bound":"MTA3ODI1","upper_bound":"MTA4NDEw","repeats":1,"ndv":0},{"count":108996,"lower_bound":"MTA4NDEx","upper_bound":"MTA4OTk2","repeats":1,"ndv":0},{"count":109582,"lower_bound":"MTA4OTk3","upper_bound":"MTA5NTgy","repeats":1,"ndv":0},{"count":110168,"lower_bound":"MTA5NTgz","upper_bound":"MTEwMTY4","repeats":1,"ndv":0},{"count":110754,"lower_bound":"MTEwMTY5","upper_bound":"MTEwNzU0","repeats":1,"ndv":0},{"count":111340,"lower_bound":"MTEwNzU1","upper_bound":"MTExMzQw","repeats":1,"ndv":0},{"count":111926,"lower_bound":"MTExMzQx","upper_bound":"MTExOTI2","repeats":1,"ndv":0},{"count":112512,"lower_bound":"MTExOTI3","upper_bound":"MTEyNTEy","repeats":1,"ndv":0},{"count":113098,"lower_bound":"MTEyNTEz","upper_bound":"MTEzMDk4","repeats":1,"ndv":0},{"count":113684,"lower_bound":"MTEzMDk5","upper_bound":"MTEzNjg0","repeats":1,"ndv":0},{"count":114270,"lower_bound":"MTEzNjg1","upper_bound":"MTE0Mjcw","repeats":1,"ndv":0},{"count":114856,"lower_bound":"MTE0Mjcx","upper_bound":"MTE0ODU2","repeats":1,"ndv":0},{"count":115442,"lower_bound":"MTE0ODU3","upper_bound":"MTE1NDQy","repeats":1,"ndv":0},{"count":116028,"lower_bound":"MTE1NDQz","upper_bound":"MTE2MDI4","repeats":1,"ndv":0},{"count":116614,"lower_bound":"MTE2MDI5","upper_bound":"MTE2NjE0","repeats":1,"ndv":0},{"count":117200,"lower_bound":"MTE2NjE1","upper_bound":"MTE3MjAw","repeats":1,"ndv":0},{"count":117786,"lower_bound":"MTE3MjAx","upper_bound":"MTE3Nzg2","repeats":1,"ndv":0},{"count":118372,"lower_bound":"MTE3Nzg3","upper_bound":"MTE4Mzcy","repeats":1,"ndv":0},{"count":118958,"lower_bound":"MTE4Mzcz","upper_bound":"MTE4OTU4","repeats":1,"ndv":0},{"count":119544,"lower_bound":"MTE4OTU5","upper_bound":"MTE5NTQ0","repeats":1,"ndv":0},{"count":120130,"lower_bound":"MTE5NTQ1","upper_bound":"MTIwMTMw","repeats":1,"ndv":0},{"count":120716,"lower_bound":"MTIwMTMx","upper_bound":"MTIwNzE2","repeats":1,"ndv":0},{"count":121302,"lower_bound":"MTIwNzE3","upper_bound":"MTIxMzAy","repeats":1,"ndv":0},{"count":121888,"lower_bound":"MTIxMzAz","upper_bound":"MTIxODg4","repeats":1,"ndv":0},{"count":122474,"lower_bound":"MTIxODg5","upper_bound":"MTIyNDc0","repeats":1,"ndv":0},{"count":123060,"lower_bound":"MTIyNDc1","upper_bound":"MTIzMDYw","repeats":1,"ndv":0},{"count":123646,"lower_bound":"MTIzMDYx","upper_bound":"MTIzNjQ2","repeats":1,"ndv":0},{"count":124232,"lower_bound":"MTIzNjQ3","upper_bound":"MTI0MjMy","repeats":1,"ndv":0},{"count":124818,"lower_bound":"MTI0MjMz","upper_bound":"MTI0ODE4","repeats":1,"ndv":0},{"count":125404,"lower_bound":"MTI0ODE5","upper_bound":"MTI1NDA0","repeats":1,"ndv":0},{"count":125990,"lower_bound":"MTI1NDA1","upper_bound":"MTI1OTkw","repeats":1,"ndv":0},{"count":126576,"lower_bound":"MTI1OTkx","upper_bound":"MTI2NTc2","repeats":1,"ndv":0},{"count":127162,"lower_bound":"MTI2NTc3","upper_bound":"MTI3MTYy","repeats":1,"ndv":0},{"count":127748,"lower_bound":"MTI3MTYz","upper_bound":"MTI3NzQ4","repeats":1,"ndv":0},{"count":128334,"lower_bound":"MTI3NzQ5","upper_bound":"MTI4MzM0","repeats":1,"ndv":0},{"count":128920,"lower_bound":"MTI4MzM1","upper_bound":"MTI4OTIw","repeats":1,"ndv":0},{"count":129506,"lower_bound":"MTI4OTIx","upper_bound":"MTI5NTA2","repeats":1,"ndv":0},{"count":130092,"lower_bound":"MTI5NTA3","upper_bound":"MTMwMDky","repeats":1,"ndv":0},{"count":130678,"lower_bound":"MTMwMDkz","upper_bound":"MTMwNjc4","repeats":1,"ndv":0},{"count":131264,"lower_bound":"MTMwNjc5","upper_bound":"MTMxMjY0","repeats":1,"ndv":0},{"count":131850,"lower_bound":"MTMxMjY1","upper_bound":"MTMxODUw","repeats":1,"ndv":0},{"count":132436,"lower_bound":"MTMxODUx","upper_bound":"MTMyNDM2","repeats":1,"ndv":0},{"count":133022,"lower_bound":"MTMyNDM3","upper_bound":"MTMzMDIy","repeats":1,"ndv":0},{"count":133608,"lower_bound":"MTMzMDIz","upper_bound":"MTMzNjA4","repeats":1,"ndv":0},{"count":134194,"lower_bound":"MTMzNjA5","upper_bound":"MTM0MTk0","repeats":1,"ndv":0},{"count":134780,"lower_bound":"MTM0MTk1","upper_bound":"MTM0Nzgw","repeats":1,"ndv":0},{"count":135366,"lower_bound":"MTM0Nzgx","upper_bound":"MTM1MzY2","repeats":1,"ndv":0},{"count":135952,"lower_bound":"MTM1MzY3","upper_bound":"MTM1OTUy","repeats":1,"ndv":0},{"count":136538,"lower_bound":"MTM1OTUz","upper_bound":"MTM2NTM4","repeats":1,"ndv":0},{"count":137124,"lower_bound":"MTM2NTM5","upper_bound":"MTM3MTI0","repeats":1,"ndv":0},{"count":137710,"lower_bound":"MTM3MTI1","upper_bound":"MTM3NzEw","repeats":1,"ndv":0},{"count":138296,"lower_bound":"MTM3NzEx","upper_bound":"MTM4Mjk2","repeats":1,"ndv":0},{"count":138882,"lower_bound":"MTM4Mjk3","upper_bound":"MTM4ODgy","repeats":1,"ndv":0},{"count":139468,"lower_bound":"MTM4ODgz","upper_bound":"MTM5NDY4","repeats":1,"ndv":0},{"count":140054,"lower_bound":"MTM5NDY5","upper_bound":"MTQwMDU0","repeats":1,"ndv":0},{"count":140640,"lower_bound":"MTQwMDU1","upper_bound":"MTQwNjQw","repeats":1,"ndv":0},{"count":141226,"lower_bound":"MTQwNjQx","upper_bound":"MTQxMjI2","repeats":1,"ndv":0},{"count":141812,"lower_bound":"MTQxMjI3","upper_bound":"MTQxODEy","repeats":1,"ndv":0},{"count":142398,"lower_bound":"MTQxODEz","upper_bound":"MTQyMzk4","repeats":1,"ndv":0},{"count":142984,"lower_bound":"MTQyMzk5","upper_bound":"MTQyOTg0","repeats":1,"ndv":0},{"count":143570,"lower_bound":"MTQyOTg1","upper_bound":"MTQzNTcw","repeats":1,"ndv":0},{"count":144156,"lower_bound":"MTQzNTcx","upper_bound":"MTQ0MTU2","repeats":1,"ndv":0},{"count":144742,"lower_bound":"MTQ0MTU3","upper_bound":"MTQ0NzQy","repeats":1,"ndv":0},{"count":145328,"lower_bound":"MTQ0NzQz","upper_bound":"MTQ1MzI4","repeats":1,"ndv":0},{"count":145914,"lower_bound":"MTQ1MzI5","upper_bound":"MTQ1OTE0","repeats":1,"ndv":0},{"count":146500,"lower_bound":"MTQ1OTE1","upper_bound":"MTQ2NTAw","repeats":1,"ndv":0},{"count":147086,"lower_bound":"MTQ2NTAx","upper_bound":"MTQ3MDg2","repeats":1,"ndv":0},{"count":147672,"lower_bound":"MTQ3MDg3","upper_bound":"MTQ3Njcy","repeats":1,"ndv":0},{"count":148258,"lower_bound":"MTQ3Njcz","upper_bound":"MTQ4MjU4","repeats":1,"ndv":0},{"count":148844,"lower_bound":"MTQ4MjU5","upper_bound":"MTQ4ODQ0","repeats":1,"ndv":0},{"count":149430,"lower_bound":"MTQ4ODQ1","upper_bound":"MTQ5NDMw","repeats":1,"ndv":0},{"count":150000,"lower_bound":"MTQ5NDMx","upper_bound":"MTUwMDAw","repeats":1,"ndv":0}]},"cm_sketch":null,"fm_sketch":null,"stats_ver":2,"null_count":0,"tot_col_size":441746,"last_update_version":455768099119955968,"correlation":1},"c_mktsegment":{"histogram":{"ndv":0},"cm_sketch":null,"fm_sketch":null,"stats_ver":0,"null_count":0,"tot_col_size":0,"last_update_version":455768099089285120,"correlation":0},"c_name":{"histogram":{"ndv":0},"cm_sketch":null,"fm_sketch":null,"stats_ver":0,"null_count":0,"tot_col_size":0,"last_update_version":455768099089285120,"correlation":0},"c_nationkey":{"histogram":{"ndv":0},"cm_sketch":null,"fm_sketch":null,"stats_ver":0,"null_count":0,"tot_col_size":0,"last_update_version":455768099089285120,"correlation":0},"c_phone":{"histogram":{"ndv":0},"cm_sketch":null,"fm_sketch":null,"stats_ver":0,"null_count":0,"tot_col_size":0,"last_update_version":455768099089285120,"correlation":0}},"indices":{},"partitions":null,"database_name":"tuner_db","table_name":"customer","ext_stats":null,"predicate_columns":[{"last_used_at":"2025-02-03 22:27:35","last_analyzed_at":null,"id":7},{"last_used_at":"2025-02-03 22:27:23","last_analyzed_at":null,"id":8},{"last_used_at":"2025-02-03 22:27:39","last_analyzed_at":"2025-02-03 21:15:21","id":1},{"last_used_at":"2025-02-03 22:27:29","last_analyzed_at":null,"id":2},{"last_used_at":"2025-02-03 22:27:23","last_analyzed_at":null,"id":3},{"last_used_at":"2025-02-03 22:27:39","last_analyzed_at":null,"id":4},{"last_used_at":"2025-02-03 22:27:35","last_analyzed_at":null,"id":5},{"last_used_at":"2025-02-03 22:27:35","last_analyzed_at":null,"id":6}],"count":300000,"modify_count":150000,"version":455768099364536320,"is_historical_stats":false}