[{"Received Command":{"Command":"Query","ExecutedASTText":"explain analyze select\n\tn_name,\n\tsum(l_extendedprice * (1 - l_discount)) as revenue\nfrom\n\tcustomer,\n\torders,\n\tlineitem,\n\tsupplier,\n\tnation,\n\tregion\nwhere\n\tc_custkey = o_custkey\n\tand l_orderkey = o_orderkey\n\tand l_suppkey = s_suppkey\n\tand c_nationkey = s_nationkey\n\tand s_nationkey = n_nationkey\n\tand n_regionkey = r_regionkey\n\tand r_name = 'MIDDLE EAST'\n\tand o_orderdate >= '1994-01-01'\n\tand o_orderdate < date_add('1994-01-01', interval '1' year)\ngroup by\n\tn_name\norder by\n\trevenue desc","ExecuteStmtInfo":null}},{"github.com/pingcap/tidb/pkg/planner.Optimize":{"github.com/pingcap/tidb/pkg/planner.optimize":{"github.com/pingcap/tidb/pkg/planner.Optimize":{"github.com/pingcap/tidb/pkg/planner.optimize":{"github.com/pingcap/tidb/pkg/planner/core.DoOptimize":[{"github.com/pingcap/tidb/pkg/planner/core.logicalOptimize":[{"github.com/pingcap/tidb/pkg/planner/core.getStatsTable":{"TableName":"customer","TblInfoID":252,"InputPhysicalID":252,"HandleIsNil":false,"UsePartitionStats":false,"CountIsZero":false,"Uninitialized":false,"Outdated":false,"StatsTblInfo":{"Columns":[{"CMSketchInfo":null,"Name":"C_CUSTKEY","LoadingStatus":"allLoaded","ID":1,"NDV":150000,"NullCount":0,"LastUpdateVersion":455768099119955968,"TotColSize":441746,"Correlation":1,"StatsVer":2,"HistogramSize":256,"TopNSize":-1},{"CMSketchInfo":null,"Name":"C_NAME","LoadingStatus":"unInitialized","ID":2,"NDV":0,"NullCount":0,"LastUpdateVersion":455768099089285120,"TotColSize":0,"Correlation":0,"StatsVer":0,"HistogramSize":0,"TopNSize":-1},{"CMSketchInfo":null,"Name":"C_ADDRESS","LoadingStatus":"unInitialized","ID":3,"NDV":0,"NullCount":0,"LastUpdateVersion":455768099089285120,"TotColSize":0,"Correlation":0,"StatsVer":0,"HistogramSize":0,"TopNSize":-1},{"CMSketchInfo":null,"Name":"C_NATIONKEY","LoadingStatus":"unInitialized","ID":4,"NDV":0,"NullCount":0,"LastUpdateVersion":455768099089285120,"TotColSize":0,"Correlation":0,"StatsVer":0,"HistogramSize":0,"TopNSize":-1},{"CMSketchInfo":null,"Name":"C_PHONE","LoadingStatus":"unInitialized","ID":5,"NDV":0,"NullCount":0,"LastUpdateVersion":455768099089285120,"TotColSize":0,"Correlation":0,"StatsVer":0,"HistogramSize":0,"TopNSize":-1},{"CMSketchInfo":null,"Name":"C_ACCTBAL","LoadingStatus":"unInitialized","ID":6,"NDV":0,"NullCount":0,"LastUpdateVersion":455768099089285120,"TotColSize":0,"Correlation":0,"StatsVer":0,"HistogramSize":0,"TopNSize":-1},{"CMSketchInfo":null,"Name":"C_MKTSEGMENT","LoadingStatus":"unInitialized","ID":7,"NDV":0,"NullCount":0,"LastUpdateVersion":455768099089285120,"TotColSize":0,"Correlation":0,"StatsVer":0,"HistogramSize":0,"TopNSize":-1},{"CMSketchInfo":null,"Name":"C_COMMENT","LoadingStatus":"unInitialized","ID":8,"NDV":0,"NullCount":0,"LastUpdateVersion":455768099089285120,"TotColSize":0,"Correlation":0,"StatsVer":0,"HistogramSize":0,"TopNSize":-1}],"Indexes":[],"PhysicalID":252,"Version":455768099364536320,"Count":300000,"ModifyCount":150000}}},{"github.com/pingcap/tidb/pkg/planner/core.deriveStats4DataSource":[{"github.com/pingcap/tidb/pkg/planner/core.deriveStatsByFilter":{"github.com/pingcap/tidb/pkg/planner/cardinality.Selectivity":[{"Input Expressions":[]},{"Result":1}]}},{"github.com/pingcap/tidb/pkg/planner/core.derivePathStatsAndTryHeuristics":{"github.com/pingcap/tidb/pkg/planner/core.deriveTablePathStats":null}},{"github.com/pingcap/tidb/pkg/planner/core.generateIndexMergePath":null},{"Access paths":[{"AccessConditions":[],"IndexFilters":[],"TableFilters":[],"CountAfterAccess":300000,"CountAfterIndex":0}]}]},{"github.com/pingcap/tidb/pkg/planner/core.getStatsTable":{"TableName":"orders","TblInfoID":254,"InputPhysicalID":254,"HandleIsNil":false,"UsePartitionStats":false,"CountIsZero":false,"Uninitialized":false,"Outdated":false,"StatsTblInfo":{"Columns":[{"CMSketchInfo":null,"Name":"O_ORDERKEY","LoadingStatus":"allLoaded","ID":1,"NDV":1500000,"NullCount":0,"LastUpdateVersion":455768135246544896,"TotColSize":5735795,"Correlation":1,"StatsVer":2,"HistogramSize":256,"TopNSize":-1},{"CMSketchInfo":null,"Name":"O_CUSTKEY","LoadingStatus":"unInitialized","ID":2,"NDV":0,"NullCount":0,"LastUpdateVersion":0,"TotColSize":0,"Correlation":0,"StatsVer":0,"HistogramSize":0,"TopNSize":-1},{"CMSketchInfo":null,"Name":"O_ORDERSTATUS","LoadingStatus":"unInitialized","ID":3,"NDV":0,"NullCount":0,"LastUpdateVersion":0,"TotColSize":0,"Correlation":0,"StatsVer":0,"HistogramSize":0,"TopNSize":-1},{"CMSketchInfo":null,"Name":"O_TOTALPRICE","LoadingStatus":"unInitialized","ID":4,"NDV":0,"NullCount":0,"LastUpdateVersion":0,"TotColSize":0,"Correlation":0,"StatsVer":0,"HistogramSize":0,"TopNSize":-1},{"CMSketchInfo":null,"Name":"O_ORDERDATE","LoadingStatus":"unInitialized","ID":5,"NDV":0,"NullCount":0,"LastUpdateVersion":0,"TotColSize":0,"Correlation":0,"StatsVer":0,"HistogramSize":0,"TopNSize":-1},{"CMSketchInfo":null,"Name":"O_ORDERPRIORITY","LoadingStatus":"unInitialized","ID":6,"NDV":0,"NullCount":0,"LastUpdateVersion":0,"TotColSize":0,"Correlation":0,"StatsVer":0,"HistogramSize":0,"TopNSize":-1},{"CMSketchInfo":null,"Name":"O_SHIPPRIORITY","LoadingStatus":"unInitialized","ID":8,"NDV":0,"NullCount":0,"LastUpdateVersion":0,"TotColSize":0,"Correlation":0,"StatsVer":0,"HistogramSize":0,"TopNSize":-1},{"CMSketchInfo":null,"Name":"O_COMMENT","LoadingStatus":"unInitialized","ID":9,"NDV":0,"NullCount":0,"LastUpdateVersion":0,"TotColSize":0,"Correlation":0,"StatsVer":0,"HistogramSize":0,"TopNSize":-1}],"Indexes":[],"PhysicalID":254,"Version":455768135246544896,"Count":1500000,"ModifyCount":0}}},{"github.com/pingcap/tidb/pkg/planner/core.deriveStats4DataSource":[{"github.com/pingcap/tidb/pkg/planner/core.deriveStatsByFilter":{"github.com/pingcap/tidb/pkg/planner/cardinality.Selectivity":[{"Input Expressions":["ge(tuner_db.orders.o_orderdate, 1994-01-01 00:00:00.000000)","lt(tuner_db.orders.o_orderdate, 1995-01-01 00:00:00.000000)"]},{"github.com/pingcap/tidb/pkg/planner/cardinality.GetRowCountByColumnRanges":[{"Ranges":["[1994-01-01,1995-01-01)"],"ID":13},{"github.com/pingcap/tidb/pkg/statistics.ColumnStatsIsInvalid":{"EssentialLoaded":false,"InValidForCollPseudo":false,"IsInvalid":true,"NDV":0,"TotalCount":0}},{"Name":"O_ORDERDATE","Result":37500}]},{"Expressions":["ge(tuner_db.orders.o_orderdate, 1994-01-01 00:00:00.000000)","lt(tuner_db.orders.o_orderdate, 1995-01-01 00:00:00.000000)"],"Selectivity":0.025,"partial cover":false},{"Result":0.025}]}},{"github.com/pingcap/tidb/pkg/planner/core.derivePathStatsAndTryHeuristics":{"github.com/pingcap/tidb/pkg/planner/core.deriveTablePathStats":{"github.com/pingcap/tidb/pkg/planner/cardinality.GetRowCountByIntColumnRanges":[{"Ranges":["[-inf,+inf]"],"ID":1},{"github.com/pingcap/tidb/pkg/statistics.ColumnStatsIsInvalid":{"EssentialLoaded":true,"InValidForCollPseudo":false,"IsInvalid":false,"NDV":1500000,"TotalCount":1500000}},{"Histogram NotNull Count":1500000,"Increase Factor":1,"TopN total count":0},{"github.com/pingcap/tidb/pkg/planner/cardinality.GetColumnRowCount":[{"Start estimate range":{"Range":"[-inf,+inf]","LowValueEncoded":"AwAAAAAAAAAA","HighValueEncoded":"A///////////","CurrentRowCount":0}},{"github.com/pingcap/tidb/pkg/statistics.(*Histogram).LessRowCountWithBktIdx":[{"Locate value in buckets":{"Value":"KindInt64 -9223372036854775808","BucketIdx":0,"Exceed":false,"InBucket":false,"MatchLastValue":false}},{"Related Buckets in Histogram":[{"Index":-1,"Count":-1,"Repeat":-1},{"Index":0,"Count":5867,"Repeat":1}]},{"Bucket idx":0,"Result":0}]},{"github.com/pingcap/tidb/pkg/statistics.(*Histogram).LessRowCountWithBktIdx":[{"Locate value in buckets":{"Value":"KindInt64 9223372036854775807","BucketIdx":255,"Exceed":true,"InBucket":false,"MatchLastValue":false}},{"Bucket idx":255,"Result":1500000}]},{"github.com/pingcap/tidb/pkg/statistics.(*Histogram).EqualRowCount":[{"Locate value in buckets":{"Value":"KindInt64 -9223372036854775808","BucketIdx":0,"Exceed":false,"InBucket":false,"MatchLastValue":false}},{"Count":0,"Matched":false}]},{"github.com/pingcap/tidb/pkg/statistics.(*TopN).BetweenCount":{"Result":0}},{"github.com/pingcap/tidb/pkg/planner/cardinality.equalRowCountOnColumn":[{"Encoded":"A///////////","Value":"KindInt64 9223372036854775807"},{"github.com/pingcap/tidb/pkg/statistics.(*Histogram).EqualRowCount":[{"Locate value in buckets":{"Value":"KindInt64 9223372036854775807","BucketIdx":255,"Exceed":true,"InBucket":false,"MatchLastValue":false}},{"Count":0,"Matched":false}]},{"Error":null,"Result":1}]},{"github.com/pingcap/tidb/pkg/statistics.(*Histogram).OutOfRangeRowCount":[{"lDatum":"KindInt64 -9223372036854775808","modifyCount":0,"rDatum":"KindInt64 9223372036854775807","realtimeRowCount":1500000},{"Result":0}]},{"End estimate range":{"RowCount":1500000,"Type":"Range"}}]},{"Name":"O_ORDERKEY","Result":1500000}]}}},{"github.com/pingcap/tidb/pkg/planner/core.generateIndexMergePath":null},{"Access paths":[{"AccessConditions":[],"IndexFilters":[],"TableFilters":["ge(tuner_db.orders.o_orderdate, 1994-01-01 00:00:00.000000)","lt(tuner_db.orders.o_orderdate, 1995-01-01 00:00:00.000000)"],"CountAfterAccess":1500000,"CountAfterIndex":0}]}]},{"github.com/pingcap/tidb/pkg/planner/core.getStatsTable":{"TableName":"lineitem","TblInfoID":256,"InputPhysicalID":256,"HandleIsNil":false,"UsePartitionStats":false,"CountIsZero":false,"Uninitialized":false,"Outdated":false,"StatsTblInfo":{"Columns":[{"CMSketchInfo":null,"Name":"L_ORDERKEY","LoadingStatus":"allLoaded","ID":1,"NDV":1507328,"NullCount":0,"LastUpdateVersion":455768133660573696,"TotColSize":22947964,"Correlation":1,"StatsVer":2,"HistogramSize":256,"TopNSize":-1},{"CMSketchInfo":null,"Name":"L_PARTKEY","LoadingStatus":"unInitialized","ID":2,"NDV":0,"NullCount":0,"LastUpdateVersion":0,"TotColSize":0,"Correlation":0,"StatsVer":0,"HistogramSize":0,"TopNSize":-1},{"CMSketchInfo":null,"Name":"L_SUPPKEY","LoadingStatus":"unInitialized","ID":3,"NDV":0,"NullCount":0,"LastUpdateVersion":0,"TotColSize":0,"Correlation":0,"StatsVer":0,"HistogramSize":0,"TopNSize":-1},{"CMSketchInfo":null,"Name":"L_QUANTITY","LoadingStatus":"unInitialized","ID":5,"NDV":0,"NullCount":0,"LastUpdateVersion":0,"TotColSize":0,"Correlation":0,"StatsVer":0,"HistogramSize":0,"TopNSize":-1},{"CMSketchInfo":null,"Name":"L_EXTENDEDPRICE","LoadingStatus":"unInitialized","ID":6,"NDV":0,"NullCount":0,"LastUpdateVersion":0,"TotColSize":0,"Correlation":0,"StatsVer":0,"HistogramSize":0,"TopNSize":-1},{"CMSketchInfo":null,"Name":"L_DISCOUNT","LoadingStatus":"unInitialized","ID":7,"NDV":0,"NullCount":0,"LastUpdateVersion":0,"TotColSize":0,"Correlation":0,"StatsVer":0,"HistogramSize":0,"TopNSize":-1},{"CMSketchInfo":null,"Name":"L_RETURNFLAG","LoadingStatus":"unInitialized","ID":9,"NDV":0,"NullCount":0,"LastUpdateVersion":0,"TotColSize":0,"Correlation":0,"StatsVer":0,"HistogramSize":0,"TopNSize":-1},{"CMSketchInfo":null,"Name":"L_LINESTATUS","LoadingStatus":"unInitialized","ID":10,"NDV":0,"NullCount":0,"LastUpdateVersion":0,"TotColSize":0,"Correlation":0,"StatsVer":0,"HistogramSize":0,"TopNSize":-1},{"CMSketchInfo":null,"Name":"L_SHIPDATE","LoadingStatus":"unInitialized","ID":11,"NDV":0,"NullCount":0,"LastUpdateVersion":0,"TotColSize":0,"Correlation":0,"StatsVer":0,"HistogramSize":0,"TopNSize":-1},{"CMSketchInfo":null,"Name":"L_COMMITDATE","LoadingStatus":"unInitialized","ID":12,"NDV":0,"NullCount":0,"LastUpdateVersion":0,"TotColSize":0,"Correlation":0,"StatsVer":0,"HistogramSize":0,"TopNSize":-1},{"CMSketchInfo":null,"Name":"L_RECEIPTDATE","LoadingStatus":"unInitialized","ID":13,"NDV":0,"NullCount":0,"LastUpdateVersion":0,"TotColSize":0,"Correlation":0,"StatsVer":0,"HistogramSize":0,"TopNSize":-1},{"CMSketchInfo":null,"Name":"L_SHIPINSTRUCT","LoadingStatus":"unInitialized","ID":14,"NDV":0,"NullCount":0,"LastUpdateVersion":0,"TotColSize":0,"Correlation":0,"StatsVer":0,"HistogramSize":0,"TopNSize":-1},{"CMSketchInfo":null,"Name":"L_SHIPMODE","LoadingStatus":"unInitialized","ID":15,"NDV":0,"NullCount":0,"LastUpdateVersion":0,"TotColSize":0,"Correlation":0,"StatsVer":0,"HistogramSize":0,"TopNSize":-1}],"Indexes":[{"CMSketchInfo":null,"Name":"PRIMARY","LoadingStatus":"allLoaded","ID":1,"NDV":5982208,"NullCount":0,"LastUpdateVersion":455768133660573696,"TotColSize":0,"Correlation":0,"StatsVer":2,"HistogramSize":256,"TopNSize":-1}],"PhysicalID":256,"Version":455768133660573696,"Count":6001215,"ModifyCount":0}}},{"github.com/pingcap/tidb/pkg/planner/core.deriveStats4DataSource":[{"github.com/pingcap/tidb/pkg/planner/core.deriveStatsByFilter":{"github.com/pingcap/tidb/pkg/planner/cardinality.Selectivity":[{"Input Expressions":[]},{"Result":1}]}},{"github.com/pingcap/tidb/pkg/planner/core.derivePathStatsAndTryHeuristics":{"github.com/pingcap/tidb/pkg/planner/core.deriveTablePathStats":null}},{"github.com/pingcap/tidb/pkg/planner/core.generateIndexMergePath":null},{"Access paths":[{"IndexName":"PRIMARY","AccessConditions":[],"IndexFilters":[],"TableFilters":[],"CountAfterAccess":6001215,"CountAfterIndex":0}]}]},{"github.com/pingcap/tidb/pkg/planner/core.getStatsTable":{"TableName":"supplier","TblInfoID":248,"InputPhysicalID":248,"HandleIsNil":false,"UsePartitionStats":false,"CountIsZero":false,"Uninitialized":false,"Outdated":false,"StatsTblInfo":{"Columns":[{"CMSketchInfo":null,"Name":"S_SUPPKEY","LoadingStatus":"allLoaded","ID":1,"NDV":10000,"NullCount":0,"LastUpdateVersion":455768097923268608,"TotColSize":21746,"Correlation":1,"StatsVer":2,"HistogramSize":250,"TopNSize":-1},{"CMSketchInfo":null,"Name":"S_NAME","LoadingStatus":"unInitialized","ID":2,"NDV":0,"NullCount":0,"LastUpdateVersion":0,"TotColSize":0,"Correlation":0,"StatsVer":0,"HistogramSize":0,"TopNSize":-1},{"CMSketchInfo":null,"Name":"S_ADDRESS","LoadingStatus":"unInitialized","ID":3,"NDV":0,"NullCount":0,"LastUpdateVersion":0,"TotColSize":0,"Correlation":0,"StatsVer":0,"HistogramSize":0,"TopNSize":-1},{"CMSketchInfo":null,"Name":"S_NATIONKEY","LoadingStatus":"unInitialized","ID":4,"NDV":0,"NullCount":0,"LastUpdateVersion":0,"TotColSize":0,"Correlation":0,"StatsVer":0,"HistogramSize":0,"TopNSize":-1},{"CMSketchInfo":null,"Name":"S_PHONE","LoadingStatus":"unInitialized","ID":5,"NDV":0,"NullCount":0,"LastUpdateVersion":0,"TotColSize":0,"Correlation":0,"StatsVer":0,"HistogramSize":0,"TopNSize":-1},{"CMSketchInfo":null,"Name":"S_ACCTBAL","LoadingStatus":"unInitialized","ID":6,"NDV":0,"NullCount":0,"LastUpdateVersion":0,"TotColSize":0,"Correlation":0,"StatsVer":0,"HistogramSize":0,"TopNSize":-1},{"CMSketchInfo":null,"Name":"S_COMMENT","LoadingStatus":"unInitialized","ID":7,"NDV":0,"NullCount":0,"LastUpdateVersion":0,"TotColSize":0,"Correlation":0,"StatsVer":0,"HistogramSize":0,"TopNSize":-1}],"Indexes":[],"PhysicalID":248,"Version":455768099364536320,"Count":20000,"ModifyCount":10000}}},{"github.com/pingcap/tidb/pkg/planner/core.deriveStats4DataSource":[{"github.com/pingcap/tidb/pkg/planner/core.deriveStatsByFilter":{"github.com/pingcap/tidb/pkg/planner/cardinality.Selectivity":[{"Input Expressions":[]},{"Result":1}]}},{"github.com/pingcap/tidb/pkg/planner/core.derivePathStatsAndTryHeuristics":{"github.com/pingcap/tidb/pkg/planner/core.deriveTablePathStats":null}},{"github.com/pingcap/tidb/pkg/planner/core.generateIndexMergePath":null},{"Access paths":[{"AccessConditions":[],"IndexFilters":[],"TableFilters":[],"CountAfterAccess":20000,"CountAfterIndex":0}]}]},{"github.com/pingcap/tidb/pkg/planner/core.getStatsTable":{"TableName":"nation","TblInfoID":242,"InputPhysicalID":242,"HandleIsNil":false,"UsePartitionStats":false,"CountIsZero":false,"Uninitialized":false,"Outdated":false,"StatsTblInfo":{"Columns":[{"CMSketchInfo":null,"Name":"N_NATIONKEY","LoadingStatus":"allLoaded","ID":1,"NDV":25,"NullCount":0,"LastUpdateVersion":455768116872085504,"TotColSize":25,"Correlation":1,"StatsVer":2,"HistogramSize":0,"TopNSize":25},{"CMSketchInfo":null,"Name":"N_NAME","LoadingStatus":"unInitialized","ID":2,"NDV":0,"NullCount":0,"LastUpdateVersion":0,"TotColSize":0,"Correlation":0,"StatsVer":0,"HistogramSize":0,"TopNSize":-1},{"CMSketchInfo":null,"Name":"N_REGIONKEY","LoadingStatus":"unInitialized","ID":3,"NDV":0,"NullCount":0,"LastUpdateVersion":0,"TotColSize":0,"Correlation":0,"StatsVer":0,"HistogramSize":0,"TopNSize":-1},{"CMSketchInfo":null,"Name":"N_COMMENT","LoadingStatus":"unInitialized","ID":4,"NDV":0,"NullCount":0,"LastUpdateVersion":0,"TotColSize":0,"Correlation":0,"StatsVer":0,"HistogramSize":0,"TopNSize":-1}],"Indexes":[],"PhysicalID":242,"Version":455768116872085504,"Count":25,"ModifyCount":0}}},{"github.com/pingcap/tidb/pkg/planner/core.deriveStats4DataSource":[{"github.com/pingcap/tidb/pkg/planner/core.deriveStatsByFilter":{"github.com/pingcap/tidb/pkg/planner/cardinality.Selectivity":[{"Input Expressions":[]},{"Result":1}]}},{"github.com/pingcap/tidb/pkg/planner/core.derivePathStatsAndTryHeuristics":{"github.com/pingcap/tidb/pkg/planner/core.deriveTablePathStats":null}},{"github.com/pingcap/tidb/pkg/planner/core.generateIndexMergePath":null},{"Access paths":[{"AccessConditions":[],"IndexFilters":[],"TableFilters":[],"CountAfterAccess":25,"CountAfterIndex":0}]}]},{"github.com/pingcap/tidb/pkg/planner/core.getStatsTable":{"TableName":"region","TblInfoID":244,"InputPhysicalID":244,"HandleIsNil":false,"UsePartitionStats":false,"CountIsZero":false,"Uninitialized":false,"Outdated":false,"StatsTblInfo":{"Columns":[{"CMSketchInfo":null,"Name":"R_REGIONKEY","LoadingStatus":"allLoaded","ID":1,"NDV":5,"NullCount":0,"LastUpdateVersion":455768097611841537,"TotColSize":5,"Correlation":1,"StatsVer":2,"HistogramSize":0,"TopNSize":5},{"CMSketchInfo":null,"Name":"R_NAME","LoadingStatus":"unInitialized","ID":2,"NDV":0,"NullCount":0,"LastUpdateVersion":0,"TotColSize":0,"Correlation":0,"StatsVer":0,"HistogramSize":0,"TopNSize":-1},{"CMSketchInfo":null,"Name":"R_COMMENT","LoadingStatus":"unInitialized","ID":3,"NDV":0,"NullCount":0,"LastUpdateVersion":0,"TotColSize":0,"Correlation":0,"StatsVer":0,"HistogramSize":0,"TopNSize":-1}],"Indexes":[],"PhysicalID":244,"Version":455768099364536320,"Count":10,"ModifyCount":5}}},{"github.com/pingcap/tidb/pkg/planner/core.deriveStats4DataSource":[{"github.com/pingcap/tidb/pkg/planner/core.deriveStatsByFilter":{"github.com/pingcap/tidb/pkg/planner/cardinality.Selectivity":[{"Input Expressions":["eq(tuner_db.region.r_name, MIDDLE EAST)"]},{"github.com/pingcap/tidb/pkg/planner/cardinality.GetRowCountByColumnRanges":[{"Ranges":["[\"MIDDLE EAST\",\"MIDDLE EAST\"]"],"ID":46},{"github.com/pingcap/tidb/pkg/statistics.ColumnStatsIsInvalid":{"EssentialLoaded":false,"InValidForCollPseudo":false,"IsInvalid":true,"NDV":0,"TotalCount":0}},{"Name":"R_NAME","Result":0.01}]},{"Expressions":["eq(tuner_db.region.r_name, MIDDLE EAST)"],"Selectivity":0.001,"partial cover":false},{"Result":0.001}]}},{"github.com/pingcap/tidb/pkg/planner/core.derivePathStatsAndTryHeuristics":{"github.com/pingcap/tidb/pkg/planner/core.deriveTablePathStats":{"github.com/pingcap/tidb/pkg/planner/cardinality.GetRowCountByIntColumnRanges":[{"Ranges":["[-inf,+inf]"],"ID":1},{"github.com/pingcap/tidb/pkg/statistics.ColumnStatsIsInvalid":{"EssentialLoaded":true,"InValidForCollPseudo":false,"IsInvalid":false,"NDV":5,"TotalCount":5}},{"Histogram NotNull Count":0,"Increase Factor":2,"TopN total count":5},{"github.com/pingcap/tidb/pkg/planner/cardinality.GetColumnRowCount":[{"Start estimate range":{"Range":"[-inf,+inf]","LowValueEncoded":"AwAAAAAAAAAA","HighValueEncoded":"A///////////","CurrentRowCount":0}},{"github.com/pingcap/tidb/pkg/statistics.(*Histogram).LessRowCountWithBktIdx":{"Bucket idx":0,"Result":0}},{"github.com/pingcap/tidb/pkg/statistics.(*Histogram).LessRowCountWithBktIdx":{"Bucket idx":0,"Result":0}},{"github.com/pingcap/tidb/pkg/statistics.(*Histogram).EqualRowCount":[{"Locate value in buckets":{"Value":"KindInt64 -9223372036854775808","BucketIdx":0,"Exceed":true,"InBucket":false,"MatchLastValue":false}},{"Count":0,"Matched":false}]},{"github.com/pingcap/tidb/pkg/statistics.(*TopN).BetweenCount":[{"Related TopN Range":{"FirstEncoded":"A4AAAAAAAAAA","LastEncoded":"A4AAAAAAAAAE","Count":[1,1,1,1,1],"FirstIdx":0,"LastIdx":4}},{"Result":5}]},{"github.com/pingcap/tidb/pkg/planner/cardinality.equalRowCountOnColumn":[{"Encoded":"A///////////","Value":"KindInt64 9223372036854775807"},{"github.com/pingcap/tidb/pkg/statistics.(*TopN).QueryTopN":[{"FindTopN idx":-1},{"Found":false,"Result":0}]},{"github.com/pingcap/tidb/pkg/statistics.(*Histogram).EqualRowCount":[{"Locate value in buckets":{"Value":"KindInt64 9223372036854775807","BucketIdx":0,"Exceed":true,"InBucket":false,"MatchLastValue":false}},{"Count":0,"Matched":false}]},{"Error":null,"Result":1}]},{"End estimate range":{"RowCount":10,"Type":"Range"}}]},{"Name":"R_REGIONKEY","Result":10}]}}},{"github.com/pingcap/tidb/pkg/planner/core.generateIndexMergePath":null},{"Access paths":[{"AccessConditions":[],"IndexFilters":[],"TableFilters":["eq(tuner_db.region.r_name, MIDDLE EAST)"],"CountAfterAccess":10,"CountAfterIndex":0}]}]}]},{"github.com/pingcap/tidb/pkg/planner/core.physicalOptimize":[{"github.com/pingcap/tidb/pkg/planner/cardinality.Selectivity":[{"Input Expressions":["eq(tuner_db.region.r_name, MIDDLE EAST)"]},{"github.com/pingcap/tidb/pkg/planner/cardinality.GetRowCountByColumnRanges":[{"Ranges":["[\"MIDDLE EAST\",\"MIDDLE EAST\"]"],"ID":46},{"github.com/pingcap/tidb/pkg/statistics.ColumnStatsIsInvalid":{"EssentialLoaded":false,"InValidForCollPseudo":false,"IsInvalid":true,"NDV":0,"TotalCount":0}},{"Name":"R_NAME","Result":0.01}]},{"Expressions":["eq(tuner_db.region.r_name, MIDDLE EAST)"],"Selectivity":0.001,"partial cover":false},{"Result":0.001}]},{"github.com/pingcap/tidb/pkg/planner/cardinality.Selectivity":[{"Input Expressions":["eq(tuner_db.region.r_name, MIDDLE EAST)"]},{"github.com/pingcap/tidb/pkg/planner/cardinality.GetRowCountByColumnRanges":[{"Ranges":["[\"MIDDLE EAST\",\"MIDDLE EAST\"]"],"ID":46},{"github.com/pingcap/tidb/pkg/statistics.ColumnStatsIsInvalid":{"EssentialLoaded":false,"InValidForCollPseudo":false,"IsInvalid":true,"NDV":0,"TotalCount":0}},{"Name":"R_NAME","Result":0.01}]},{"Expressions":["eq(tuner_db.region.r_name, MIDDLE EAST)"],"Selectivity":0.001,"partial cover":false},{"Result":0.001}]}]}]}}}}}]
