[{"Received Command":{"Command":"Query","ExecutedASTText":"explain analyze select\n\tnation,\n\to_year,\n\tsum(amount) as sum_profit\nfrom\n\t(\n\t\tselect\n\t\t\tn_name as nation,\n\t\t\textract(year from o_orderdate) as o_year,\n\t\t\tl_extendedprice * (1 - l_discount) - ps_supplycost * l_quantity as amount\n\t\tfrom\n\t\t\tpart,\n\t\t\tsupplier,\n\t\t\tlineitem,\n\t\t\tpartsupp,\n\t\t\torders,\n\t\t\tnation\n\t\twhere\n\t\t\ts_suppkey = l_suppkey\n\t\t\tand ps_suppkey = l_suppkey\n\t\t\tand ps_partkey = l_partkey\n\t\t\tand p_partkey = l_partkey\n\t\t\tand o_orderkey = l_orderkey\n\t\t\tand s_nationkey = n_nationkey\n\t\t\tand p_name like '%dim%'\n\t) as profit\ngroup by\n\tnation,\n\to_year\norder by\n\tnation,\n\to_year desc","ExecuteStmtInfo":null}},{"github.com/pingcap/tidb/pkg/planner.Optimize":{"github.com/pingcap/tidb/pkg/planner.optimize":{"github.com/pingcap/tidb/pkg/planner.Optimize":{"github.com/pingcap/tidb/pkg/planner.optimize":{"github.com/pingcap/tidb/pkg/planner/core.DoOptimize":[{"github.com/pingcap/tidb/pkg/planner/core.logicalOptimize":[{"github.com/pingcap/tidb/pkg/planner/core.getStatsTable":{"TableName":"part","TblInfoID":246,"InputPhysicalID":246,"HandleIsNil":false,"UsePartitionStats":false,"CountIsZero":false,"Uninitialized":false,"Outdated":false,"StatsTblInfo":{"Columns":[{"CMSketchInfo":null,"Name":"P_PARTKEY","LoadingStatus":"allLoaded","ID":1,"NDV":199360,"NullCount":0,"LastUpdateVersion":455768097904394240,"TotColSize":591746,"Correlation":1,"StatsVer":2,"HistogramSize":256,"TopNSize":-1},{"CMSketchInfo":null,"Name":"P_NAME","LoadingStatus":"unInitialized","ID":2,"NDV":0,"NullCount":0,"LastUpdateVersion":0,"TotColSize":0,"Correlation":0,"StatsVer":0,"HistogramSize":0,"TopNSize":-1},{"CMSketchInfo":null,"Name":"P_MFGR","LoadingStatus":"unInitialized","ID":3,"NDV":0,"NullCount":0,"LastUpdateVersion":0,"TotColSize":0,"Correlation":0,"StatsVer":0,"HistogramSize":0,"TopNSize":-1},{"CMSketchInfo":null,"Name":"P_BRAND","LoadingStatus":"unInitialized","ID":4,"NDV":0,"NullCount":0,"LastUpdateVersion":0,"TotColSize":0,"Correlation":0,"StatsVer":0,"HistogramSize":0,"TopNSize":-1},{"CMSketchInfo":null,"Name":"P_TYPE","LoadingStatus":"unInitialized","ID":5,"NDV":0,"NullCount":0,"LastUpdateVersion":0,"TotColSize":0,"Correlation":0,"StatsVer":0,"HistogramSize":0,"TopNSize":-1},{"CMSketchInfo":null,"Name":"P_SIZE","LoadingStatus":"unInitialized","ID":6,"NDV":0,"NullCount":0,"LastUpdateVersion":0,"TotColSize":0,"Correlation":0,"StatsVer":0,"HistogramSize":0,"TopNSize":-1},{"CMSketchInfo":null,"Name":"P_CONTAINER","LoadingStatus":"unInitialized","ID":7,"NDV":0,"NullCount":0,"LastUpdateVersion":0,"TotColSize":0,"Correlation":0,"StatsVer":0,"HistogramSize":0,"TopNSize":-1},{"CMSketchInfo":null,"Name":"P_RETAILPRICE","LoadingStatus":"unInitialized","ID":8,"NDV":0,"NullCount":0,"LastUpdateVersion":0,"TotColSize":0,"Correlation":0,"StatsVer":0,"HistogramSize":0,"TopNSize":-1},{"CMSketchInfo":null,"Name":"P_COMMENT","LoadingStatus":"unInitialized","ID":9,"NDV":0,"NullCount":0,"LastUpdateVersion":0,"TotColSize":0,"Correlation":0,"StatsVer":0,"HistogramSize":0,"TopNSize":-1}],"Indexes":[],"PhysicalID":246,"Version":455768099364536320,"Count":400000,"ModifyCount":200000}}},{"github.com/pingcap/tidb/pkg/planner/core.deriveStats4DataSource":[{"github.com/pingcap/tidb/pkg/planner/core.deriveStatsByFilter":{"github.com/pingcap/tidb/pkg/planner/cardinality.Selectivity":[{"Input Expressions":["like(tuner_db.part.p_name, %dim%, 92)"]},{"github.com/pingcap/tidb/pkg/planner/cardinality.GetRowCountByColumnRanges":[{"Ranges":["[NULL,+inf]"],"ID":2},{"github.com/pingcap/tidb/pkg/statistics.ColumnStatsIsInvalid":{"EssentialLoaded":false,"InValidForCollPseudo":false,"IsInvalid":true,"NDV":0,"TotalCount":0}},{"Name":"P_NAME","Result":400000}]},{"Default Selectivity":0.8},{"Result":0.8}]}},{"github.com/pingcap/tidb/pkg/planner/core.derivePathStatsAndTryHeuristics":{"github.com/pingcap/tidb/pkg/planner/core.deriveTablePathStats":{"github.com/pingcap/tidb/pkg/planner/cardinality.GetRowCountByIntColumnRanges":[{"Ranges":["[-inf,+inf]"],"ID":1},{"github.com/pingcap/tidb/pkg/statistics.ColumnStatsIsInvalid":{"EssentialLoaded":true,"InValidForCollPseudo":false,"IsInvalid":false,"NDV":199360,"TotalCount":200000}},{"Histogram NotNull Count":200000,"Increase Factor":2,"TopN total count":0},{"github.com/pingcap/tidb/pkg/planner/cardinality.GetColumnRowCount":[{"Start estimate range":{"Range":"[-inf,+inf]","LowValueEncoded":"AwAAAAAAAAAA","HighValueEncoded":"A///////////","CurrentRowCount":0}},{"github.com/pingcap/tidb/pkg/statistics.(*Histogram).LessRowCountWithBktIdx":[{"Locate value in buckets":{"Value":"KindInt64 -9223372036854775808","BucketIdx":0,"Exceed":false,"InBucket":false,"MatchLastValue":false}},{"Related Buckets in Histogram":[{"Index":-1,"Count":-1,"Repeat":-1},{"Index":0,"Count":782,"Repeat":1}]},{"Bucket idx":0,"Result":0}]},{"github.com/pingcap/tidb/pkg/statistics.(*Histogram).LessRowCountWithBktIdx":[{"Locate value in buckets":{"Value":"KindInt64 9223372036854775807","BucketIdx":255,"Exceed":true,"InBucket":false,"MatchLastValue":false}},{"Bucket idx":255,"Result":200000}]},{"github.com/pingcap/tidb/pkg/statistics.(*Histogram).EqualRowCount":[{"Locate value in buckets":{"Value":"KindInt64 -9223372036854775808","BucketIdx":0,"Exceed":false,"InBucket":false,"MatchLastValue":false}},{"Count":0,"Matched":false}]},{"github.com/pingcap/tidb/pkg/statistics.(*TopN).BetweenCount":{"Result":0}},{"github.com/pingcap/tidb/pkg/planner/cardinality.equalRowCountOnColumn":[{"Encoded":"A///////////","Value":"KindInt64 9223372036854775807"},{"github.com/pingcap/tidb/pkg/statistics.(*Histogram).EqualRowCount":[{"Locate value in buckets":{"Value":"KindInt64 9223372036854775807","BucketIdx":255,"Exceed":true,"InBucket":false,"MatchLastValue":false}},{"Count":0,"Matched":false}]},{"Error":null,"Result":1.0032102728731942}]},{"github.com/pingcap/tidb/pkg/statistics.(*Histogram).OutOfRangeRowCount":[{"lDatum":"KindInt64 -9223372036854775808","modifyCount":200000,"rDatum":"KindInt64 9223372036854775807","realtimeRowCount":400000},{"commonPrefix":0,"lScalar":-9223372036854776000,"rScalar":9223372036854776000,"unsigned":false},{"boundL":-199998,"boundR":399999,"histL":1,"histR":200000,"lPercent":1,"rPercent":1,"rowCount":300000},{"Result":200000}]},{"End estimate range":{"RowCount":600000,"Type":"Range"}}]},{"Name":"P_PARTKEY","Result":400000}]}}},{"github.com/pingcap/tidb/pkg/planner/core.generateIndexMergePath":null},{"Access paths":[{"AccessConditions":[],"IndexFilters":[],"TableFilters":["like(tuner_db.part.p_name, %dim%, 92)"],"CountAfterAccess":400000,"CountAfterIndex":0}]}]},{"github.com/pingcap/tidb/pkg/planner/core.getStatsTable":{"TableName":"supplier","TblInfoID":248,"InputPhysicalID":248,"HandleIsNil":false,"UsePartitionStats":false,"CountIsZero":false,"Uninitialized":false,"Outdated":false,"StatsTblInfo":{"Columns":[{"CMSketchInfo":null,"Name":"S_SUPPKEY","LoadingStatus":"allLoaded","ID":1,"NDV":10000,"NullCount":0,"LastUpdateVersion":455768097923268608,"TotColSize":21746,"Correlation":1,"StatsVer":2,"HistogramSize":250,"TopNSize":-1},{"CMSketchInfo":null,"Name":"S_NAME","LoadingStatus":"unInitialized","ID":2,"NDV":0,"NullCount":0,"LastUpdateVersion":0,"TotColSize":0,"Correlation":0,"StatsVer":0,"HistogramSize":0,"TopNSize":-1},{"CMSketchInfo":null,"Name":"S_ADDRESS","LoadingStatus":"unInitialized","ID":3,"NDV":0,"NullCount":0,"LastUpdateVersion":0,"TotColSize":0,"Correlation":0,"StatsVer":0,"HistogramSize":0,"TopNSize":-1},{"CMSketchInfo":null,"Name":"S_NATIONKEY","LoadingStatus":"unInitialized","ID":4,"NDV":0,"NullCount":0,"LastUpdateVersion":0,"TotColSize":0,"Correlation":0,"StatsVer":0,"HistogramSize":0,"TopNSize":-1},{"CMSketchInfo":null,"Name":"S_PHONE","LoadingStatus":"unInitialized","ID":5,"NDV":0,"NullCount":0,"LastUpdateVersion":0,"TotColSize":0,"Correlation":0,"StatsVer":0,"HistogramSize":0,"TopNSize":-1},{"CMSketchInfo":null,"Name":"S_ACCTBAL","LoadingStatus":"unInitialized","ID":6,"NDV":0,"NullCount":0,"LastUpdateVersion":0,"TotColSize":0,"Correlation":0,"StatsVer":0,"HistogramSize":0,"TopNSize":-1},{"CMSketchInfo":null,"Name":"S_COMMENT","LoadingStatus":"unInitialized","ID":7,"NDV":0,"NullCount":0,"LastUpdateVersion":0,"TotColSize":0,"Correlation":0,"StatsVer":0,"HistogramSize":0,"TopNSize":-1}],"Indexes":[],"PhysicalID":248,"Version":455768099364536320,"Count":20000,"ModifyCount":10000}}},{"github.com/pingcap/tidb/pkg/planner/core.deriveStats4DataSource":[{"github.com/pingcap/tidb/pkg/planner/core.deriveStatsByFilter":{"github.com/pingcap/tidb/pkg/planner/cardinality.Selectivity":[{"Input Expressions":[]},{"Result":1}]}},{"github.com/pingcap/tidb/pkg/planner/core.derivePathStatsAndTryHeuristics":{"github.com/pingcap/tidb/pkg/planner/core.deriveTablePathStats":null}},{"github.com/pingcap/tidb/pkg/planner/core.generateIndexMergePath":null},{"Access paths":[{"AccessConditions":[],"IndexFilters":[],"TableFilters":[],"CountAfterAccess":20000,"CountAfterIndex":0}]}]},{"github.com/pingcap/tidb/pkg/planner/core.getStatsTable":{"TableName":"lineitem","TblInfoID":256,"InputPhysicalID":256,"HandleIsNil":false,"UsePartitionStats":false,"CountIsZero":false,"Uninitialized":false,"Outdated":false,"StatsTblInfo":{"Columns":[{"CMSketchInfo":null,"Name":"L_ORDERKEY","LoadingStatus":"allLoaded","ID":1,"NDV":1507328,"NullCount":0,"LastUpdateVersion":455768133660573696,"TotColSize":22947964,"Correlation":1,"StatsVer":2,"HistogramSize":256,"TopNSize":-1},{"CMSketchInfo":null,"Name":"L_PARTKEY","LoadingStatus":"unInitialized","ID":2,"NDV":0,"NullCount":0,"LastUpdateVersion":0,"TotColSize":0,"Correlation":0,"StatsVer":0,"HistogramSize":0,"TopNSize":-1},{"CMSketchInfo":null,"Name":"L_SUPPKEY","LoadingStatus":"unInitialized","ID":3,"NDV":0,"NullCount":0,"LastUpdateVersion":0,"TotColSize":0,"Correlation":0,"StatsVer":0,"HistogramSize":0,"TopNSize":-1},{"CMSketchInfo":null,"Name":"L_QUANTITY","LoadingStatus":"unInitialized","ID":5,"NDV":0,"NullCount":0,"LastUpdateVersion":0,"TotColSize":0,"Correlation":0,"StatsVer":0,"HistogramSize":0,"TopNSize":-1},{"CMSketchInfo":null,"Name":"L_EXTENDEDPRICE","LoadingStatus":"unInitialized","ID":6,"NDV":0,"NullCount":0,"LastUpdateVersion":0,"TotColSize":0,"Correlation":0,"StatsVer":0,"HistogramSize":0,"TopNSize":-1},{"CMSketchInfo":null,"Name":"L_DISCOUNT","LoadingStatus":"unInitialized","ID":7,"NDV":0,"NullCount":0,"LastUpdateVersion":0,"TotColSize":0,"Correlation":0,"StatsVer":0,"HistogramSize":0,"TopNSize":-1},{"CMSketchInfo":null,"Name":"L_RETURNFLAG","LoadingStatus":"unInitialized","ID":9,"NDV":0,"NullCount":0,"LastUpdateVersion":0,"TotColSize":0,"Correlation":0,"StatsVer":0,"HistogramSize":0,"TopNSize":-1},{"CMSketchInfo":null,"Name":"L_LINESTATUS","LoadingStatus":"unInitialized","ID":10,"NDV":0,"NullCount":0,"LastUpdateVersion":0,"TotColSize":0,"Correlation":0,"StatsVer":0,"HistogramSize":0,"TopNSize":-1},{"CMSketchInfo":null,"Name":"L_SHIPDATE","LoadingStatus":"unInitialized","ID":11,"NDV":0,"NullCount":0,"LastUpdateVersion":0,"TotColSize":0,"Correlation":0,"StatsVer":0,"HistogramSize":0,"TopNSize":-1},{"CMSketchInfo":null,"Name":"L_COMMITDATE","LoadingStatus":"unInitialized","ID":12,"NDV":0,"NullCount":0,"LastUpdateVersion":0,"TotColSize":0,"Correlation":0,"StatsVer":0,"HistogramSize":0,"TopNSize":-1},{"CMSketchInfo":null,"Name":"L_RECEIPTDATE","LoadingStatus":"unInitialized","ID":13,"NDV":0,"NullCount":0,"LastUpdateVersion":0,"TotColSize":0,"Correlation":0,"StatsVer":0,"HistogramSize":0,"TopNSize":-1},{"CMSketchInfo":null,"Name":"L_SHIPINSTRUCT","LoadingStatus":"unInitialized","ID":14,"NDV":0,"NullCount":0,"LastUpdateVersion":0,"TotColSize":0,"Correlation":0,"StatsVer":0,"HistogramSize":0,"TopNSize":-1},{"CMSketchInfo":null,"Name":"L_SHIPMODE","LoadingStatus":"unInitialized","ID":15,"NDV":0,"NullCount":0,"LastUpdateVersion":0,"TotColSize":0,"Correlation":0,"StatsVer":0,"HistogramSize":0,"TopNSize":-1}],"Indexes":[{"CMSketchInfo":null,"Name":"PRIMARY","LoadingStatus":"allLoaded","ID":1,"NDV":5982208,"NullCount":0,"LastUpdateVersion":455768133660573696,"TotColSize":0,"Correlation":0,"StatsVer":2,"HistogramSize":256,"TopNSize":-1}],"PhysicalID":256,"Version":455768133660573696,"Count":6001215,"ModifyCount":0}}},{"github.com/pingcap/tidb/pkg/planner/core.deriveStats4DataSource":[{"github.com/pingcap/tidb/pkg/planner/core.deriveStatsByFilter":{"github.com/pingcap/tidb/pkg/planner/cardinality.Selectivity":[{"Input Expressions":[]},{"Result":1}]}},{"github.com/pingcap/tidb/pkg/planner/core.derivePathStatsAndTryHeuristics":{"github.com/pingcap/tidb/pkg/planner/core.deriveTablePathStats":null}},{"github.com/pingcap/tidb/pkg/planner/core.generateIndexMergePath":null},{"Access paths":[{"IndexName":"PRIMARY","AccessConditions":[],"IndexFilters":[],"TableFilters":[],"CountAfterAccess":6001215,"CountAfterIndex":0}]}]},{"github.com/pingcap/tidb/pkg/planner/core.getStatsTable":{"TableName":"partsupp","TblInfoID":250,"InputPhysicalID":250,"HandleIsNil":false,"UsePartitionStats":false,"CountIsZero":false,"Uninitialized":false,"Outdated":false,"StatsTblInfo":{"Columns":[{"CMSketchInfo":null,"Name":"PS_PARTKEY","LoadingStatus":"allLoaded","ID":1,"NDV":199360,"NullCount":0,"LastUpdateVersion":455768134457229312,"TotColSize":2366984,"Correlation":1,"StatsVer":2,"HistogramSize":256,"TopNSize":-1},{"CMSketchInfo":null,"Name":"PS_SUPPKEY","LoadingStatus":"allEvicted","ID":2,"NDV":10000,"NullCount":0,"LastUpdateVersion":455768134457229312,"TotColSize":1739680,"Correlation":0.009775986969250486,"StatsVer":2,"HistogramSize":0,"TopNSize":-1},{"CMSketchInfo":null,"Name":"PS_AVAILQTY","LoadingStatus":"unInitialized","ID":3,"NDV":0,"NullCount":0,"LastUpdateVersion":455768098813247488,"TotColSize":0,"Correlation":0,"StatsVer":0,"HistogramSize":0,"TopNSize":-1},{"CMSketchInfo":null,"Name":"PS_SUPPLYCOST","LoadingStatus":"unInitialized","ID":4,"NDV":0,"NullCount":0,"LastUpdateVersion":455768098813247488,"TotColSize":0,"Correlation":0,"StatsVer":0,"HistogramSize":0,"TopNSize":-1},{"CMSketchInfo":null,"Name":"PS_COMMENT","LoadingStatus":"unInitialized","ID":5,"NDV":0,"NullCount":0,"LastUpdateVersion":455768098813247488,"TotColSize":0,"Correlation":0,"StatsVer":0,"HistogramSize":0,"TopNSize":-1}],"Indexes":[{"CMSketchInfo":null,"Name":"PRIMARY","LoadingStatus":"allLoaded","ID":1,"NDV":800000,"NullCount":0,"LastUpdateVersion":455768134457229312,"TotColSize":4106664,"Correlation":0,"StatsVer":2,"HistogramSize":256,"TopNSize":-1}],"PhysicalID":250,"Version":455768134457229312,"Count":800000,"ModifyCount":0}}},{"github.com/pingcap/tidb/pkg/planner/core.deriveStats4DataSource":[{"github.com/pingcap/tidb/pkg/planner/core.deriveStatsByFilter":{"github.com/pingcap/tidb/pkg/planner/cardinality.Selectivity":[{"Input Expressions":[]},{"Result":1}]}},{"github.com/pingcap/tidb/pkg/planner/core.derivePathStatsAndTryHeuristics":{"github.com/pingcap/tidb/pkg/planner/core.deriveTablePathStats":null}},{"github.com/pingcap/tidb/pkg/planner/core.generateIndexMergePath":null},{"Access paths":[{"IndexName":"PRIMARY","AccessConditions":[],"IndexFilters":[],"TableFilters":[],"CountAfterAccess":800000,"CountAfterIndex":0}]}]},{"github.com/pingcap/tidb/pkg/planner/core.getStatsTable":{"TableName":"orders","TblInfoID":254,"InputPhysicalID":254,"HandleIsNil":false,"UsePartitionStats":false,"CountIsZero":false,"Uninitialized":false,"Outdated":false,"StatsTblInfo":{"Columns":[{"CMSketchInfo":null,"Name":"O_ORDERKEY","LoadingStatus":"allLoaded","ID":1,"NDV":1500000,"NullCount":0,"LastUpdateVersion":455768135246544896,"TotColSize":5735795,"Correlation":1,"StatsVer":2,"HistogramSize":256,"TopNSize":-1},{"CMSketchInfo":null,"Name":"O_CUSTKEY","LoadingStatus":"unInitialized","ID":2,"NDV":0,"NullCount":0,"LastUpdateVersion":0,"TotColSize":0,"Correlation":0,"StatsVer":0,"HistogramSize":0,"TopNSize":-1},{"CMSketchInfo":null,"Name":"O_ORDERSTATUS","LoadingStatus":"unInitialized","ID":3,"NDV":0,"NullCount":0,"LastUpdateVersion":0,"TotColSize":0,"Correlation":0,"StatsVer":0,"HistogramSize":0,"TopNSize":-1},{"CMSketchInfo":null,"Name":"O_TOTALPRICE","LoadingStatus":"unInitialized","ID":4,"NDV":0,"NullCount":0,"LastUpdateVersion":0,"TotColSize":0,"Correlation":0,"StatsVer":0,"HistogramSize":0,"TopNSize":-1},{"CMSketchInfo":null,"Name":"O_ORDERDATE","LoadingStatus":"unInitialized","ID":5,"NDV":0,"NullCount":0,"LastUpdateVersion":0,"TotColSize":0,"Correlation":0,"StatsVer":0,"HistogramSize":0,"TopNSize":-1},{"CMSketchInfo":null,"Name":"O_ORDERPRIORITY","LoadingStatus":"unInitialized","ID":6,"NDV":0,"NullCount":0,"LastUpdateVersion":0,"TotColSize":0,"Correlation":0,"StatsVer":0,"HistogramSize":0,"TopNSize":-1},{"CMSketchInfo":null,"Name":"O_SHIPPRIORITY","LoadingStatus":"unInitialized","ID":8,"NDV":0,"NullCount":0,"LastUpdateVersion":0,"TotColSize":0,"Correlation":0,"StatsVer":0,"HistogramSize":0,"TopNSize":-1},{"CMSketchInfo":null,"Name":"O_COMMENT","LoadingStatus":"unInitialized","ID":9,"NDV":0,"NullCount":0,"LastUpdateVersion":0,"TotColSize":0,"Correlation":0,"StatsVer":0,"HistogramSize":0,"TopNSize":-1}],"Indexes":[],"PhysicalID":254,"Version":455768135246544896,"Count":1500000,"ModifyCount":0}}},{"github.com/pingcap/tidb/pkg/planner/core.deriveStats4DataSource":[{"github.com/pingcap/tidb/pkg/planner/core.deriveStatsByFilter":{"github.com/pingcap/tidb/pkg/planner/cardinality.Selectivity":[{"Input Expressions":[]},{"Result":1}]}},{"github.com/pingcap/tidb/pkg/planner/core.derivePathStatsAndTryHeuristics":{"github.com/pingcap/tidb/pkg/planner/core.deriveTablePathStats":null}},{"github.com/pingcap/tidb/pkg/planner/core.generateIndexMergePath":null},{"Access paths":[{"AccessConditions":[],"IndexFilters":[],"TableFilters":[],"CountAfterAccess":1500000,"CountAfterIndex":0}]}]},{"github.com/pingcap/tidb/pkg/planner/core.getStatsTable":{"TableName":"nation","TblInfoID":242,"InputPhysicalID":242,"HandleIsNil":false,"UsePartitionStats":false,"CountIsZero":false,"Uninitialized":false,"Outdated":false,"StatsTblInfo":{"Columns":[{"CMSketchInfo":null,"Name":"N_NATIONKEY","LoadingStatus":"allLoaded","ID":1,"NDV":25,"NullCount":0,"LastUpdateVersion":455768116872085504,"TotColSize":25,"Correlation":1,"StatsVer":2,"HistogramSize":0,"TopNSize":25},{"CMSketchInfo":null,"Name":"N_NAME","LoadingStatus":"unInitialized","ID":2,"NDV":0,"NullCount":0,"LastUpdateVersion":0,"TotColSize":0,"Correlation":0,"StatsVer":0,"HistogramSize":0,"TopNSize":-1},{"CMSketchInfo":null,"Name":"N_REGIONKEY","LoadingStatus":"unInitialized","ID":3,"NDV":0,"NullCount":0,"LastUpdateVersion":0,"TotColSize":0,"Correlation":0,"StatsVer":0,"HistogramSize":0,"TopNSize":-1},{"CMSketchInfo":null,"Name":"N_COMMENT","LoadingStatus":"unInitialized","ID":4,"NDV":0,"NullCount":0,"LastUpdateVersion":0,"TotColSize":0,"Correlation":0,"StatsVer":0,"HistogramSize":0,"TopNSize":-1}],"Indexes":[],"PhysicalID":242,"Version":455768116872085504,"Count":25,"ModifyCount":0}}},{"github.com/pingcap/tidb/pkg/planner/core.deriveStats4DataSource":[{"github.com/pingcap/tidb/pkg/planner/core.deriveStatsByFilter":{"github.com/pingcap/tidb/pkg/planner/cardinality.Selectivity":[{"Input Expressions":[]},{"Result":1}]}},{"github.com/pingcap/tidb/pkg/planner/core.derivePathStatsAndTryHeuristics":{"github.com/pingcap/tidb/pkg/planner/core.deriveTablePathStats":null}},{"github.com/pingcap/tidb/pkg/planner/core.generateIndexMergePath":null},{"Access paths":[{"AccessConditions":[],"IndexFilters":[],"TableFilters":[],"CountAfterAccess":25,"CountAfterIndex":0}]}]}]},{"github.com/pingcap/tidb/pkg/planner/core.physicalOptimize":[{"github.com/pingcap/tidb/pkg/planner/cardinality.Selectivity":[{"Input Expressions":["like(tuner_db.part.p_name, %dim%, 92)"]},{"github.com/pingcap/tidb/pkg/planner/cardinality.GetRowCountByColumnRanges":[{"Ranges":["[NULL,+inf]"],"ID":2},{"github.com/pingcap/tidb/pkg/statistics.ColumnStatsIsInvalid":{"EssentialLoaded":false,"InValidForCollPseudo":false,"IsInvalid":true,"NDV":0,"TotalCount":0}},{"Name":"P_NAME","Result":400000}]},{"Default Selectivity":0.8},{"Result":0.8}]},{"github.com/pingcap/tidb/pkg/planner/cardinality.Selectivity":[{"Input Expressions":["like(tuner_db.part.p_name, %dim%, 92)"]},{"github.com/pingcap/tidb/pkg/planner/cardinality.GetRowCountByColumnRanges":[{"Ranges":["[NULL,+inf]"],"ID":2},{"github.com/pingcap/tidb/pkg/statistics.ColumnStatsIsInvalid":{"EssentialLoaded":false,"InValidForCollPseudo":false,"IsInvalid":true,"NDV":0,"TotalCount":0}},{"Name":"P_NAME","Result":400000}]},{"Default Selectivity":0.8},{"Result":0.8}]},{"github.com/pingcap/tidb/pkg/planner/cardinality.Selectivity":[{"Input Expressions":["like(tuner_db.part.p_name, %dim%, 92)"]},{"github.com/pingcap/tidb/pkg/planner/cardinality.GetRowCountByColumnRanges":[{"Ranges":["[NULL,+inf]"],"ID":2},{"github.com/pingcap/tidb/pkg/statistics.ColumnStatsIsInvalid":{"EssentialLoaded":false,"InValidForCollPseudo":false,"IsInvalid":true,"NDV":0,"TotalCount":0}},{"Name":"P_NAME","Result":400000}]},{"Default Selectivity":0.8},{"Result":0.8}]},{"github.com/pingcap/tidb/pkg/planner/cardinality.Selectivity":[{"Input Expressions":["like(tuner_db.part.p_name, %dim%, 92)"]},{"github.com/pingcap/tidb/pkg/planner/cardinality.GetRowCountByColumnRanges":[{"Ranges":["[NULL,+inf]"],"ID":2},{"github.com/pingcap/tidb/pkg/statistics.ColumnStatsIsInvalid":{"EssentialLoaded":false,"InValidForCollPseudo":false,"IsInvalid":true,"NDV":0,"TotalCount":0}},{"Name":"P_NAME","Result":400000}]},{"Default Selectivity":0.8},{"Result":0.8}]}]}]}}}}}]
