[{"Received Command":{"Command":"Query","ExecutedASTText":"explain analyze select\n\tps_partkey,\n\tsum(ps_supplycost * ps_availqty) as value\nfrom\n\tpartsupp,\n\tsupplier,\n\tnation\nwhere\n\tps_suppkey = s_suppkey\n\tand s_nationkey = n_nationkey\n\tand n_name = 'MOZAMBIQUE'\ngroup by\n\tps_partkey having\n\t\tsum(ps_supplycost * ps_availqty) > (\n\t\t\tselect\n\t\t\t\tsum(ps_supplycost * ps_availqty) * 0.0001000000\n\t\t\tfrom\n\t\t\t\tpartsupp,\n\t\t\t\tsupplier,\n\t\t\t\tnation\n\t\t\twhere\n\t\t\t\tps_suppkey = s_suppkey\n\t\t\t\tand s_nationkey = n_nationkey\n\t\t\t\tand n_name = 'MOZAMBIQUE'\n\t\t)\norder by\n\tvalue desc","ExecuteStmtInfo":null}},{"github.com/pingcap/tidb/pkg/planner.Optimize":{"github.com/pingcap/tidb/pkg/planner.optimize":{"github.com/pingcap/tidb/pkg/planner.Optimize":{"github.com/pingcap/tidb/pkg/planner.optimize":[{"github.com/pingcap/tidb/pkg/planner/core.DoOptimize":[{"github.com/pingcap/tidb/pkg/planner/core.logicalOptimize":[{"github.com/pingcap/tidb/pkg/planner/core.getStatsTable":{"TableName":"partsupp","TblInfoID":250,"InputPhysicalID":250,"HandleIsNil":false,"UsePartitionStats":false,"CountIsZero":false,"Uninitialized":false,"Outdated":false,"StatsTblInfo":{"Columns":[{"CMSketchInfo":null,"Name":"PS_PARTKEY","LoadingStatus":"allLoaded","ID":1,"NDV":199360,"NullCount":0,"LastUpdateVersion":455768134457229312,"TotColSize":2366984,"Correlation":1,"StatsVer":2,"HistogramSize":256,"TopNSize":-1},{"CMSketchInfo":null,"Name":"PS_SUPPKEY","LoadingStatus":"allEvicted","ID":2,"NDV":10000,"NullCount":0,"LastUpdateVersion":455768134457229312,"TotColSize":1739680,"Correlation":0.009775986969250486,"StatsVer":2,"HistogramSize":0,"TopNSize":-1},{"CMSketchInfo":null,"Name":"PS_AVAILQTY","LoadingStatus":"unInitialized","ID":3,"NDV":0,"NullCount":0,"LastUpdateVersion":455768098813247488,"TotColSize":0,"Correlation":0,"StatsVer":0,"HistogramSize":0,"TopNSize":-1},{"CMSketchInfo":null,"Name":"PS_SUPPLYCOST","LoadingStatus":"unInitialized","ID":4,"NDV":0,"NullCount":0,"LastUpdateVersion":455768098813247488,"TotColSize":0,"Correlation":0,"StatsVer":0,"HistogramSize":0,"TopNSize":-1},{"CMSketchInfo":null,"Name":"PS_COMMENT","LoadingStatus":"unInitialized","ID":5,"NDV":0,"NullCount":0,"LastUpdateVersion":455768098813247488,"TotColSize":0,"Correlation":0,"StatsVer":0,"HistogramSize":0,"TopNSize":-1}],"Indexes":[{"CMSketchInfo":null,"Name":"PRIMARY","LoadingStatus":"allLoaded","ID":1,"NDV":800000,"NullCount":0,"LastUpdateVersion":455768134457229312,"TotColSize":4106664,"Correlation":0,"StatsVer":2,"HistogramSize":256,"TopNSize":-1}],"PhysicalID":250,"Version":455768134457229312,"Count":800000,"ModifyCount":0}}},{"github.com/pingcap/tidb/pkg/planner/core.deriveStats4DataSource":[{"github.com/pingcap/tidb/pkg/planner/core.deriveStatsByFilter":{"github.com/pingcap/tidb/pkg/planner/cardinality.Selectivity":[{"Input Expressions":[]},{"Result":1}]}},{"github.com/pingcap/tidb/pkg/planner/core.derivePathStatsAndTryHeuristics":{"github.com/pingcap/tidb/pkg/planner/core.deriveTablePathStats":null}},{"github.com/pingcap/tidb/pkg/planner/core.generateIndexMergePath":null},{"Access paths":[{"IndexName":"PRIMARY","AccessConditions":[],"IndexFilters":[],"TableFilters":[],"CountAfterAccess":800000,"CountAfterIndex":0}]}]},{"github.com/pingcap/tidb/pkg/planner/core.getStatsTable":{"TableName":"supplier","TblInfoID":248,"InputPhysicalID":248,"HandleIsNil":false,"UsePartitionStats":false,"CountIsZero":false,"Uninitialized":false,"Outdated":false,"StatsTblInfo":{"Columns":[{"CMSketchInfo":null,"Name":"S_SUPPKEY","LoadingStatus":"allLoaded","ID":1,"NDV":10000,"NullCount":0,"LastUpdateVersion":455768097923268608,"TotColSize":21746,"Correlation":1,"StatsVer":2,"HistogramSize":250,"TopNSize":-1},{"CMSketchInfo":null,"Name":"S_NAME","LoadingStatus":"unInitialized","ID":2,"NDV":0,"NullCount":0,"LastUpdateVersion":0,"TotColSize":0,"Correlation":0,"StatsVer":0,"HistogramSize":0,"TopNSize":-1},{"CMSketchInfo":null,"Name":"S_ADDRESS","LoadingStatus":"unInitialized","ID":3,"NDV":0,"NullCount":0,"LastUpdateVersion":0,"TotColSize":0,"Correlation":0,"StatsVer":0,"HistogramSize":0,"TopNSize":-1},{"CMSketchInfo":null,"Name":"S_NATIONKEY","LoadingStatus":"unInitialized","ID":4,"NDV":0,"NullCount":0,"LastUpdateVersion":0,"TotColSize":0,"Correlation":0,"StatsVer":0,"HistogramSize":0,"TopNSize":-1},{"CMSketchInfo":null,"Name":"S_PHONE","LoadingStatus":"unInitialized","ID":5,"NDV":0,"NullCount":0,"LastUpdateVersion":0,"TotColSize":0,"Correlation":0,"StatsVer":0,"HistogramSize":0,"TopNSize":-1},{"CMSketchInfo":null,"Name":"S_ACCTBAL","LoadingStatus":"unInitialized","ID":6,"NDV":0,"NullCount":0,"LastUpdateVersion":0,"TotColSize":0,"Correlation":0,"StatsVer":0,"HistogramSize":0,"TopNSize":-1},{"CMSketchInfo":null,"Name":"S_COMMENT","LoadingStatus":"unInitialized","ID":7,"NDV":0,"NullCount":0,"LastUpdateVersion":0,"TotColSize":0,"Correlation":0,"StatsVer":0,"HistogramSize":0,"TopNSize":-1}],"Indexes":[],"PhysicalID":248,"Version":455768099364536320,"Count":20000,"ModifyCount":10000}}},{"github.com/pingcap/tidb/pkg/planner/core.deriveStats4DataSource":[{"github.com/pingcap/tidb/pkg/planner/core.deriveStatsByFilter":{"github.com/pingcap/tidb/pkg/planner/cardinality.Selectivity":[{"Input Expressions":[]},{"Result":1}]}},{"github.com/pingcap/tidb/pkg/planner/core.derivePathStatsAndTryHeuristics":{"github.com/pingcap/tidb/pkg/planner/core.deriveTablePathStats":null}},{"github.com/pingcap/tidb/pkg/planner/core.generateIndexMergePath":null},{"Access paths":[{"AccessConditions":[],"IndexFilters":[],"TableFilters":[],"CountAfterAccess":20000,"CountAfterIndex":0}]}]},{"github.com/pingcap/tidb/pkg/planner/core.getStatsTable":{"TableName":"nation","TblInfoID":242,"InputPhysicalID":242,"HandleIsNil":false,"UsePartitionStats":false,"CountIsZero":false,"Uninitialized":false,"Outdated":false,"StatsTblInfo":{"Columns":[{"CMSketchInfo":null,"Name":"N_NATIONKEY","LoadingStatus":"allLoaded","ID":1,"NDV":25,"NullCount":0,"LastUpdateVersion":455768116872085504,"TotColSize":25,"Correlation":1,"StatsVer":2,"HistogramSize":0,"TopNSize":25},{"CMSketchInfo":null,"Name":"N_NAME","LoadingStatus":"unInitialized","ID":2,"NDV":0,"NullCount":0,"LastUpdateVersion":0,"TotColSize":0,"Correlation":0,"StatsVer":0,"HistogramSize":0,"TopNSize":-1},{"CMSketchInfo":null,"Name":"N_REGIONKEY","LoadingStatus":"unInitialized","ID":3,"NDV":0,"NullCount":0,"LastUpdateVersion":0,"TotColSize":0,"Correlation":0,"StatsVer":0,"HistogramSize":0,"TopNSize":-1},{"CMSketchInfo":null,"Name":"N_COMMENT","LoadingStatus":"unInitialized","ID":4,"NDV":0,"NullCount":0,"LastUpdateVersion":0,"TotColSize":0,"Correlation":0,"StatsVer":0,"HistogramSize":0,"TopNSize":-1}],"Indexes":[],"PhysicalID":242,"Version":455768116872085504,"Count":25,"ModifyCount":0}}},{"github.com/pingcap/tidb/pkg/planner/core.deriveStats4DataSource":[{"github.com/pingcap/tidb/pkg/planner/core.deriveStatsByFilter":{"github.com/pingcap/tidb/pkg/planner/cardinality.Selectivity":[{"Input Expressions":["eq(tuner_db.nation.n_name, MOZAMBIQUE)"]},{"github.com/pingcap/tidb/pkg/planner/cardinality.GetRowCountByColumnRanges":[{"Ranges":["[\"MOZAMBIQUE\",\"MOZAMBIQUE\"]"],"ID":47},{"github.com/pingcap/tidb/pkg/statistics.ColumnStatsIsInvalid":{"EssentialLoaded":false,"InValidForCollPseudo":false,"IsInvalid":true,"NDV":0,"TotalCount":0}},{"Name":"N_NAME","Result":0.025}]},{"Expressions":["eq(tuner_db.nation.n_name, MOZAMBIQUE)"],"Selectivity":0.001,"partial cover":false},{"Result":0.001}]}},{"github.com/pingcap/tidb/pkg/planner/core.derivePathStatsAndTryHeuristics":{"github.com/pingcap/tidb/pkg/planner/core.deriveTablePathStats":{"github.com/pingcap/tidb/pkg/planner/cardinality.GetRowCountByIntColumnRanges":[{"Ranges":["[-inf,+inf]"],"ID":1},{"github.com/pingcap/tidb/pkg/statistics.ColumnStatsIsInvalid":{"EssentialLoaded":true,"InValidForCollPseudo":false,"IsInvalid":false,"NDV":25,"TotalCount":25}},{"Histogram NotNull Count":0,"Increase Factor":1,"TopN total count":25},{"github.com/pingcap/tidb/pkg/planner/cardinality.GetColumnRowCount":[{"Start estimate range":{"Range":"[-inf,+inf]","LowValueEncoded":"AwAAAAAAAAAA","HighValueEncoded":"A///////////","CurrentRowCount":0}},{"github.com/pingcap/tidb/pkg/statistics.(*Histogram).LessRowCountWithBktIdx":{"Bucket idx":0,"Result":0}},{"github.com/pingcap/tidb/pkg/statistics.(*Histogram).LessRowCountWithBktIdx":{"Bucket idx":0,"Result":0}},{"github.com/pingcap/tidb/pkg/statistics.(*Histogram).EqualRowCount":[{"Locate value in buckets":{"Value":"KindInt64 -9223372036854775808","BucketIdx":0,"Exceed":true,"InBucket":false,"MatchLastValue":false}},{"Count":0,"Matched":false}]},{"github.com/pingcap/tidb/pkg/statistics.(*TopN).BetweenCount":[{"Related TopN Range":{"FirstEncoded":"A4AAAAAAAAAA","LastEncoded":"A4AAAAAAAAAY","Count":[1,1,1,1,1,1,1,1,1,1,1,1,1,1,1,1,1,1,1,1,1,1,1,1,1],"FirstIdx":0,"LastIdx":24}},{"Result":25}]},{"github.com/pingcap/tidb/pkg/planner/cardinality.equalRowCountOnColumn":[{"Encoded":"A///////////","Value":"KindInt64 9223372036854775807"},{"github.com/pingcap/tidb/pkg/statistics.(*TopN).QueryTopN":[{"FindTopN idx":-1},{"Found":false,"Result":0}]},{"github.com/pingcap/tidb/pkg/statistics.(*Histogram).EqualRowCount":[{"Locate value in buckets":{"Value":"KindInt64 9223372036854775807","BucketIdx":0,"Exceed":true,"InBucket":false,"MatchLastValue":false}},{"Count":0,"Matched":false}]},{"Error":null,"Result":0}]},{"End estimate range":{"RowCount":25,"Type":"Range"}}]},{"Name":"N_NATIONKEY","Result":25}]}}},{"github.com/pingcap/tidb/pkg/planner/core.generateIndexMergePath":null},{"Access paths":[{"AccessConditions":[],"IndexFilters":[],"TableFilters":["eq(tuner_db.nation.n_name, MOZAMBIQUE)"],"CountAfterAccess":25,"CountAfterIndex":0}]}]}]},{"github.com/pingcap/tidb/pkg/planner/core.physicalOptimize":[{"github.com/pingcap/tidb/pkg/planner/cardinality.Selectivity":[{"Input Expressions":["eq(tuner_db.nation.n_name, MOZAMBIQUE)"]},{"github.com/pingcap/tidb/pkg/planner/cardinality.GetRowCountByColumnRanges":[{"Ranges":["[\"MOZAMBIQUE\",\"MOZAMBIQUE\"]"],"ID":47},{"github.com/pingcap/tidb/pkg/statistics.ColumnStatsIsInvalid":{"EssentialLoaded":false,"InValidForCollPseudo":false,"IsInvalid":true,"NDV":0,"TotalCount":0}},{"Name":"N_NAME","Result":0.025}]},{"Expressions":["eq(tuner_db.nation.n_name, MOZAMBIQUE)"],"Selectivity":0.001,"partial cover":false},{"Result":0.001}]},{"github.com/pingcap/tidb/pkg/planner/cardinality.Selectivity":[{"Input Expressions":["eq(tuner_db.nation.n_name, MOZAMBIQUE)"]},{"github.com/pingcap/tidb/pkg/planner/cardinality.GetRowCountByColumnRanges":[{"Ranges":["[\"MOZAMBIQUE\",\"MOZAMBIQUE\"]"],"ID":47},{"github.com/pingcap/tidb/pkg/statistics.ColumnStatsIsInvalid":{"EssentialLoaded":false,"InValidForCollPseudo":false,"IsInvalid":true,"NDV":0,"TotalCount":0}},{"Name":"N_NAME","Result":0.025}]},{"Expressions":["eq(tuner_db.nation.n_name, MOZAMBIQUE)"],"Selectivity":0.001,"partial cover":false},{"Result":0.001}]}]}]},{"github.com/pingcap/tidb/pkg/planner/core.DoOptimize":[{"github.com/pingcap/tidb/pkg/planner/core.logicalOptimize":[{"github.com/pingcap/tidb/pkg/planner/core.getStatsTable":{"TableName":"partsupp","TblInfoID":250,"InputPhysicalID":250,"HandleIsNil":false,"UsePartitionStats":false,"CountIsZero":false,"Uninitialized":false,"Outdated":false,"StatsTblInfo":{"Columns":[{"CMSketchInfo":null,"Name":"PS_PARTKEY","LoadingStatus":"allLoaded","ID":1,"NDV":199360,"NullCount":0,"LastUpdateVersion":455768134457229312,"TotColSize":2366984,"Correlation":1,"StatsVer":2,"HistogramSize":256,"TopNSize":-1},{"CMSketchInfo":null,"Name":"PS_SUPPKEY","LoadingStatus":"allEvicted","ID":2,"NDV":10000,"NullCount":0,"LastUpdateVersion":455768134457229312,"TotColSize":1739680,"Correlation":0.009775986969250486,"StatsVer":2,"HistogramSize":0,"TopNSize":-1},{"CMSketchInfo":null,"Name":"PS_AVAILQTY","LoadingStatus":"unInitialized","ID":3,"NDV":0,"NullCount":0,"LastUpdateVersion":455768098813247488,"TotColSize":0,"Correlation":0,"StatsVer":0,"HistogramSize":0,"TopNSize":-1},{"CMSketchInfo":null,"Name":"PS_SUPPLYCOST","LoadingStatus":"unInitialized","ID":4,"NDV":0,"NullCount":0,"LastUpdateVersion":455768098813247488,"TotColSize":0,"Correlation":0,"StatsVer":0,"HistogramSize":0,"TopNSize":-1},{"CMSketchInfo":null,"Name":"PS_COMMENT","LoadingStatus":"unInitialized","ID":5,"NDV":0,"NullCount":0,"LastUpdateVersion":455768098813247488,"TotColSize":0,"Correlation":0,"StatsVer":0,"HistogramSize":0,"TopNSize":-1}],"Indexes":[{"CMSketchInfo":null,"Name":"PRIMARY","LoadingStatus":"allLoaded","ID":1,"NDV":800000,"NullCount":0,"LastUpdateVersion":455768134457229312,"TotColSize":4106664,"Correlation":0,"StatsVer":2,"HistogramSize":256,"TopNSize":-1}],"PhysicalID":250,"Version":455768134457229312,"Count":800000,"ModifyCount":0}}},{"github.com/pingcap/tidb/pkg/planner/core.deriveStats4DataSource":[{"github.com/pingcap/tidb/pkg/planner/core.deriveStatsByFilter":{"github.com/pingcap/tidb/pkg/planner/cardinality.Selectivity":[{"Input Expressions":[]},{"Result":1}]}},{"github.com/pingcap/tidb/pkg/planner/core.derivePathStatsAndTryHeuristics":{"github.com/pingcap/tidb/pkg/planner/core.deriveTablePathStats":null}},{"github.com/pingcap/tidb/pkg/planner/core.generateIndexMergePath":null},{"Access paths":[{"IndexName":"PRIMARY","AccessConditions":[],"IndexFilters":[],"TableFilters":[],"CountAfterAccess":800000,"CountAfterIndex":0}]}]},{"github.com/pingcap/tidb/pkg/planner/core.getStatsTable":{"TableName":"supplier","TblInfoID":248,"InputPhysicalID":248,"HandleIsNil":false,"UsePartitionStats":false,"CountIsZero":false,"Uninitialized":false,"Outdated":false,"StatsTblInfo":{"Columns":[{"CMSketchInfo":null,"Name":"S_SUPPKEY","LoadingStatus":"allLoaded","ID":1,"NDV":10000,"NullCount":0,"LastUpdateVersion":455768097923268608,"TotColSize":21746,"Correlation":1,"StatsVer":2,"HistogramSize":250,"TopNSize":-1},{"CMSketchInfo":null,"Name":"S_NAME","LoadingStatus":"unInitialized","ID":2,"NDV":0,"NullCount":0,"LastUpdateVersion":0,"TotColSize":0,"Correlation":0,"StatsVer":0,"HistogramSize":0,"TopNSize":-1},{"CMSketchInfo":null,"Name":"S_ADDRESS","LoadingStatus":"unInitialized","ID":3,"NDV":0,"NullCount":0,"LastUpdateVersion":0,"TotColSize":0,"Correlation":0,"StatsVer":0,"HistogramSize":0,"TopNSize":-1},{"CMSketchInfo":null,"Name":"S_NATIONKEY","LoadingStatus":"unInitialized","ID":4,"NDV":0,"NullCount":0,"LastUpdateVersion":0,"TotColSize":0,"Correlation":0,"StatsVer":0,"HistogramSize":0,"TopNSize":-1},{"CMSketchInfo":null,"Name":"S_PHONE","LoadingStatus":"unInitialized","ID":5,"NDV":0,"NullCount":0,"LastUpdateVersion":0,"TotColSize":0,"Correlation":0,"StatsVer":0,"HistogramSize":0,"TopNSize":-1},{"CMSketchInfo":null,"Name":"S_ACCTBAL","LoadingStatus":"unInitialized","ID":6,"NDV":0,"NullCount":0,"LastUpdateVersion":0,"TotColSize":0,"Correlation":0,"StatsVer":0,"HistogramSize":0,"TopNSize":-1},{"CMSketchInfo":null,"Name":"S_COMMENT","LoadingStatus":"unInitialized","ID":7,"NDV":0,"NullCount":0,"LastUpdateVersion":0,"TotColSize":0,"Correlation":0,"StatsVer":0,"HistogramSize":0,"TopNSize":-1}],"Indexes":[],"PhysicalID":248,"Version":455768099364536320,"Count":20000,"ModifyCount":10000}}},{"github.com/pingcap/tidb/pkg/planner/core.deriveStats4DataSource":[{"github.com/pingcap/tidb/pkg/planner/core.deriveStatsByFilter":{"github.com/pingcap/tidb/pkg/planner/cardinality.Selectivity":[{"Input Expressions":[]},{"Result":1}]}},{"github.com/pingcap/tidb/pkg/planner/core.derivePathStatsAndTryHeuristics":{"github.com/pingcap/tidb/pkg/planner/core.deriveTablePathStats":null}},{"github.com/pingcap/tidb/pkg/planner/core.generateIndexMergePath":null},{"Access paths":[{"AccessConditions":[],"IndexFilters":[],"TableFilters":[],"CountAfterAccess":20000,"CountAfterIndex":0}]}]},{"github.com/pingcap/tidb/pkg/planner/core.getStatsTable":{"TableName":"nation","TblInfoID":242,"InputPhysicalID":242,"HandleIsNil":false,"UsePartitionStats":false,"CountIsZero":false,"Uninitialized":false,"Outdated":false,"StatsTblInfo":{"Columns":[{"CMSketchInfo":null,"Name":"N_NATIONKEY","LoadingStatus":"allLoaded","ID":1,"NDV":25,"NullCount":0,"LastUpdateVersion":455768116872085504,"TotColSize":25,"Correlation":1,"StatsVer":2,"HistogramSize":0,"TopNSize":25},{"CMSketchInfo":null,"Name":"N_NAME","LoadingStatus":"unInitialized","ID":2,"NDV":0,"NullCount":0,"LastUpdateVersion":0,"TotColSize":0,"Correlation":0,"StatsVer":0,"HistogramSize":0,"TopNSize":-1},{"CMSketchInfo":null,"Name":"N_REGIONKEY","LoadingStatus":"unInitialized","ID":3,"NDV":0,"NullCount":0,"LastUpdateVersion":0,"TotColSize":0,"Correlation":0,"StatsVer":0,"HistogramSize":0,"TopNSize":-1},{"CMSketchInfo":null,"Name":"N_COMMENT","LoadingStatus":"unInitialized","ID":4,"NDV":0,"NullCount":0,"LastUpdateVersion":0,"TotColSize":0,"Correlation":0,"StatsVer":0,"HistogramSize":0,"TopNSize":-1}],"Indexes":[],"PhysicalID":242,"Version":455768116872085504,"Count":25,"ModifyCount":0}}},{"github.com/pingcap/tidb/pkg/planner/core.deriveStats4DataSource":[{"github.com/pingcap/tidb/pkg/planner/core.deriveStatsByFilter":{"github.com/pingcap/tidb/pkg/planner/cardinality.Selectivity":[{"Input Expressions":["eq(tuner_db.nation.n_name, MOZAMBIQUE)"]},{"github.com/pingcap/tidb/pkg/planner/cardinality.GetRowCountByColumnRanges":[{"Ranges":["[\"MOZAMBIQUE\",\"MOZAMBIQUE\"]"],"ID":14},{"github.com/pingcap/tidb/pkg/statistics.ColumnStatsIsInvalid":{"EssentialLoaded":false,"InValidForCollPseudo":false,"IsInvalid":true,"NDV":0,"TotalCount":0}},{"Name":"N_NAME","Result":0.025}]},{"Expressions":["eq(tuner_db.nation.n_name, MOZAMBIQUE)"],"Selectivity":0.001,"partial cover":false},{"Result":0.001}]}},{"github.com/pingcap/tidb/pkg/planner/core.derivePathStatsAndTryHeuristics":{"github.com/pingcap/tidb/pkg/planner/core.deriveTablePathStats":{"github.com/pingcap/tidb/pkg/planner/cardinality.GetRowCountByIntColumnRanges":[{"Ranges":["[-inf,+inf]"],"ID":1},{"github.com/pingcap/tidb/pkg/statistics.ColumnStatsIsInvalid":{"EssentialLoaded":true,"InValidForCollPseudo":false,"IsInvalid":false,"NDV":25,"TotalCount":25}},{"Histogram NotNull Count":0,"Increase Factor":1,"TopN total count":25},{"github.com/pingcap/tidb/pkg/planner/cardinality.GetColumnRowCount":[{"Start estimate range":{"Range":"[-inf,+inf]","LowValueEncoded":"AwAAAAAAAAAA","HighValueEncoded":"A///////////","CurrentRowCount":0}},{"github.com/pingcap/tidb/pkg/statistics.(*Histogram).LessRowCountWithBktIdx":{"Bucket idx":0,"Result":0}},{"github.com/pingcap/tidb/pkg/statistics.(*Histogram).LessRowCountWithBktIdx":{"Bucket idx":0,"Result":0}},{"github.com/pingcap/tidb/pkg/statistics.(*Histogram).EqualRowCount":[{"Locate value in buckets":{"Value":"KindInt64 -9223372036854775808","BucketIdx":0,"Exceed":true,"InBucket":false,"MatchLastValue":false}},{"Count":0,"Matched":false}]},{"github.com/pingcap/tidb/pkg/statistics.(*TopN).BetweenCount":[{"Related TopN Range":{"FirstEncoded":"A4AAAAAAAAAA","LastEncoded":"A4AAAAAAAAAY","Count":[1,1,1,1,1,1,1,1,1,1,1,1,1,1,1,1,1,1,1,1,1,1,1,1,1],"FirstIdx":0,"LastIdx":24}},{"Result":25}]},{"github.com/pingcap/tidb/pkg/planner/cardinality.equalRowCountOnColumn":[{"Encoded":"A///////////","Value":"KindInt64 9223372036854775807"},{"github.com/pingcap/tidb/pkg/statistics.(*TopN).QueryTopN":[{"FindTopN idx":-1},{"Found":false,"Result":0}]},{"github.com/pingcap/tidb/pkg/statistics.(*Histogram).EqualRowCount":[{"Locate value in buckets":{"Value":"KindInt64 9223372036854775807","BucketIdx":0,"Exceed":true,"InBucket":false,"MatchLastValue":false}},{"Count":0,"Matched":false}]},{"Error":null,"Result":0}]},{"End estimate range":{"RowCount":25,"Type":"Range"}}]},{"Name":"N_NATIONKEY","Result":25}]}}},{"github.com/pingcap/tidb/pkg/planner/core.generateIndexMergePath":null},{"Access paths":[{"AccessConditions":[],"IndexFilters":[],"TableFilters":["eq(tuner_db.nation.n_name, MOZAMBIQUE)"],"CountAfterAccess":25,"CountAfterIndex":0}]}]}]},{"github.com/pingcap/tidb/pkg/planner/core.physicalOptimize":[{"github.com/pingcap/tidb/pkg/planner/cardinality.Selectivity":[{"Input Expressions":["eq(tuner_db.nation.n_name, MOZAMBIQUE)"]},{"github.com/pingcap/tidb/pkg/planner/cardinality.GetRowCountByColumnRanges":[{"Ranges":["[\"MOZAMBIQUE\",\"MOZAMBIQUE\"]"],"ID":14},{"github.com/pingcap/tidb/pkg/statistics.ColumnStatsIsInvalid":{"EssentialLoaded":false,"InValidForCollPseudo":false,"IsInvalid":true,"NDV":0,"TotalCount":0}},{"Name":"N_NAME","Result":0.025}]},{"Expressions":["eq(tuner_db.nation.n_name, MOZAMBIQUE)"],"Selectivity":0.001,"partial cover":false},{"Result":0.001}]},{"github.com/pingcap/tidb/pkg/planner/cardinality.Selectivity":[{"Input Expressions":["eq(tuner_db.nation.n_name, MOZAMBIQUE)"]},{"github.com/pingcap/tidb/pkg/planner/cardinality.GetRowCountByColumnRanges":[{"Ranges":["[\"MOZAMBIQUE\",\"MOZAMBIQUE\"]"],"ID":14},{"github.com/pingcap/tidb/pkg/statistics.ColumnStatsIsInvalid":{"EssentialLoaded":false,"InValidForCollPseudo":false,"IsInvalid":true,"NDV":0,"TotalCount":0}},{"Name":"N_NAME","Result":0.025}]},{"Expressions":["eq(tuner_db.nation.n_name, MOZAMBIQUE)"],"Selectivity":0.001,"partial cover":false},{"Result":0.001}]}]}]}]}}}}]
