[{"Received Command":{"Command":"Query","ExecutedASTText":"explain analyze select\n\t100.00 * sum(case\n\t\twhen p_type like 'PROMO%'\n\t\t\tthen l_extendedprice * (1 - l_discount)\n\t\telse 0\n\tend) / sum(l_extendedprice * (1 - l_discount)) as promo_revenue\nfrom\n\tlineitem,\n\tpart\nwhere\n\tl_partkey = p_partkey\n\tand l_shipdate >= '1996-12-01'\n\tand l_shipdate < date_add('1996-12-01', interval '1' month)","ExecuteStmtInfo":null}},{"github.com/pingcap/tidb/pkg/planner.Optimize":{"github.com/pingcap/tidb/pkg/planner.optimize":{"github.com/pingcap/tidb/pkg/planner.Optimize":{"github.com/pingcap/tidb/pkg/planner.optimize":{"github.com/pingcap/tidb/pkg/planner/core.DoOptimize":[{"github.com/pingcap/tidb/pkg/planner/core.logicalOptimize":[{"github.com/pingcap/tidb/pkg/planner/core.getStatsTable":{"TableName":"lineitem","TblInfoID":256,"InputPhysicalID":256,"HandleIsNil":false,"UsePartitionStats":false,"CountIsZero":false,"Uninitialized":false,"Outdated":false,"StatsTblInfo":{"Columns":[{"CMSketchInfo":null,"Name":"L_ORDERKEY","LoadingStatus":"allLoaded","ID":1,"NDV":1507328,"NullCount":0,"LastUpdateVersion":455768133660573696,"TotColSize":22947964,"Correlation":1,"StatsVer":2,"HistogramSize":256,"TopNSize":-1},{"CMSketchInfo":null,"Name":"L_PARTKEY","LoadingStatus":"unInitialized","ID":2,"NDV":0,"NullCount":0,"LastUpdateVersion":0,"TotColSize":0,"Correlation":0,"StatsVer":0,"HistogramSize":0,"TopNSize":-1},{"CMSketchInfo":null,"Name":"L_SUPPKEY","LoadingStatus":"unInitialized","ID":3,"NDV":0,"NullCount":0,"LastUpdateVersion":0,"TotColSize":0,"Correlation":0,"StatsVer":0,"HistogramSize":0,"TopNSize":-1},{"CMSketchInfo":null,"Name":"L_QUANTITY","LoadingStatus":"unInitialized","ID":5,"NDV":0,"NullCount":0,"LastUpdateVersion":0,"TotColSize":0,"Correlation":0,"StatsVer":0,"HistogramSize":0,"TopNSize":-1},{"CMSketchInfo":null,"Name":"L_EXTENDEDPRICE","LoadingStatus":"unInitialized","ID":6,"NDV":0,"NullCount":0,"LastUpdateVersion":0,"TotColSize":0,"Correlation":0,"StatsVer":0,"HistogramSize":0,"TopNSize":-1},{"CMSketchInfo":null,"Name":"L_DISCOUNT","LoadingStatus":"unInitialized","ID":7,"NDV":0,"NullCount":0,"LastUpdateVersion":0,"TotColSize":0,"Correlation":0,"StatsVer":0,"HistogramSize":0,"TopNSize":-1},{"CMSketchInfo":null,"Name":"L_RETURNFLAG","LoadingStatus":"unInitialized","ID":9,"NDV":0,"NullCount":0,"LastUpdateVersion":0,"TotColSize":0,"Correlation":0,"StatsVer":0,"HistogramSize":0,"TopNSize":-1},{"CMSketchInfo":null,"Name":"L_LINESTATUS","LoadingStatus":"unInitialized","ID":10,"NDV":0,"NullCount":0,"LastUpdateVersion":0,"TotColSize":0,"Correlation":0,"StatsVer":0,"HistogramSize":0,"TopNSize":-1},{"CMSketchInfo":null,"Name":"L_SHIPDATE","LoadingStatus":"unInitialized","ID":11,"NDV":0,"NullCount":0,"LastUpdateVersion":0,"TotColSize":0,"Correlation":0,"StatsVer":0,"HistogramSize":0,"TopNSize":-1},{"CMSketchInfo":null,"Name":"L_COMMITDATE","LoadingStatus":"unInitialized","ID":12,"NDV":0,"NullCount":0,"LastUpdateVersion":0,"TotColSize":0,"Correlation":0,"StatsVer":0,"HistogramSize":0,"TopNSize":-1},{"CMSketchInfo":null,"Name":"L_RECEIPTDATE","LoadingStatus":"unInitialized","ID":13,"NDV":0,"NullCount":0,"LastUpdateVersion":0,"TotColSize":0,"Correlation":0,"StatsVer":0,"HistogramSize":0,"TopNSize":-1},{"CMSketchInfo":null,"Name":"L_SHIPINSTRUCT","LoadingStatus":"unInitialized","ID":14,"NDV":0,"NullCount":0,"LastUpdateVersion":0,"TotColSize":0,"Correlation":0,"StatsVer":0,"HistogramSize":0,"TopNSize":-1},{"CMSketchInfo":null,"Name":"L_SHIPMODE","LoadingStatus":"unInitialized","ID":15,"NDV":0,"NullCount":0,"LastUpdateVersion":0,"TotColSize":0,"Correlation":0,"StatsVer":0,"HistogramSize":0,"TopNSize":-1}],"Indexes":[{"CMSketchInfo":null,"Name":"PRIMARY","LoadingStatus":"allLoaded","ID":1,"NDV":5982208,"NullCount":0,"LastUpdateVersion":455768133660573696,"TotColSize":0,"Correlation":0,"StatsVer":2,"HistogramSize":256,"TopNSize":-1}],"PhysicalID":256,"Version":455768133660573696,"Count":6001215,"ModifyCount":0}}},{"github.com/pingcap/tidb/pkg/planner/core.deriveStats4DataSource":[{"github.com/pingcap/tidb/pkg/planner/core.deriveStatsByFilter":{"github.com/pingcap/tidb/pkg/planner/cardinality.Selectivity":[{"Input Expressions":["ge(tuner_db.lineitem.l_shipdate, 1996-12-01 00:00:00.000000)","lt(tuner_db.lineitem.l_shipdate, 1997-01-01 00:00:00.000000)"]},{"github.com/pingcap/tidb/pkg/planner/cardinality.GetRowCountByColumnRanges":[{"Ranges":["[1996-12-01,1997-01-01)"],"ID":11},{"github.com/pingcap/tidb/pkg/statistics.ColumnStatsIsInvalid":{"EssentialLoaded":false,"InValidForCollPseudo":false,"IsInvalid":true,"NDV":0,"TotalCount":0}},{"Name":"L_SHIPDATE","Result":150030.375}]},{"Expressions":["ge(tuner_db.lineitem.l_shipdate, 1996-12-01 00:00:00.000000)","lt(tuner_db.lineitem.l_shipdate, 1997-01-01 00:00:00.000000)"],"Selectivity":0.025,"partial cover":false},{"Result":0.025}]}},{"github.com/pingcap/tidb/pkg/planner/core.derivePathStatsAndTryHeuristics":{"github.com/pingcap/tidb/pkg/planner/core.deriveTablePathStats":null}},{"github.com/pingcap/tidb/pkg/planner/core.generateIndexMergePath":null},{"Access paths":[{"IndexName":"PRIMARY","AccessConditions":[],"IndexFilters":[],"TableFilters":["ge(tuner_db.lineitem.l_shipdate, 1996-12-01 00:00:00.000000)","lt(tuner_db.lineitem.l_shipdate, 1997-01-01 00:00:00.000000)"],"CountAfterAccess":6001215,"CountAfterIndex":0}]}]},{"github.com/pingcap/tidb/pkg/planner/core.getStatsTable":{"TableName":"part","TblInfoID":246,"InputPhysicalID":246,"HandleIsNil":false,"UsePartitionStats":false,"CountIsZero":false,"Uninitialized":false,"Outdated":false,"StatsTblInfo":{"Columns":[{"CMSketchInfo":null,"Name":"P_PARTKEY","LoadingStatus":"allLoaded","ID":1,"NDV":199360,"NullCount":0,"LastUpdateVersion":455768097904394240,"TotColSize":591746,"Correlation":1,"StatsVer":2,"HistogramSize":256,"TopNSize":-1},{"CMSketchInfo":null,"Name":"P_NAME","LoadingStatus":"unInitialized","ID":2,"NDV":0,"NullCount":0,"LastUpdateVersion":0,"TotColSize":0,"Correlation":0,"StatsVer":0,"HistogramSize":0,"TopNSize":-1},{"CMSketchInfo":null,"Name":"P_MFGR","LoadingStatus":"unInitialized","ID":3,"NDV":0,"NullCount":0,"LastUpdateVersion":0,"TotColSize":0,"Correlation":0,"StatsVer":0,"HistogramSize":0,"TopNSize":-1},{"CMSketchInfo":null,"Name":"P_BRAND","LoadingStatus":"unInitialized","ID":4,"NDV":0,"NullCount":0,"LastUpdateVersion":0,"TotColSize":0,"Correlation":0,"StatsVer":0,"HistogramSize":0,"TopNSize":-1},{"CMSketchInfo":null,"Name":"P_TYPE","LoadingStatus":"unInitialized","ID":5,"NDV":0,"NullCount":0,"LastUpdateVersion":0,"TotColSize":0,"Correlation":0,"StatsVer":0,"HistogramSize":0,"TopNSize":-1},{"CMSketchInfo":null,"Name":"P_SIZE","LoadingStatus":"unInitialized","ID":6,"NDV":0,"NullCount":0,"LastUpdateVersion":0,"TotColSize":0,"Correlation":0,"StatsVer":0,"HistogramSize":0,"TopNSize":-1},{"CMSketchInfo":null,"Name":"P_CONTAINER","LoadingStatus":"unInitialized","ID":7,"NDV":0,"NullCount":0,"LastUpdateVersion":0,"TotColSize":0,"Correlation":0,"StatsVer":0,"HistogramSize":0,"TopNSize":-1},{"CMSketchInfo":null,"Name":"P_RETAILPRICE","LoadingStatus":"unInitialized","ID":8,"NDV":0,"NullCount":0,"LastUpdateVersion":0,"TotColSize":0,"Correlation":0,"StatsVer":0,"HistogramSize":0,"TopNSize":-1},{"CMSketchInfo":null,"Name":"P_COMMENT","LoadingStatus":"unInitialized","ID":9,"NDV":0,"NullCount":0,"LastUpdateVersion":0,"TotColSize":0,"Correlation":0,"StatsVer":0,"HistogramSize":0,"TopNSize":-1}],"Indexes":[],"PhysicalID":246,"Version":455768099364536320,"Count":400000,"ModifyCount":200000}}},{"github.com/pingcap/tidb/pkg/planner/core.deriveStats4DataSource":[{"github.com/pingcap/tidb/pkg/planner/core.deriveStatsByFilter":{"github.com/pingcap/tidb/pkg/planner/cardinality.Selectivity":[{"Input Expressions":[]},{"Result":1}]}},{"github.com/pingcap/tidb/pkg/planner/core.derivePathStatsAndTryHeuristics":{"github.com/pingcap/tidb/pkg/planner/core.deriveTablePathStats":null}},{"github.com/pingcap/tidb/pkg/planner/core.generateIndexMergePath":null},{"Access paths":[{"AccessConditions":[],"IndexFilters":[],"TableFilters":[],"CountAfterAccess":400000,"CountAfterIndex":0}]}]}]},{"github.com/pingcap/tidb/pkg/planner/core.physicalOptimize":null}]}}}}}]
